Manufacturer,Model,Type,Min.Price,Price,Max.Price,MPG.city,MPG.highway,AirBags,RPM,EngineSize
Audi,Model_0,Compact,19.9,16.5,31.3,34,29,Driver & Passenger,6353,1.3
Honda,Model_1,Sport,26.4,48.6,25.5,33,23,Driver only,6403,4.5
Mercedes-Benz,Model_2,Midsize,36.7,49.2,52.9,37,42,Driver & Passenger,4986,4.1
Hyundai,Model_3,Small,14.6,10.9,24.2,29,27,Driver & Passenger,5613,4.7
Volkswagen,Model_4,Midsize,36.5,12.5,39.6,20,30,Driver & Passenger,5178,1.7
Mazda,Model_5,Small,35.9,51.3,17.9,27,36,Driver & Passenger,4695,3.3
Mercedes-Benz,Model_6,SUV,28.2,15.5,32.5,32,26,Driver only,5525,1.1
Nissan,Model_7,Sport,40.1,37.9,16.1,32,30,Driver & Passenger,4327,1.7
Audi,Model_8,Van,13.3,37.9,27.0,15,41,Driver only,5697,4.2
Kia,Model_9,Sport,30.2,49.1,47.3,35,29,Driver & Passenger,5755,2.1
Chevrolet,Model_10,SUV,24.9,35.8,64.5,37,20,Driver & Passenger,4727,1.8
Audi,Model_11,Large,23.9,29.5,25.5,35,27,Driver & Passenger,4656,3.2
Volkswagen,Model_12,Large,17.7,53.8,37.1,25,24,Driver & Passenger,4377,3.6
Volkswagen,Model_13,Large,22.1,20.3,35.7,30,32,Driver only,5272,3.4
Mazda,Model_14,Sport,12.4,21.8,21.8,15,26,Driver & Passenger,6419,1.4
Nissan,Model_15,Compact,17.7,13.8,44.3,33,43,Driver & Passenger,6373,4.7
Honda,Model_16,Sport,18.4,53.9,50.4,22,42,Driver & Passenger,4466,1.7
Mazda,Model_17,SUV,34.8,41.8,19.8,33,30,None,5024,4.7
Mazda,Model_18,SUV,10.3,10.5,52.1,37,31,Driver & Passenger,5731,2.9
Chevrolet,Model_19,Van,32.3,41.7,49.1,30,33,Driver & Passenger,6328,1.4
BMW,Model_20,Midsize,16.6,28.2,22.5,17,31,Driver only,5900,1.6
Nissan,Model_21,Sport,11.5,53.5,46.4,16,45,Driver & Passenger,4627,2.7
Ford,Model_22,Sport,19.5,22.5,32.9,26,47,Driver & Passenger,6105,5.0
Mazda,Model_23,Small,16.7,42.0,48.1,24,20,Driver & Passenger,6476,4.5
Subaru,Model_24,SUV,28.6,38.2,38.3,36,25,Driver & Passenger,6069,4.9
Lexus,Model_25,Small,21.5,10.5,14.6,16,46,Driver & Passenger,5455,2.8
BMW,Model_26,Small,43.8,49.8,53.7,35,30,Driver & Passenger,4268,3.7
Ford,Model_27,Sport,43.7,16.3,41.4,19,30,Driver & Passenger,5432,3.1
Subaru,Model_28,Compact,24.7,39.9,50.4,19,31,None,4054,1.1
Nissan,Model_29,Midsize,37.5,44.9,18.7,20,20,Driver & Passenger,5946,1.6
Toyota,Model_30,Midsize,9.0,38.4,50.2,17,39,Driver only,6457,2.1
Subaru,Model_31,SUV,28.5,14.4,33.9,24,39,Driver & Passenger,5392,2.3
Kia,Model_32,Van,35.6,53.9,54.4,19,43,Driver & Passenger,4489,3.8
BMW,Model_33,SUV,16.4,20.7,43.8,34,25,Driver & Passenger,6163,3.9
Mercedes-Benz,Model_34,Compact,10.7,38.3,30.8,19,42,None,5793,2.8
Subaru,Model_35,Compact,14.2,45.9,22.7,29,32,Driver & Passenger,6131,2.5
Hyundai,Model_36,Midsize,24.6,52.3,55.2,31,31,Driver & Passenger,6341,1.7
Toyota,Model_37,Large,27.0,37.2,41.7,31,29,Driver only,4466,1.2
Volkswagen,Model_38,Small,22.4,21.7,64.3,32,42,Driver & Passenger,5914,3.3
Volkswagen,Model_39,Small,24.6,47.6,31.8,24,26,None,4107,2.4
Hyundai,Model_40,Midsize,25.7,17.3,48.3,37,29,Driver only,4564,2.9
Kia,Model_41,SUV,36.6,11.0,45.0,21,37,Driver & Passenger,6430,4.6
Subaru,Model_42,Compact,12.3,50.9,45.8,25,25,Driver & Passenger,5563,3.7
Subaru,Model_43,SUV,36.6,35.9,51.1,28,43,Driver & Passenger,5370,4.1
Hyundai,Model_44,Van,33.6,13.1,19.4,23,27,Driver & Passenger,4159,1.7
Lexus,Model_45,Large,35.6,36.1,41.1,31,39,Driver only,6277,1.0
Lexus,Model_46,Midsize,35.3,16.5,39.0,16,42,Driver only,6437,1.5
Hyundai,Model_47,Small,25.7,11.4,30.2,31,28,Driver & Passenger,5794,4.1
Lexus,Model_48,Sport,16.2,15.2,35.1,31,35,None,5814,2.8
Chevrolet,Model_49,SUV,28.1,44.9,39.5,34,43,Driver only,6376,1.9
Subaru,Model_50,Compact,43.5,44.0,29.0,24,21,Driver & Passenger,4032,4.8
Audi,Model_51,Sport,30.0,37.2,27.5,26,30,None,4831,2.9
Honda,Model_52,Van,8.9,19.4,51.1,26,43,Driver & Passenger,6443,2.5
Hyundai,Model_53,Midsize,10.7,43.3,15.5,29,38,Driver & Passenger,4281,4.9
Chevrolet,Model_54,SUV,44.7,28.4,28.6,23,23,None,4138,1.5
Nissan,Model_55,Small,11.1,33.0,46.6,32,22,Driver only,6002,3.4
Chevrolet,Model_56,SUV,10.2,50.4,23.1,30,34,Driver & Passenger,4452,4.0
Audi,Model_57,Large,21.4,30.6,42.3,21,27,Driver & Passenger,5250,4.8
Nissan,Model_58,Sport,43.9,38.2,28.0,28,23,Driver & Passenger,6397,4.3
Hyundai,Model_59,Large,20.1,53.3,56.7,18,30,Driver & Passenger,4530,2.2
Audi,Model_60,Van,23.5,30.3,30.5,17,36,Driver & Passenger,5733,2.0
Ford,Model_61,Small,31.6,35.2,24.2,26,28,Driver only,5335,1.4
Honda,Model_62,Sport,9.4,36.3,40.1,30,44,None,4108,1.7
Hyundai,Model_63,Van,41.3,20.8,19.2,18,20,Driver only,4722,3.9
Subaru,Model_64,Large,27.5,43.2,54.3,18,27,Driver & Passenger,4498,2.2
Lexus,Model_65,Large,25.5,42.7,48.0,17,21,Driver & Passenger,6104,2.8
Ford,Model_66,Sport,39.9,19.6,52.8,23,42,None,5118,3.8
Kia,Model_67,Small,43.3,10.6,33.1,28,32,Driver & Passenger,4633,3.7
Hyundai,Model_68,Large,24.0,55.0,56.3,26,20,None,5515,4.2
Kia,Model_69,Midsize,14.8,36.2,38.2,24,41,Driver & Passenger,5802,1.2
Nissan,Model_70,Van,38.3,18.1,17.0,28,29,Driver & Passenger,5982,3.3
Ford,Model_71,Sport,23.2,22.8,23.9,26,31,Driver & Passenger,6301,4.6
Honda,Model_72,Compact,42.6,37.8,49.7,26,46,Driver & Passenger,6192,2.5
Subaru,Model_73,Compact,43.2,16.2,59.5,16,30,Driver & Passenger,4965,1.8
Hyundai,Model_74,Small,12.7,11.7,17.0,33,29,None,6215,1.3
Subaru,Model_75,Midsize,43.4,45.9,57.8,27,33,None,6186,4.8
Audi,Model_76,Large,21.9,42.2,54.4,24,33,Driver only,6425,1.0
Subaru,Model_77,Compact,32.1,23.9,30.9,37,27,Driver & Passenger,4268,4.2
Mercedes-Benz,Model_78,Small,9.8,12.6,48.5,35,30,Driver & Passenger,4336,2.1
Mazda,Model_79,Van,40.9,31.9,21.9,15,41,Driver & Passenger,5051,2.0
Hyundai,Model_80,Midsize,31.9,22.4,55.1,15,28,Driver & Passenger,5179,1.6
Chevrolet,Model_81,Midsize,32.0,27.9,46.8,22,34,Driver & Passenger,5827,1.8
Lexus,Model_82,SUV,41.4,22.3,35.3,20,46,Driver & Passenger,5191,3.1
Toyota,Model_83,Small,27.1,17.9,57.8,34,20,Driver & Passenger,4230,4.5
Honda,Model_84,Small,23.5,27.4,19.4,17,44,Driver & Passenger,5255,2.5
Ford,Model_85,SUV,40.1,53.4,56.8,27,38,Driver & Passenger,4352,4.0
Mazda,Model_86,Large,35.6,22.0,13.3,26,37,Driver & Passenger,4204,2.0
Honda,Model_87,Small,43.1,25.1,51.9,34,31,Driver & Passenger,5786,4.6
Ford,Model_88,SUV,42.8,24.8,42.4,30,27,None,6431,4.7
Lexus,Model_89,Large,22.5,31.6,48.9,25,45,Driver & Passenger,6372,1.4
BMW,Model_90,Large,24.8,48.0,33.9,18,24,Driver & Passenger,6117,4.4
BMW,Model_91,Sport,17.8,28.1,57.8,22,32,Driver & Passenger,4561,3.8
Kia,Model_92,Midsize,32.6,46.3,28.6,21,36,Driver & Passenger,5887,2.6
Honda,Model_93,Van,21.8,15.2,26.6,30,20,None,4175,4.3
BMW,Model_94,Midsize,37.2,50.3,28.0,26,21,None,4720,4.6
Mercedes-Benz,Model_95,Midsize,12.9,18.3,53.0,20,26,Driver & Passenger,4392,3.0
Hyundai,Model_96,Sport,12.7,11.8,38.3,37,21,None,4244,3.0
Ford,Model_97,Large,16.0,17.1,40.5,20,44,Driver & Passenger,4935,3.8
Kia,Model_98,Large,11.6,18.6,56.1,25,41,Driver & Passenger,4129,2.0
Subaru,Model_99,Small,31.1,32.9,56.2,26,23,Driver & Passenger,5682,1.3
Ford,Model_100,Sport,13.9,30.2,20.6,30,47,None,4608,3.1
Kia,Model_101,Small,14.3,42.2,41.1,36,32,Driver & Passenger,4672,2.3
Lexus,Model_102,Sport,9.0,12.3,18.7,30,33,Driver & Passenger,5908,1.5
Honda,Model_103,Small,37.0,32.4,58.0,37,39,Driver & Passenger,4503,1.6
Lexus,Model_104,Compact,38.1,25.0,56.4,30,22,None,4748,1.9
Hyundai,Model_105,SUV,14.4,38.4,57.0,18,28,Driver & Passenger,5852,2.4
Hyundai,Model_106,Midsize,35.5,12.0,49.4,26,37,Driver & Passenger,5140,2.7
Mazda,Model_107,Midsize,24.3,11.6,36.7,19,44,Driver & Passenger,5937,4.8
Lexus,Model_108,Van,17.2,29.2,33.5,23,35,Driver & Passenger,4897,2.9
Audi,Model_109,SUV,31.2,46.5,32.9,32,38,Driver & Passenger,6050,4.7
Subaru,Model_110,Large,15.0,40.2,15.5,23,39,Driver only,4901,3.2
Hyundai,Model_111,Van,36.1,10.8,62.3,30,28,None,5356,1.6
Lexus,Model_112,Compact,10.2,18.0,35.9,35,38,Driver only,5363,4.4
Mazda,Model_113,Van,43.5,20.2,61.3,15,25,Driver & Passenger,6207,1.1
Nissan,Model_114,Midsize,11.1,29.0,58.6,37,31,Driver & Passenger,4894,3.3
Mercedes-Benz,Model_115,Large,29.6,36.4,55.9,19,34,Driver & Passenger,4827,2.4
Ford,Model_116,Compact,41.4,19.7,43.2,33,40,Driver & Passenger,6114,2.8
Hyundai,Model_117,Midsize,8.9,27.2,17.4,17,25,Driver & Passenger,5973,4.2
Nissan,Model_118,SUV,26.7,36.3,29.2,15,24,Driver & Passenger,5118,1.0
Mazda,Model_119,Small,21.3,27.3,44.0,37,33,Driver & Passenger,5742,1.7
Kia,Model_120,Sport,29.7,16.4,12.7,28,46,Driver only,4240,4.3
Hyundai,Model_121,Compact,16.7,32.1,14.3,32,38,None,5850,3.2
Subaru,Model_122,Large,10.9,24.6,47.9,22,37,Driver & Passenger,6462,2.0
Subaru,Model_123,Van,31.3,48.9,59.1,28,45,Driver only,6268,3.0
Subaru,Model_124,SUV,23.7,44.9,57.3,34,32,Driver only,4714,2.6
Mercedes-Benz,Model_125,Van,31.2,18.6,20.9,34,28,None,5063,4.1
Hyundai,Model_126,Compact,16.2,16.9,60.3,27,39,Driver only,5543,4.0
Mercedes-Benz,Model_127,SUV,20.9,25.6,48.9,35,45,None,6239,2.9
Hyundai,Model_128,Large,29.0,28.5,50.0,30,47,Driver only,4424,2.1
Mercedes-Benz,Model_129,Compact,30.1,51.9,28.1,23,41,Driver & Passenger,5537,1.0
Toyota,Model_130,Large,22.1,23.6,49.9,21,44,Driver & Passenger,5200,2.9
Hyundai,Model_131,Van,18.7,49.0,49.6,17,40,None,5294,3.4
Audi,Model_132,Midsize,18.5,32.7,43.5,34,26,Driver & Passenger,6044,3.4
Hyundai,Model_133,SUV,14.9,49.9,30.9,15,47,Driver & Passenger,4892,4.5
Mazda,Model_134,Small,20.4,41.6,55.0,22,40,Driver only,4433,2.9
Toyota,Model_135,Midsize,15.8,41.9,61.7,28,31,Driver & Passenger,5965,3.9
Subaru,Model_136,Small,31.6,33.3,58.1,27,28,Driver only,5537,1.5
Mazda,Model_137,Van,29.3,47.8,24.9,21,21,Driver & Passenger,4668,4.1
Mazda,Model_138,SUV,22.5,21.4,35.6,27,22,Driver & Passenger,5913,2.8
Hyundai,Model_139,Midsize,20.4,50.8,30.1,36,24,Driver & Passenger,6127,3.8
Volkswagen,Model_140,Midsize,17.2,38.7,49.5,21,37,Driver & Passenger,4370,4.3
Chevrolet,Model_141,Compact,28.0,29.7,56.1,34,47,Driver & Passenger,5118,2.0
Toyota,Model_142,Sport,42.0,54.2,23.4,34,33,Driver only,5212,3.7
Mazda,Model_143,Van,33.5,48.8,62.2,19,41,Driver only,4864,1.5
Chevrolet,Model_144,Large,35.7,44.7,47.9,18,45,Driver & Passenger,4121,1.4
Chevrolet,Model_145,Van,39.0,22.3,23.6,18,38,Driver & Passenger,4833,2.1
Toyota,Model_146,Large,21.3,53.8,31.7,20,40,Driver & Passenger,6307,1.5
Volkswagen,Model_147,SUV,10.8,43.4,17.5,28,24,Driver & Passenger,6308,2.8
Nissan,Model_148,Large,31.2,37.2,43.6,17,29,None,4556,4.5
Kia,Model_149,Small,15.4,51.5,21.0,17,35,None,5287,1.3
Audi,Model_150,Large,29.3,17.3,48.7,17,43,Driver & Passenger,5841,2.5
Kia,Model_151,Large,35.5,16.3,51.1,18,44,Driver & Passenger,4547,1.8
Hyundai,Model_152,Compact,37.1,35.4,37.4,36,39,Driver & Passenger,5861,2.8
Subaru,Model_153,Midsize,19.5,12.6,17.0,23,45,Driver only,5033,3.5
Audi,Model_154,Van,27.2,39.9,44.4,36,20,Driver & Passenger,4803,4.4
Hyundai,Model_155,Van,31.2,20.8,31.7,30,40,Driver only,5859,1.1
Mazda,Model_156,SUV,38.4,15.4,62.3,33,23,Driver & Passenger,4102,3.3
Subaru,Model_157,SUV,36.3,28.4,39.2,30,24,None,5134,3.8
Ford,Model_158,Large,44.6,31.0,15.8,26,30,Driver & Passenger,4532,1.5
Toyota,Model_159,Sport,8.8,17.7,45.7,20,33,Driver only,4500,4.8
Audi,Model_160,Van,24.5,11.9,53.3,34,44,Driver & Passenger,5228,1.3
Audi,Model_161,SUV,17.8,28.6,20.5,35,43,Driver & Passenger,4096,2.3
Lexus,Model_162,Large,12.9,44.2,35.8,35,46,Driver & Passenger,4821,2.0
Mazda,Model_163,SUV,41.8,49.3,51.4,17,30,None,6444,1.3
Nissan,Model_164,Small,44.9,14.4,13.1,35,46,Driver & Passenger,4561,3.8
Chevrolet,Model_165,Small,15.1,33.6,13.5,19,43,Driver & Passenger,5387,3.0
Subaru,Model_166,SUV,9.9,21.9,47.9,21,27,Driver & Passenger,6304,2.7
Mazda,Model_167,Small,18.5,26.9,50.4,19,20,Driver & Passenger,4204,1.8
BMW,Model_168,SUV,39.0,52.0,56.8,23,47,Driver & Passenger,5365,2.8
Volkswagen,Model_169,Large,19.2,25.8,33.2,29,26,Driver & Passenger,5996,4.6
Chevrolet,Model_170,Compact,10.6,26.4,32.7,35,32,Driver only,4191,2.4
Toyota,Model_171,Sport,10.4,19.4,41.3,34,39,Driver & Passenger,5826,3.0
Chevrolet,Model_172,Large,24.1,53.2,52.1,20,25,Driver only,5147,4.7
Nissan,Model_173,Compact,42.5,30.5,46.0,22,23,Driver only,6240,3.8
Hyundai,Model_174,Compact,18.9,35.7,29.3,34,31,Driver & Passenger,6285,1.2
Lexus,Model_175,Van,24.1,30.4,30.4,19,24,Driver & Passenger,5271,2.3
Chevrolet,Model_176,Large,12.2,21.4,52.4,31,24,Driver only,5844,4.9
Toyota,Model_177,Large,26.5,46.5,40.3,24,36,None,4224,4.5
Nissan,Model_178,SUV,33.9,11.3,17.2,15,25,Driver & Passenger,4772,4.5
Kia,Model_179,Compact,18.4,41.1,20.1,30,29,Driver & Passenger,5245,4.7
Audi,Model_180,Compact,19.3,36.7,57.1,37,35,Driver only,5624,3.5
Hyundai,Model_181,Compact,39.2,16.5,64.9,35,43,None,5995,4.1
Lexus,Model_182,SUV,8.9,17.5,29.8,15,40,Driver & Passenger,4056,3.6
Audi,Model_183,Van,31.7,39.7,32.5,17,33,None,4519,3.1
Volkswagen,Model_184,Large,22.9,24.0,20.2,20,29,None,5425,3.1
Hyundai,Model_185,Compact,19.4,22.0,24.5,31,47,Driver & Passenger,4872,1.1
Hyundai,Model_186,Small,32.5,12.7,34.5,36,41,Driver & Passenger,6442,1.9
Hyundai,Model_187,Large,39.0,44.5,27.1,16,40,Driver & Passenger,4957,1.1
Kia,Model_188,SUV,28.9,49.7,49.2,19,36,Driver & Passenger,4157,2.8
Kia,Model_189,Van,9.6,46.9,40.5,25,24,Driver & Passenger,6174,3.9
Subaru,Model_190,Small,25.3,31.0,55.6,24,21,Driver & Passenger,4236,4.8
Mercedes-Benz,Model_191,SUV,25.4,34.0,50.4,29,23,Driver & Passenger,4332,1.1
Chevrolet,Model_192,Midsize,28.3,20.9,18.8,32,37,Driver & Passenger,4624,3.0
Hyundai,Model_193,Large,33.0,17.8,18.5,31,27,Driver & Passenger,5567,3.8
Audi,Model_194,Midsize,9.2,47.0,59.5,28,33,Driver & Passenger,4909,3.7
Toyota,Model_195,SUV,26.8,45.9,55.4,27,32,None,5960,4.0
Honda,Model_196,SUV,30.0,45.0,36.8,34,26,Driver only,6165,4.4
Mercedes-Benz,Model_197,SUV,21.0,30.9,18.9,16,28,Driver only,5345,4.7
Honda,Model_198,Compact,32.9,48.9,59.6,26,23,Driver & Passenger,5385,1.7
Lexus,Model_199,Van,16.8,51.7,24.2,25,24,Driver & Passenger,4815,4.8
Nissan,Model_200,Compact,20.1,24.8,13.9,33,34,Driver only,5253,4.2
Audi,Model_201,Van,43.6,20.1,61.0,26,28,Driver & Passenger,6468,4.6
Audi,Model_202,Sport,21.2,30.9,54.9,18,44,Driver & Passenger,5420,2.4
Mercedes-Benz,Model_203,Compact,21.1,18.1,48.8,24,37,Driver & Passenger,4809,5.0
Hyundai,Model_204,Midsize,30.2,49.8,13.8,26,47,Driver & Passenger,6458,1.0
Volkswagen,Model_205,Van,43.9,25.2,40.0,21,46,Driver & Passenger,4321,4.5
Mercedes-Benz,Model_206,Compact,44.4,35.9,46.6,37,33,None,4302,3.7
Honda,Model_207,Large,29.7,36.8,52.2,20,34,None,4843,1.6
Mercedes-Benz,Model_208,SUV,8.5,33.2,37.0,22,20,Driver & Passenger,6498,4.3
Audi,Model_209,Van,41.4,17.0,62.5,25,38,None,4410,4.2
Volkswagen,Model_210,Van,29.3,54.6,25.0,20,45,Driver & Passenger,6156,3.2
Chevrolet,Model_211,Compact,21.9,17.8,15.7,35,20,Driver & Passenger,5150,3.5
BMW,Model_212,Sport,38.8,43.8,29.6,17,25,None,4823,1.5
Subaru,Model_213,Compact,23.1,45.6,47.1,35,27,None,6218,2.8
Ford,Model_214,Midsize,9.7,16.5,51.1,34,23,None,5909,1.2
Kia,Model_215,Midsize,38.5,52.0,51.1,33,35,Driver & Passenger,6386,3.3
Mercedes-Benz,Model_216,Van,28.4,31.9,17.9,15,30,None,5875,2.8
Lexus,Model_217,Van,20.8,38.3,58.9,18,23,Driver & Passenger,4058,1.3
Hyundai,Model_218,Compact,17.7,38.9,26.9,33,30,Driver & Passenger,6006,2.6
Nissan,Model_219,Midsize,30.2,32.7,23.1,34,29,None,4506,2.8
BMW,Model_220,Midsize,16.1,16.4,44.6,31,36,None,4668,4.0
Subaru,Model_221,Sport,20.3,43.8,23.2,36,28,Driver only,6495,1.2
Subaru,Model_222,Large,31.7,36.2,38.9,33,29,None,5578,3.5
Subaru,Model_223,Sport,40.7,15.3,33.6,28,27,Driver & Passenger,5601,3.1
Subaru,Model_224,Small,28.0,41.5,24.3,24,33,Driver & Passenger,5157,2.1
Honda,Model_225,SUV,36.2,41.6,27.5,35,32,Driver & Passenger,4212,4.0
Lexus,Model_226,Sport,36.4,34.7,34.7,23,22,None,6146,3.3
Lexus,Model_227,Compact,32.7,14.1,30.3,30,33,Driver & Passenger,5072,3.1
Volkswagen,Model_228,Large,17.5,25.9,32.2,29,33,Driver & Passenger,6222,4.8
Kia,Model_229,Compact,40.1,12.3,51.0,30,22,Driver & Passenger,5537,4.3
Audi,Model_230,SUV,24.4,31.5,20.9,32,35,Driver only,4900,1.8
Subaru,Model_231,Small,10.1,50.8,45.3,35,29,Driver & Passenger,4804,2.6
Hyundai,Model_232,Large,17.4,10.1,47.9,37,23,Driver only,5029,3.7
Audi,Model_233,Van,36.4,22.0,54.5,37,39,None,4527,3.2
Lexus,Model_234,Midsize,11.0,46.0,56.9,24,37,Driver & Passenger,5739,2.7
Toyota,Model_235,Sport,13.9,10.4,20.4,17,23,Driver only,4727,4.9
Toyota,Model_236,Compact,33.8,10.5,19.3,21,21,Driver & Passenger,6120,1.7
Hyundai,Model_237,Small,41.1,37.5,44.6,21,30,Driver & Passenger,6114,2.4
Volkswagen,Model_238,Midsize,31.6,45.5,52.1,34,34,Driver & Passenger,4592,2.6
Lexus,Model_239,Sport,16.6,44.9,26.4,25,30,None,5565,1.3
Hyundai,Model_240,Midsize,10.4,45.1,39.9,37,42,None,6074,2.9
Honda,Model_241,Sport,31.0,26.2,52.9,17,40,None,4433,3.1
Mercedes-Benz,Model_242,Van,10.2,49.7,52.7,32,42,None,5679,2.1
Hyundai,Model_243,Large,30.9,10.6,46.7,26,25,None,6103,4.8
Chevrolet,Model_244,Midsize,16.7,24.0,16.2,37,37,None,4266,3.1
Audi,Model_245,Midsize,41.5,25.2,14.7,31,47,Driver & Passenger,5570,3.3
BMW,Model_246,Midsize,25.8,17.5,32.6,23,37,None,5202,4.6
Mazda,Model_247,Large,16.7,25.1,13.4,19,20,Driver & Passenger,5606,2.1
Volkswagen,Model_248,Small,39.6,36.4,59.9,32,32,None,6148,3.5
Hyundai,Model_249,Sport,17.8,33.4,13.1,37,20,Driver & Passenger,5300,2.8
Lexus,Model_250,Van,19.7,24.4,13.6,23,32,Driver only,4467,2.5
Nissan,Model_251,Midsize,39.0,43.7,20.8,27,40,None,5540,2.5
Toyota,Model_252,SUV,19.8,42.2,45.2,17,24,Driver only,6070,1.1
Chevrolet,Model_253,Large,23.5,22.6,40.7,18,42,Driver & Passenger,4696,4.3
Kia,Model_254,Small,21.2,24.5,47.0,32,36,Driver only,4326,3.3
Subaru,Model_255,Sport,12.7,22.9,59.4,34,35,Driver & Passenger,4658,4.7
Mazda,Model_256,Large,9.9,15.8,36.1,35,40,Driver only,5793,4.4
Hyundai,Model_257,Van,34.9,43.9,14.3,29,37,None,5961,4.9
Volkswagen,Model_258,Van,32.0,12.1,52.5,34,29,Driver only,4536,1.1
BMW,Model_259,Sport,18.8,16.8,55.0,37,36,Driver & Passenger,6427,3.6
Mazda,Model_260,Midsize,19.3,14.7,14.6,20,26,Driver & Passenger,5967,4.8
Hyundai,Model_261,Van,43.0,47.1,24.9,23,34,None,6026,4.1
Honda,Model_262,Small,44.5,12.0,52.8,25,38,None,4849,2.3
Toyota,Model_263,Large,25.8,39.9,31.9,27,46,Driver & Passenger,6173,1.5
Lexus,Model_264,Small,37.8,12.0,37.1,18,28,Driver & Passenger,5694,3.7
Toyota,Model_265,Midsize,35.4,45.4,55.6,29,40,Driver & Passenger,4441,3.6
Kia,Model_266,Small,19.4,51.1,17.0,31,40,None,4828,2.2
Honda,Model_267,Small,10.6,31.9,47.9,26,24,None,6091,4.2
Subaru,Model_268,Compact,13.7,46.2,23.4,20,44,None,5382,3.5
Lexus,Model_269,Small,39.1,41.8,15.3,21,29,None,4198,2.7
Audi,Model_270,Sport,35.2,45.8,47.1,31,32,Driver & Passenger,5676,2.9
Ford,Model_271,Large,32.7,44.5,18.4,25,20,Driver & Passenger,5747,2.0
Chevrolet,Model_272,Compact,13.3,19.2,51.6,26,40,Driver & Passenger,4652,3.2
Toyota,Model_273,Large,31.9,32.5,22.7,27,45,None,4307,3.0
Nissan,Model_274,Large,36.7,53.2,14.6,15,25,Driver only,4473,4.8
Toyota,Model_275,Midsize,39.9,25.5,17.3,32,44,Driver & Passenger,6283,3.0
Mazda,Model_276,Midsize,9.0,53.7,56.6,36,22,Driver & Passenger,6272,4.1
Toyota,Model_277,Compact,33.5,36.2,31.7,33,36,Driver & Passenger,4359,3.5
Volkswagen,Model_278,Van,9.2,30.8,28.0,25,31,Driver & Passenger,6471,1.9
Toyota,Model_279,SUV,34.3,39.6,38.0,36,46,None,5014,1.2
Ford,Model_280,Midsize,31.7,46.7,45.5,32,30,Driver & Passenger,4666,3.8
Ford,Model_281,SUV,13.9,27.7,14.0,24,27,Driver & Passenger,6382,4.2
Subaru,Model_282,Midsize,36.5,11.5,59.6,20,44,Driver & Passenger,4898,4.5
BMW,Model_283,Midsize,11.0,41.9,62.8,37,31,Driver & Passenger,6142,3.7
Audi,Model_284,Large,38.7,53.0,34.1,36,30,Driver & Passenger,4314,2.7
Nissan,Model_285,Compact,18.1,38.1,33.9,16,41,Driver only,4487,3.0
Toyota,Model_286,Large,33.6,18.5,58.6,19,24,None,5398,4.0
Toyota,Model_287,Sport,42.2,21.2,34.8,24,47,Driver & Passenger,5041,1.7
Chevrolet,Model_288,Large,20.9,50.9,57.4,29,27,None,4686,2.8
Lexus,Model_289,SUV,26.9,10.6,13.5,28,31,Driver & Passenger,5991,1.2
Ford,Model_290,SUV,25.4,34.7,38.0,20,41,Driver & Passenger,6268,1.4
Nissan,Model_291,Sport,14.3,17.1,62.5,28,25,Driver & Passenger,5444,1.9
Subaru,Model_292,Small,30.0,22.7,25.4,35,28,Driver & Passenger,4036,3.5
Kia,Model_293,Small,35.6,23.8,26.1,28,44,Driver only,5964,4.7
BMW,Model_294,Sport,42.0,19.9,45.4,26,36,Driver only,5767,2.5
Audi,Model_295,Sport,39.6,45.7,61.1,37,47,Driver only,5512,3.0
Honda,Model_296,Large,27.1,24.9,22.5,18,21,Driver & Passenger,5023,3.3
Audi,Model_297,Sport,34.7,25.5,60.8,26,20,Driver & Passenger,5950,2.1
Volkswagen,Model_298,Compact,37.7,30.4,47.1,35,37,Driver & Passenger,6252,3.8
Mazda,Model_299,Small,26.5,50.6,64.6,31,22,Driver & Passenger,6318,1.8
Volkswagen,Model_300,Small,12.7,41.0,51.0,33,33,Driver & Passenger,6229,1.8
Toyota,Model_301,Van,24.5,12.8,47.4,30,32,Driver only,5732,1.8
Hyundai,Model_302,Sport,39.3,11.8,55.2,32,21,Driver & Passenger,5833,2.9
BMW,Model_303,Midsize,30.3,35.5,21.3,20,41,Driver & Passenger,4630,2.0
Mazda,Model_304,Midsize,34.9,49.9,62.1,23,23,Driver & Passenger,6328,2.7
Nissan,Model_305,Sport,15.3,24.5,20.8,33,34,None,6032,2.5
Honda,Model_306,Compact,43.7,21.1,13.4,26,24,None,6340,4.3
Ford,Model_307,Midsize,23.2,43.7,49.0,25,29,Driver & Passenger,6184,1.9
BMW,Model_308,Van,32.4,37.1,21.8,30,28,None,4196,2.2
BMW,Model_309,SUV,9.2,35.4,52.2,16,37,Driver & Passenger,5718,4.8
Volkswagen,Model_310,Sport,13.1,16.7,54.1,32,22,None,5837,2.0
Hyundai,Model_311,Compact,37.0,17.9,24.5,20,33,Driver & Passenger,4454,4.2
Toyota,Model_312,Compact,43.8,22.7,16.6,36,29,Driver & Passenger,5118,1.6
Hyundai,Model_313,Large,20.2,19.3,38.5,19,36,Driver & Passenger,4006,3.3
Subaru,Model_314,Compact,9.9,53.7,59.2,23,34,Driver only,6436,1.4
Volkswagen,Model_315,Midsize,21.7,10.8,56.9,27,37,Driver & Passenger,5971,2.6
BMW,Model_316,SUV,9.1,38.2,18.2,21,36,Driver & Passenger,4676,4.8
Mercedes-Benz,Model_317,Midsize,15.5,33.3,63.1,37,44,None,5851,3.6
Chevrolet,Model_318,Sport,36.0,24.5,26.0,15,22,Driver only,5315,1.8
Honda,Model_319,SUV,42.7,49.9,30.5,24,35,Driver only,4986,4.2
Subaru,Model_320,Sport,11.7,40.2,19.9,32,38,Driver & Passenger,4512,3.6
Volkswagen,Model_321,Compact,28.9,54.9,32.0,26,32,Driver & Passenger,5529,4.7
Honda,Model_322,Van,17.8,17.6,45.7,17,42,None,4717,1.9
Chevrolet,Model_323,Small,13.6,14.0,38.8,19,36,Driver & Passenger,6491,1.5
Kia,Model_324,SUV,16.5,16.3,55.9,28,44,Driver & Passenger,4475,3.5
Chevrolet,Model_325,Large,29.6,22.1,46.0,29,42,Driver & Passenger,4903,4.7
Hyundai,Model_326,Small,10.9,28.8,26.0,26,35,Driver & Passenger,5004,4.1
Chevrolet,Model_327,Compact,24.3,48.8,41.5,18,28,None,4040,2.6
Honda,Model_328,Compact,13.4,22.8,15.4,30,43,Driver only,6426,2.7
Audi,Model_329,Small,18.5,51.2,42.8,25,40,Driver only,5898,2.3
Honda,Model_330,Large,15.5,30.8,32.7,18,31,Driver only,5955,4.7
Hyundai,Model_331,SUV,40.7,39.1,17.2,20,22,Driver & Passenger,6140,4.2
Toyota,Model_332,SUV,34.3,21.9,28.3,30,46,Driver & Passenger,6412,2.1
Mazda,Model_333,Small,40.2,17.0,59.6,16,28,None,5264,2.3
Audi,Model_334,Sport,22.5,49.1,43.1,27,35,Driver & Passenger,4257,4.0
Ford,Model_335,Midsize,19.9,14.9,59.9,22,24,Driver only,4989,2.7
Mazda,Model_336,Van,22.4,44.8,33.8,26,44,Driver & Passenger,5838,3.4
Toyota,Model_337,Sport,9.2,36.1,63.9,35,38,Driver & Passenger,4915,1.6
Volkswagen,Model_338,SUV,35.0,48.8,31.1,20,41,Driver & Passenger,4029,4.3
Subaru,Model_339,Midsize,21.3,42.3,52.1,17,32,None,5105,3.2
Hyundai,Model_340,Van,19.9,22.7,28.2,29,21,Driver & Passenger,6333,4.3
Hyundai,Model_341,Van,30.3,35.8,17.6,22,38,Driver & Passenger,5901,3.9
Ford,Model_342,Van,24.4,10.6,56.2,16,37,Driver & Passenger,4354,2.7
Audi,Model_343,Compact,44.3,31.4,52.4,30,31,Driver only,5337,3.7
Hyundai,Model_344,Van,21.5,13.9,55.5,27,37,Driver only,5858,1.2
Lexus,Model_345,Large,30.9,29.3,27.9,15,24,Driver & Passenger,4534,2.7
Kia,Model_346,Small,19.9,14.9,49.3,25,45,Driver & Passenger,4940,2.7
Chevrolet,Model_347,SUV,44.7,53.0,23.7,15,39,Driver & Passenger,5429,2.7
Audi,Model_348,Large,24.7,33.5,12.6,22,46,Driver only,6352,1.5
Subaru,Model_349,Small,31.6,51.1,57.9,16,39,None,6422,2.9
Kia,Model_350,Sport,13.1,11.0,39.7,27,27,Driver only,4252,4.0
Hyundai,Model_351,Sport,35.3,38.7,64.1,35,41,None,5967,2.3
Honda,Model_352,Small,18.3,23.8,32.4,16,35,Driver only,5598,4.3
Subaru,Model_353,Large,24.9,29.4,62.7,18,45,Driver only,4815,3.3
Toyota,Model_354,Small,40.7,49.3,44.6,16,21,Driver only,4892,3.9
Ford,Model_355,Van,43.9,54.1,39.1,27,32,Driver only,4666,4.6
Toyota,Model_356,Compact,24.0,21.1,28.0,18,20,Driver & Passenger,4479,2.9
Lexus,Model_357,SUV,39.0,52.7,55.7,35,24,Driver & Passenger,6104,4.4
Subaru,Model_358,Sport,10.4,41.0,55.9,29,42,Driver & Passenger,4779,1.6
Nissan,Model_359,SUV,39.4,52.8,34.1,35,40,Driver only,5489,4.1
Nissan,Model_360,Compact,31.5,35.3,50.5,26,31,Driver & Passenger,4849,4.3
Volkswagen,Model_361,Van,26.3,53.2,35.7,26,23,Driver & Passenger,4571,4.6
Audi,Model_362,Van,41.0,50.2,51.2,19,24,Driver & Passenger,4771,1.3
Hyundai,Model_363,Sport,39.4,15.8,64.7,24,30,Driver & Passenger,5505,1.5
Hyundai,Model_364,Sport,19.3,24.0,25.9,16,29,Driver only,5898,1.1
Chevrolet,Model_365,Van,37.4,20.9,45.6,22,27,Driver & Passenger,5084,3.0
Chevrolet,Model_366,Midsize,12.1,35.7,32.1,19,40,None,4243,1.8
Chevrolet,Model_367,SUV,38.5,46.1,41.1,36,28,Driver & Passenger,6462,3.3
Honda,Model_368,Compact,33.2,44.2,58.3,22,45,Driver only,5135,4.6
Mazda,Model_369,SUV,11.7,42.7,30.4,27,26,Driver & Passenger,4723,2.3
BMW,Model_370,Compact,33.4,26.9,15.8,27,46,Driver only,5039,1.0
Mazda,Model_371,Midsize,29.7,16.3,54.3,37,33,None,6410,4.6
Toyota,Model_372,Large,30.2,19.5,41.4,29,30,Driver & Passenger,5262,3.5
Mazda,Model_373,Compact,19.1,43.4,35.8,29,37,Driver & Passenger,5433,1.8
Honda,Model_374,SUV,18.2,16.6,21.7,25,44,None,5192,3.8
Volkswagen,Model_375,Small,36.3,20.0,16.9,37,37,None,4331,3.5
Toyota,Model_376,Van,17.9,29.1,26.8,24,41,None,5013,2.5
Mazda,Model_377,Van,24.8,13.2,50.1,20,27,Driver & Passenger,5303,1.8
Honda,Model_378,Midsize,33.9,19.6,33.8,19,21,Driver only,5015,5.0
BMW,Model_379,Compact,11.4,16.7,42.2,19,41,Driver & Passenger,4836,3.6
Mazda,Model_380,Large,30.2,52.8,16.3,22,40,Driver & Passenger,5461,1.0
Honda,Model_381,Compact,30.0,18.6,18.5,15,26,Driver & Passenger,6145,1.5
Lexus,Model_382,Van,33.5,48.8,12.6,16,45,None,5851,2.0
Chevrolet,Model_383,Sport,22.0,15.2,47.7,31,24,None,5900,4.3
Lexus,Model_384,Small,24.9,49.1,26.0,21,33,Driver & Passenger,6058,2.9
Hyundai,Model_385,Midsize,20.5,37.0,63.2,37,33,Driver & Passenger,5608,1.2
Chevrolet,Model_386,Sport,38.0,48.2,28.3,23,22,Driver & Passenger,6261,2.1
Hyundai,Model_387,SUV,13.3,49.0,31.3,18,25,Driver only,6087,4.9
Mercedes-Benz,Model_388,Large,43.6,36.8,36.9,21,42,Driver & Passenger,4438,4.1
Ford,Model_389,Sport,31.7,51.3,28.9,24,36,Driver & Passenger,6478,1.0
Lexus,Model_390,SUV,40.9,36.3,55.3,30,43,Driver & Passenger,4444,4.4
Ford,Model_391,Sport,24.1,42.1,58.4,24,27,Driver & Passenger,5743,1.8
Ford,Model_392,Large,20.6,28.7,12.6,21,39,Driver & Passenger,5609,2.3
BMW,Model_393,Sport,41.4,51.1,46.7,16,43,None,4033,1.5
Chevrolet,Model_394,Midsize,12.1,47.1,48.4,16,22,None,4061,1.0
Mercedes-Benz,Model_395,Van,12.8,17.5,63.0,22,34,Driver & Passenger,5102,3.0
Hyundai,Model_396,Compact,19.4,35.9,31.6,28,24,Driver & Passenger,5196,2.1
Honda,Model_397,Sport,43.5,50.4,22.3,32,38,None,6354,2.4
Toyota,Model_398,Midsize,31.6,45.7,39.6,15,21,Driver only,4352,1.7
Honda,Model_399,Compact,28.7,53.3,35.7,31,40,None,5081,4.2
Toyota,Model_400,SUV,34.2,20.4,54.0,31,27,Driver & Passenger,6170,1.7
Lexus,Model_401,Compact,23.7,26.5,59.9,36,28,None,5628,3.1
Nissan,Model_402,SUV,36.2,32.8,16.6,19,24,Driver & Passenger,4002,2.9
Honda,Model_403,Sport,22.9,20.5,56.9,30,22,Driver & Passenger,5289,4.7
Mazda,Model_404,Midsize,38.7,27.7,60.2,21,31,Driver & Passenger,4814,5.0
Mazda,Model_405,Van,18.3,34.2,61.0,29,22,Driver only,5946,4.6
Audi,Model_406,Sport,18.6,18.6,52.5,33,43,Driver & Passenger,4252,3.9
Chevrolet,Model_407,SUV,27.6,21.6,51.3,35,38,Driver & Passenger,5111,2.7
Toyota,Model_408,Large,24.2,15.6,12.8,16,35,Driver & Passenger,4309,1.5
Toyota,Model_409,Compact,32.2,42.1,60.8,30,44,Driver & Passenger,4531,4.5
Subaru,Model_410,Sport,21.8,26.3,30.6,23,45,None,5666,3.9
Volkswagen,Model_411,SUV,16.9,19.9,14.2,34,35,Driver & Passenger,4196,1.5
Chevrolet,Model_412,Compact,25.6,32.8,33.9,32,20,Driver & Passenger,5410,1.4
BMW,Model_413,SUV,29.0,13.1,50.8,24,36,Driver only,4935,3.7
Audi,Model_414,Midsize,13.7,51.6,35.4,34,40,Driver & Passenger,5989,4.6
BMW,Model_415,Small,28.8,23.3,52.2,35,39,Driver & Passenger,4462,1.9
Lexus,Model_416,Sport,20.2,49.9,39.0,18,22,Driver only,5402,2.6
Lexus,Model_417,Van,22.8,32.4,27.9,16,36,Driver only,5733,4.9
BMW,Model_418,Sport,18.7,48.3,22.8,28,42,Driver & Passenger,4022,4.8
BMW,Model_419,Compact,42.5,21.1,34.3,36,36,Driver & Passenger,5821,3.8
Mercedes-Benz,Model_420,Midsize,33.4,17.9,13.9,15,35,None,5583,2.9
Chevrolet,Model_421,SUV,18.1,48.2,34.4,22,25,Driver only,5236,2.5
BMW,Model_422,Large,32.0,19.6,15.6,25,45,None,4812,2.6
Mazda,Model_423,Van,39.5,43.6,58.5,15,37,Driver only,4036,3.0
Volkswagen,Model_424,Midsize,23.2,25.5,42.5,19,33,Driver & Passenger,4405,3.8
Volkswagen,Model_425,Sport,38.8,43.7,46.2,27,39,Driver only,5793,3.0
Ford,Model_426,Large,14.1,50.8,27.3,31,27,Driver & Passenger,5037,1.9
Nissan,Model_427,Midsize,38.5,54.2,24.0,24,38,None,4529,4.0
Lexus,Model_428,Small,28.2,26.2,49.5,37,28,Driver & Passenger,5201,2.8
Toyota,Model_429,Van,16.6,26.5,47.6,21,40,Driver only,4782,3.3
Subaru,Model_430,Compact,23.4,54.2,18.5,27,41,Driver only,4385,4.1
Hyundai,Model_431,Midsize,44.6,48.8,24.6,35,37,Driver only,4118,2.5
Toyota,Model_432,Midsize,37.1,12.0,62.2,18,20,Driver & Passenger,5898,4.7
Nissan,Model_433,Small,29.5,35.8,28.1,35,40,None,5353,3.0
Subaru,Model_434,Sport,12.7,18.2,13.4,27,36,Driver only,6079,3.8
Mercedes-Benz,Model_435,SUV,23.8,54.7,15.4,15,23,Driver & Passenger,4747,4.0
Chevrolet,Model_436,SUV,18.1,16.3,53.1,25,35,Driver & Passenger,5336,2.5
Honda,Model_437,Van,11.1,35.2,52.1,35,43,Driver & Passenger,6293,2.0
Chevrolet,Model_438,Van,28.3,39.9,32.2,23,31,Driver & Passenger,6364,4.7
Toyota,Model_439,Compact,41.0,52.2,20.1,27,32,None,4852,2.3
Toyota,Model_440,Midsize,33.2,48.1,38.4,25,21,Driver & Passenger,4815,1.4
Subaru,Model_441,Large,17.6,21.1,29.6,22,41,Driver only,4295,3.0
Subaru,Model_442,Midsize,29.4,35.8,31.8,21,31,Driver only,6115,4.3
Lexus,Model_443,SUV,42.9,52.9,25.8,36,29,Driver & Passenger,4863,2.1
Mercedes-Benz,Model_444,Compact,34.9,43.1,15.3,34,34,Driver & Passenger,4055,3.0
Lexus,Model_445,Midsize,33.7,41.0,53.9,29,24,Driver & Passenger,6099,2.4
Nissan,Model_446,Small,43.8,44.0,44.8,29,20,Driver & Passenger,5440,1.1
BMW,Model_447,SUV,37.7,24.5,56.2,35,27,Driver only,4981,1.6
Chevrolet,Model_448,Midsize,13.5,42.8,38.7,26,40,Driver & Passenger,5809,4.2
Subaru,Model_449,Midsize,21.2,20.5,64.2,31,44,Driver & Passenger,5434,4.7
Hyundai,Model_450,SUV,43.7,29.3,63.0,37,37,Driver & Passenger,4127,1.0
Nissan,Model_451,Large,26.4,50.0,26.4,20,25,Driver & Passenger,5468,4.4
Mazda,Model_452,SUV,12.6,10.9,32.5,27,42,Driver & Passenger,6072,3.9
Mercedes-Benz,Model_453,Small,25.2,28.6,51.9,30,20,Driver & Passenger,4060,3.7
Toyota,Model_454,Small,33.9,22.0,53.2,37,33,Driver only,4387,2.7
Lexus,Model_455,Midsize,44.9,18.9,60.3,15,29,Driver & Passenger,4670,2.3
Nissan,Model_456,Van,20.3,47.7,46.6,27,23,Driver & Passenger,5786,2.6
Hyundai,Model_457,Large,27.3,41.3,37.2,21,37,Driver & Passenger,4799,3.4
Chevrolet,Model_458,Midsize,40.6,15.1,32.0,27,42,None,4663,4.8
Subaru,Model_459,SUV,21.5,32.3,34.2,21,38,Driver only,6362,1.8
Toyota,Model_460,Midsize,12.5,31.0,57.1,22,44,Driver & Passenger,5908,4.9
Honda,Model_461,Compact,43.1,16.4,63.9,32,27,Driver & Passenger,5627,1.9
Hyundai,Model_462,Compact,26.3,46.0,14.8,31,31,Driver & Passenger,5226,4.4
Mercedes-Benz,Model_463,Van,26.9,26.5,42.8,30,29,Driver & Passenger,6247,3.6
Nissan,Model_464,Large,31.2,44.3,39.6,31,32,Driver & Passenger,5909,4.0
Audi,Model_465,Sport,8.6,18.6,31.9,22,26,Driver & Passenger,5940,4.3
Toyota,Model_466,Compact,42.5,24.2,57.1,21,43,Driver & Passenger,6163,1.0
Chevrolet,Model_467,Sport,21.7,14.3,42.5,32,36,None,6002,3.9
Ford,Model_468,Small,23.0,16.5,28.6,18,45,None,5705,5.0
Hyundai,Model_469,Compact,14.9,49.7,35.5,36,31,Driver & Passenger,5524,3.0
Kia,Model_470,Compact,22.3,14.9,30.9,16,25,Driver & Passenger,6456,3.2
Hyundai,Model_471,Large,37.8,14.3,34.8,30,42,Driver & Passenger,4564,1.4
BMW,Model_472,Van,37.7,52.3,15.8,32,26,Driver & Passenger,5416,2.4
Kia,Model_473,Sport,42.7,39.1,17.9,37,32,Driver & Passenger,4169,3.5
Chevrolet,Model_474,SUV,23.2,14.5,45.1,22,33,None,4243,1.5
Mazda,Model_475,Compact,34.4,53.7,48.3,28,44,None,5084,2.3
Lexus,Model_476,Compact,27.0,16.6,45.7,32,42,Driver & Passenger,5951,2.4
Mazda,Model_477,Large,37.8,44.5,52.4,33,47,Driver only,6122,4.3
Ford,Model_478,Large,34.5,11.6,62.0,18,42,Driver & Passenger,5528,3.2
Hyundai,Model_479,Van,21.9,38.1,57.6,36,32,Driver only,4369,3.2
BMW,Model_480,Sport,20.8,34.6,34.2,28,25,Driver & Passenger,6173,2.1
Audi,Model_481,Small,17.7,19.4,23.5,16,38,Driver & Passenger,5175,2.3
Ford,Model_482,SUV,29.5,38.9,28.5,31,32,None,6163,2.8
Hyundai,Model_483,Van,43.7,37.8,43.2,20,41,Driver only,5503,4.3
Volkswagen,Model_484,Small,15.8,45.9,57.4,22,28,Driver & Passenger,4859,2.3
Kia,Model_485,Midsize,12.0,49.4,49.2,30,30,Driver only,5632,2.3
Ford,Model_486,Compact,12.9,33.0,40.8,35,29,Driver & Passenger,5621,3.3
Kia,Model_487,Sport,37.1,32.1,43.9,15,22,Driver only,4192,4.4
Toyota,Model_488,Van,21.3,38.0,40.0,32,38,Driver & Passenger,4354,3.0
Mazda,Model_489,Compact,16.7,42.8,63.5,17,46,Driver & Passenger,4057,1.5
Toyota,Model_490,Sport,21.4,26.0,55.3,32,26,Driver & Passenger,5227,4.7
Hyundai,Model_491,Sport,32.1,32.7,53.4,24,42,Driver & Passenger,4119,2.9
Volkswagen,Model_492,Sport,28.5,36.3,39.4,16,24,Driver only,5488,4.1
BMW,Model_493,Compact,35.6,54.5,29.6,33,43,Driver only,6255,1.2
Audi,Model_494,Van,20.9,36.4,13.0,25,43,None,4826,4.3
Mercedes-Benz,Model_495,SUV,25.0,20.1,14.3,33,46,Driver & Passenger,4771,1.2
Kia,Model_496,Large,12.2,36.5,13.6,17,46,Driver & Passenger,5646,4.9
Audi,Model_497,Compact,11.2,46.9,64.0,24,34,Driver & Passenger,5659,4.6
Kia,Model_498,Sport,25.4,48.6,18.1,30,21,Driver & Passenger,4680,2.1
Chevrolet,Model_499,Van,19.5,46.0,19.5,17,30,Driver only,4571,1.9
Ford,Model_500,SUV,30.9,50.0,37.7,33,25,Driver & Passenger,5341,4.1
Hyundai,Model_501,Midsize,10.1,25.1,37.5,34,24,Driver & Passenger,4134,1.6
Mazda,Model_502,Small,12.9,32.8,60.8,35,39,Driver & Passenger,4350,4.5
Mercedes-Benz,Model_503,Sport,40.1,45.1,15.9,21,26,Driver & Passenger,4573,1.1
Subaru,Model_504,Midsize,29.2,21.9,62.7,31,23,Driver only,5654,3.6
Kia,Model_505,Large,34.5,26.7,23.5,22,24,Driver only,5855,2.0
Audi,Model_506,SUV,39.2,47.4,63.4,17,43,Driver & Passenger,4199,4.4
Hyundai,Model_507,SUV,25.4,44.7,40.7,21,24,Driver only,6290,2.5
Honda,Model_508,Sport,36.3,53.7,46.6,24,46,None,5165,2.7
Mercedes-Benz,Model_509,SUV,27.6,54.8,28.7,33,46,Driver & Passenger,5880,1.6
Honda,Model_510,Midsize,16.6,20.8,44.4,29,44,Driver only,5827,3.5
Toyota,Model_511,Sport,20.8,50.5,49.7,29,29,Driver & Passenger,5012,2.9
Mazda,Model_512,Compact,26.4,14.3,12.5,19,37,Driver & Passenger,5520,1.0
Lexus,Model_513,Van,20.1,41.9,13.8,17,21,Driver only,6137,3.9
Lexus,Model_514,Midsize,20.7,19.9,64.3,17,34,Driver & Passenger,5815,1.5
Subaru,Model_515,Van,20.8,23.5,36.3,18,28,Driver & Passenger,5044,3.1
Chevrolet,Model_516,Compact,13.0,52.6,61.6,29,21,None,4302,3.2
Audi,Model_517,Compact,11.6,21.8,50.7,30,22,Driver only,4324,2.2
Hyundai,Model_518,Van,10.2,40.3,31.8,19,41,Driver only,4782,1.9
Subaru,Model_519,Midsize,12.5,18.0,20.0,35,39,Driver & Passenger,5950,2.2
Ford,Model_520,Van,21.0,14.2,63.8,22,43,Driver only,5753,2.6
Ford,Model_521,Van,30.2,25.3,43.0,24,43,Driver & Passenger,6307,4.7
Audi,Model_522,Small,15.4,38.1,22.2,36,21,None,5195,3.7
Hyundai,Model_523,Midsize,40.9,21.2,48.1,35,21,None,4625,4.9
BMW,Model_524,Small,38.0,23.5,16.9,16,38,None,4444,1.3
Chevrolet,Model_525,Sport,27.5,41.9,58.0,28,33,None,4082,1.2
Hyundai,Model_526,SUV,34.9,14.6,16.8,19,46,Driver & Passenger,4153,1.2
Kia,Model_527,Van,21.9,30.1,24.5,21,37,Driver & Passenger,4433,4.4
Hyundai,Model_528,Sport,9.8,52.4,16.8,25,40,Driver only,4416,4.3
Lexus,Model_529,Midsize,41.5,27.9,17.5,17,20,Driver & Passenger,5853,2.8
Mercedes-Benz,Model_530,Van,13.2,29.5,39.8,26,26,Driver & Passenger,6149,2.7
BMW,Model_531,SUV,43.1,43.2,48.4,28,27,Driver & Passenger,5879,2.7
Kia,Model_532,Sport,29.4,45.1,53.8,37,31,None,6014,4.8
Kia,Model_533,Large,19.7,44.6,48.8,15,23,Driver only,4161,2.0
BMW,Model_534,Compact,26.6,54.9,31.3,36,42,Driver & Passenger,4641,3.9
Toyota,Model_535,Van,26.8,13.2,41.5,30,44,Driver only,4298,1.4
Honda,Model_536,SUV,9.3,54.2,61.2,29,26,Driver only,6375,2.0
Kia,Model_537,Compact,21.5,52.8,32.5,15,37,Driver only,5456,3.4
BMW,Model_538,Small,35.5,48.3,25.4,37,37,None,4532,3.4
Hyundai,Model_539,Sport,27.1,30.4,39.5,36,45,Driver only,6473,3.2
BMW,Model_540,Small,17.4,49.2,27.8,27,29,None,5382,1.5
Volkswagen,Model_541,SUV,20.7,19.9,25.9,29,29,Driver only,6171,4.0
Subaru,Model_542,Van,40.0,45.6,53.3,31,25,Driver & Passenger,4736,3.8
Nissan,Model_543,Compact,27.7,18.3,59.2,23,43,Driver & Passenger,6026,3.7
Toyota,Model_544,Compact,27.8,46.7,38.6,19,31,Driver & Passenger,6220,1.5
Mazda,Model_545,Sport,43.6,37.7,53.3,37,29,Driver & Passenger,4738,1.9
Nissan,Model_546,Van,20.2,14.4,21.9,26,46,Driver & Passenger,5441,4.6
Subaru,Model_547,Large,26.0,50.3,41.0,31,32,Driver & Passenger,6207,2.9
Subaru,Model_548,Large,38.1,36.0,45.7,25,45,Driver & Passenger,5142,2.7
Subaru,Model_549,Sport,36.2,39.5,38.0,25,46,Driver & Passenger,4960,4.5
Nissan,Model_550,Van,18.2,22.8,18.2,22,31,Driver & Passenger,4870,2.2
Audi,Model_551,Sport,14.0,49.2,50.9,29,38,Driver & Passenger,4088,4.3
Honda,Model_552,Van,34.1,34.5,56.5,16,20,None,4691,2.8
BMW,Model_553,SUV,17.9,29.0,45.7,36,20,Driver & Passenger,6497,3.5
Mercedes-Benz,Model_554,SUV,42.2,34.0,21.0,24,30,Driver & Passenger,6179,2.5
Honda,Model_555,Small,13.2,41.6,16.0,35,37,Driver & Passenger,5615,4.7
Lexus,Model_556,Sport,20.1,41.3,28.0,36,45,Driver & Passenger,6110,1.4
Hyundai,Model_557,Van,10.5,26.1,14.0,28,41,Driver only,5831,1.9
Chevrolet,Model_558,Large,34.2,27.3,56.5,19,21,Driver only,4107,1.8
Audi,Model_559,Van,41.0,35.3,49.3,31,25,Driver only,5719,2.0
Mazda,Model_560,SUV,31.7,51.6,41.9,32,35,Driver & Passenger,5619,2.8
Honda,Model_561,Van,42.7,43.5,59.2,33,46,None,5410,1.5
Mercedes-Benz,Model_562,Sport,13.2,27.6,17.8,21,20,Driver & Passenger,6368,1.2
Ford,Model_563,Small,11.7,25.2,49.9,32,28,Driver only,5005,3.3
Subaru,Model_564,Small,39.1,33.6,19.8,26,47,Driver & Passenger,5917,3.0
Kia,Model_565,Small,39.7,49.1,15.2,29,34,Driver & Passenger,4306,2.4
Lexus,Model_566,Small,38.8,10.4,19.0,28,35,Driver & Passenger,4280,1.7
Chevrolet,Model_567,SUV,37.7,42.0,62.4,24,33,Driver & Passenger,4207,1.5
Toyota,Model_568,Midsize,21.7,23.3,35.3,31,26,Driver & Passenger,4808,4.6
Mazda,Model_569,Sport,16.4,19.4,14.6,15,20,Driver & Passenger,4739,2.7
Hyundai,Model_570,Compact,42.4,10.5,42.9,18,35,Driver & Passenger,5669,4.8
Chevrolet,Model_571,Sport,19.7,50.3,22.6,23,28,Driver & Passenger,4918,2.3
Subaru,Model_572,Midsize,23.0,51.1,12.4,18,44,Driver & Passenger,4165,3.5
Kia,Model_573,Small,34.0,12.8,52.2,33,30,Driver & Passenger,5084,3.3
Audi,Model_574,Midsize,19.2,33.5,20.2,19,29,Driver & Passenger,6050,1.7
Kia,Model_575,Large,38.4,16.9,62.0,32,30,Driver & Passenger,6024,3.0
Nissan,Model_576,Large,11.1,44.1,43.4,29,25,Driver only,4646,2.9
Kia,Model_577,SUV,37.4,39.9,16.6,34,21,Driver & Passenger,6393,3.0
Nissan,Model_578,Sport,30.5,23.4,23.5,22,37,Driver only,5483,2.2
Lexus,Model_579,Sport,29.4,15.3,44.4,16,31,Driver & Passenger,6481,2.0
Audi,Model_580,Compact,25.2,47.4,29.9,27,33,Driver only,4955,2.6
Hyundai,Model_581,SUV,18.6,40.3,40.2,27,27,None,4960,4.7
Hyundai,Model_582,Compact,25.4,10.3,54.4,28,44,None,4704,3.3
Subaru,Model_583,Large,24.9,38.3,54.0,29,23,Driver & Passenger,6400,2.9
Nissan,Model_584,Small,29.8,46.5,49.0,35,37,Driver & Passenger,6109,1.8
Toyota,Model_585,Midsize,18.8,36.6,59.0,26,40,Driver & Passenger,4507,4.7
Kia,Model_586,Compact,11.3,29.1,22.6,37,32,None,6100,3.6
Kia,Model_587,Van,13.8,36.3,21.4,19,42,Driver & Passenger,5544,5.0
Toyota,Model_588,Compact,34.0,37.9,54.4,17,33,Driver & Passenger,5664,1.7
Hyundai,Model_589,Small,9.3,38.8,29.0,32,39,Driver & Passenger,4398,2.6
Ford,Model_590,Small,39.8,53.5,39.1,17,47,Driver only,5880,2.3
Lexus,Model_591,Sport,33.8,18.0,51.4,28,44,Driver only,5131,2.3
BMW,Model_592,Midsize,36.5,38.0,33.0,16,47,Driver & Passenger,4803,1.1
Hyundai,Model_593,Small,39.0,18.5,18.9,32,34,None,6441,3.2
Mazda,Model_594,SUV,13.0,19.4,48.0,27,39,Driver & Passenger,5585,3.4
Mercedes-Benz,Model_595,Compact,38.5,40.1,55.3,16,43,None,4068,1.2
Nissan,Model_596,Compact,26.9,51.2,12.7,26,38,None,4097,4.5
Toyota,Model_597,Large,40.8,17.2,41.8,16,47,Driver only,5638,1.8
Mercedes-Benz,Model_598,Small,40.9,53.3,36.9,22,33,Driver only,4015,1.6
Audi,Model_599,Van,9.4,24.4,25.8,19,31,Driver & Passenger,5102,1.7
Hyundai,Model_600,Sport,22.5,27.6,20.5,25,41,Driver only,5766,2.7
Nissan,Model_601,Midsize,27.7,16.9,22.0,27,34,Driver & Passenger,6457,1.3
BMW,Model_602,Van,33.3,37.7,50.4,35,25,Driver & Passenger,5986,4.3
Mercedes-Benz,Model_603,Sport,18.9,36.8,40.4,31,38,Driver & Passenger,5234,3.7
Audi,Model_604,Compact,17.7,29.9,64.0,30,21,Driver & Passenger,4183,2.9
Chevrolet,Model_605,Van,22.4,31.4,24.9,33,25,Driver only,5943,3.0
Subaru,Model_606,Sport,26.8,38.0,62.7,29,42,Driver only,6242,2.6
Kia,Model_607,Compact,43.2,36.3,39.3,32,42,None,4039,3.9
Chevrolet,Model_608,Compact,36.3,26.8,19.7,20,45,Driver only,4702,4.8
Nissan,Model_609,Compact,24.2,49.8,19.9,18,30,Driver & Passenger,5338,3.2
BMW,Model_610,Compact,10.5,40.0,44.3,18,20,Driver & Passenger,6108,3.3
Hyundai,Model_611,SUV,14.7,19.2,56.1,27,47,None,5715,3.1
Mercedes-Benz,Model_612,Compact,25.1,24.4,51.6,23,41,Driver only,6083,4.6
Lexus,Model_613,Large,38.2,45.5,46.7,24,28,Driver & Passenger,5251,3.5
Subaru,Model_614,Van,22.4,14.7,21.1,28,32,Driver only,4542,4.5
Nissan,Model_615,Sport,28.2,43.8,17.7,22,28,None,5146,3.3
Hyundai,Model_616,Large,41.1,26.1,12.0,17,34,Driver & Passenger,6310,3.8
Toyota,Model_617,SUV,41.9,34.8,17.4,23,47,Driver & Passenger,6170,3.6
Lexus,Model_618,Large,16.4,22.6,52.6,15,37,Driver & Passenger,6265,2.8
Lexus,Model_619,Small,10.1,54.4,59.4,29,23,Driver & Passenger,5369,1.5
Lexus,Model_620,Small,19.6,50.8,24.7,29,41,Driver & Passenger,4275,2.7
Honda,Model_621,Small,33.9,51.8,54.1,21,23,None,4928,4.5
Nissan,Model_622,Midsize,43.2,18.3,22.5,29,31,None,4912,3.6
Subaru,Model_623,Small,11.3,47.9,25.2,21,28,Driver & Passenger,5508,4.8
Kia,Model_624,Sport,9.5,34.1,23.9,27,37,Driver & Passenger,6053,2.1
Kia,Model_625,Large,40.8,41.9,14.7,26,45,Driver & Passenger,6170,2.9
Nissan,Model_626,Sport,35.8,19.8,22.3,32,25,Driver only,5109,4.0
Audi,Model_627,Van,44.7,42.0,31.8,21,36,Driver & Passenger,5765,1.5
Honda,Model_628,Small,23.0,51.1,33.5,21,44,Driver only,4361,1.4
Toyota,Model_629,SUV,23.7,22.0,28.4,29,36,None,4040,4.0
Lexus,Model_630,Midsize,14.8,20.5,39.3,23,32,Driver & Passenger,5753,3.7
Lexus,Model_631,Van,12.7,14.7,32.0,20,31,Driver & Passenger,5371,2.9
Nissan,Model_632,SUV,29.6,22.0,63.4,23,33,Driver & Passenger,4113,1.3
Audi,Model_633,Midsize,21.8,34.1,54.8,33,27,Driver & Passenger,5900,3.5
Kia,Model_634,Van,11.4,47.5,61.3,34,34,Driver only,6247,3.7
Kia,Model_635,Large,40.9,22.5,41.5,30,28,None,5158,2.2
BMW,Model_636,Sport,15.7,38.0,48.0,30,20,None,6246,1.4
Nissan,Model_637,Compact,35.8,31.6,20.8,15,36,Driver & Passenger,4156,3.0
Honda,Model_638,Sport,18.8,23.0,51.9,37,29,None,5346,2.9
Ford,Model_639,Small,38.2,33.0,24.5,27,42,Driver & Passenger,5935,2.2
Honda,Model_640,SUV,12.8,17.6,19.7,33,45,Driver only,5534,3.3
Hyundai,Model_641,Compact,36.1,38.8,14.2,18,24,Driver & Passenger,4849,3.4
Kia,Model_642,Midsize,12.1,15.2,37.0,33,30,Driver only,4043,4.7
Kia,Model_643,Large,24.8,42.9,27.2,36,22,None,5740,4.1
Chevrolet,Model_644,Large,35.3,18.0,64.3,24,44,Driver & Passenger,6370,4.2
Kia,Model_645,Midsize,14.8,54.9,25.2,27,21,Driver & Passenger,4221,1.7
Toyota,Model_646,Small,18.9,47.1,57.9,15,41,Driver only,6306,2.8
Mazda,Model_647,Midsize,40.1,25.5,28.8,27,23,Driver only,4601,1.8
Nissan,Model_648,Van,40.8,29.2,51.7,24,40,None,4614,1.7
Mercedes-Benz,Model_649,SUV,10.1,21.7,47.0,29,21,Driver & Passenger,4993,3.0
Honda,Model_650,SUV,14.6,44.5,41.8,29,20,None,5286,2.1
Mazda,Model_651,Small,12.8,27.1,34.1,21,28,Driver & Passenger,4026,1.9
Audi,Model_652,Compact,15.1,44.0,47.6,28,22,Driver & Passenger,5030,3.9
Ford,Model_653,Midsize,43.9,10.8,33.6,22,25,Driver only,5287,1.1
Toyota,Model_654,Small,28.6,16.1,41.0,33,33,Driver & Passenger,6403,4.0
Subaru,Model_655,SUV,25.6,26.4,43.3,32,44,Driver only,5244,4.6
Volkswagen,Model_656,Compact,44.4,14.9,26.2,29,20,Driver only,5177,3.8
Honda,Model_657,Midsize,28.8,37.1,30.0,23,31,Driver & Passenger,4275,1.8
Mazda,Model_658,Large,32.6,12.3,13.0,26,40,Driver & Passenger,4220,3.9
Subaru,Model_659,Midsize,20.6,48.7,57.2,35,35,Driver & Passenger,5614,3.0
Ford,Model_660,Sport,22.4,44.3,52.1,36,39,Driver & Passenger,4050,3.6
Chevrolet,Model_661,Midsize,30.2,19.7,21.7,28,38,Driver & Passenger,4841,2.6
Subaru,Model_662,Sport,11.0,31.8,31.2,16,37,None,4239,1.8
Toyota,Model_663,Compact,17.8,30.3,34.3,19,33,Driver & Passenger,4127,1.1
Toyota,Model_664,Midsize,15.7,42.6,29.7,36,22,Driver & Passenger,6276,4.0
Mercedes-Benz,Model_665,Compact,9.1,28.1,54.3,19,33,Driver & Passenger,5370,2.7
Chevrolet,Model_666,Compact,28.1,11.5,50.4,28,36,Driver & Passenger,6242,2.0
Volkswagen,Model_667,SUV,29.0,22.3,52.7,18,32,Driver & Passenger,4100,3.5
Nissan,Model_668,Small,22.5,31.0,59.9,16,20,Driver & Passenger,4711,4.2
Subaru,Model_669,Compact,18.3,53.9,43.5,15,27,Driver & Passenger,4161,3.1
Chevrolet,Model_670,Compact,32.3,49.7,44.6,16,40,Driver only,4392,4.0
Toyota,Model_671,SUV,13.4,18.2,50.3,27,21,Driver & Passenger,5209,2.4
Toyota,Model_672,SUV,27.4,42.5,48.1,34,38,Driver & Passenger,5104,3.6
Mazda,Model_673,Midsize,36.5,52.2,58.1,31,34,Driver & Passenger,5719,3.5
Kia,Model_674,SUV,14.5,10.4,52.8,27,33,Driver & Passenger,4748,1.7
Volkswagen,Model_675,Midsize,36.0,42.4,18.4,31,33,Driver & Passenger,5749,4.0
Subaru,Model_676,Large,36.3,30.7,61.2,19,37,Driver & Passenger,6128,4.0
Mercedes-Benz,Model_677,SUV,10.7,40.6,48.2,22,34,Driver & Passenger,5724,3.6
Mercedes-Benz,Model_678,Small,9.2,37.3,18.7,36,29,Driver & Passenger,4200,2.5
Subaru,Model_679,Compact,44.0,54.3,52.9,36,37,Driver & Passenger,4702,3.2
Hyundai,Model_680,Small,15.6,23.0,31.0,26,39,Driver & Passenger,4681,2.8
Lexus,Model_681,Sport,38.5,45.4,54.7,23,47,Driver & Passenger,4882,1.0
Ford,Model_682,SUV,29.0,20.6,62.6,32,23,Driver only,6269,1.0
Mercedes-Benz,Model_683,Compact,18.2,29.6,25.5,30,26,Driver & Passenger,6064,1.8
Chevrolet,Model_684,Small,13.2,53.9,57.4,33,21,Driver & Passenger,4237,4.7
Ford,Model_685,SUV,26.6,44.5,53.0,36,28,Driver & Passenger,6393,3.5
Chevrolet,Model_686,SUV,23.4,24.2,47.6,22,42,Driver only,5268,2.6
Audi,Model_687,Large,34.0,37.9,32.4,21,23,Driver & Passenger,6497,3.4
Toyota,Model_688,Large,41.5,12.2,17.8,35,31,Driver & Passenger,5327,1.3
Kia,Model_689,Compact,37.9,22.0,37.6,23,42,Driver & Passenger,5136,1.4
Mazda,Model_690,Sport,18.5,42.3,17.6,36,29,Driver & Passenger,6464,1.3
Mercedes-Benz,Model_691,Large,40.6,35.7,38.5,26,30,None,5829,4.3
Kia,Model_692,Large,38.9,31.1,55.5,28,20,Driver & Passenger,4256,5.0
Kia,Model_693,Sport,42.4,41.1,64.9,24,32,Driver only,6102,1.9
Kia,Model_694,Small,25.2,27.9,22.5,30,26,None,6486,2.9
Lexus,Model_695,Large,36.6,11.2,23.0,16,25,Driver & Passenger,5161,1.5
Ford,Model_696,Midsize,30.1,29.8,55.0,20,28,Driver only,5395,4.5
Chevrolet,Model_697,Van,19.8,50.6,36.9,25,43,Driver only,5630,1.6
Hyundai,Model_698,Van,44.8,48.5,60.5,18,37,Driver & Passenger,4023,3.1
Audi,Model_699,Large,9.9,28.4,52.8,19,46,Driver & Passenger,4091,3.3
Honda,Model_700,Small,14.4,11.0,51.0,19,22,Driver & Passenger,4495,2.9
Kia,Model_701,SUV,41.1,38.6,17.4,31,32,None,6140,1.2
Nissan,Model_702,Small,10.7,43.4,13.9,19,22,Driver & Passenger,4378,3.7
Ford,Model_703,Compact,40.9,23.2,28.8,25,32,Driver & Passenger,5028,4.5
Mercedes-Benz,Model_704,Midsize,34.6,31.4,23.5,23,47,None,4432,1.4
Volkswagen,Model_705,Small,9.8,54.6,49.8,29,25,Driver & Passenger,5115,3.9
Mercedes-Benz,Model_706,Sport,24.2,35.9,35.9,17,37,Driver & Passenger,4310,4.3
Mazda,Model_707,Midsize,36.0,25.8,39.7,30,46,None,6093,1.7
Honda,Model_708,Van,29.8,38.2,55.1,23,21,Driver & Passenger,4761,5.0
Hyundai,Model_709,Midsize,42.7,18.1,37.4,37,39,Driver & Passenger,5479,2.2
Nissan,Model_710,Sport,40.2,19.0,40.9,20,36,Driver & Passenger,6271,2.2
Mercedes-Benz,Model_711,Large,20.6,51.6,56.6,23,20,Driver & Passenger,6214,3.3
Hyundai,Model_712,Sport,11.6,20.8,34.9,36,36,Driver only,4998,4.3
Honda,Model_713,Sport,43.0,24.0,16.4,33,24,Driver & Passenger,4405,2.8
Kia,Model_714,Large,27.4,34.5,39.7,20,28,Driver & Passenger,6365,3.2
Nissan,Model_715,Large,11.2,50.5,42.7,25,23,None,5220,3.5
Hyundai,Model_716,Large,38.3,45.2,39.1,16,33,Driver & Passenger,5865,4.2
Mazda,Model_717,Large,40.2,12.0,25.7,32,27,Driver & Passenger,4932,3.6
Chevrolet,Model_718,Large,31.8,41.2,23.9,21,42,Driver & Passenger,4662,1.7
Toyota,Model_719,Sport,24.8,32.7,31.6,37,32,Driver & Passenger,5759,3.4
Chevrolet,Model_720,Compact,32.7,31.4,20.8,35,25,Driver & Passenger,5751,1.9
Honda,Model_721,Compact,34.3,41.1,47.3,18,33,Driver & Passenger,5923,2.7
Ford,Model_722,Small,41.1,18.8,44.6,21,28,Driver & Passenger,5012,4.5
Toyota,Model_723,Compact,43.4,54.2,45.5,31,45,Driver only,5061,1.5
Audi,Model_724,Van,27.3,39.0,23.9,18,36,None,5034,2.4
Mazda,Model_725,Compact,37.6,26.5,25.1,27,26,Driver only,5433,3.2
Audi,Model_726,Sport,43.7,37.0,53.7,34,28,Driver only,5525,4.5
Lexus,Model_727,Large,14.0,19.7,48.6,33,34,None,4550,4.1
Nissan,Model_728,Large,9.2,38.5,58.4,18,29,Driver & Passenger,6103,2.7
Subaru,Model_729,SUV,40.2,11.3,33.4,27,33,Driver & Passenger,5952,3.0
Toyota,Model_730,SUV,15.6,25.4,41.0,15,35,Driver only,4111,4.4
Audi,Model_731,SUV,10.1,43.6,51.2,16,21,Driver & Passenger,4147,4.5
Mercedes-Benz,Model_732,Sport,14.3,46.4,63.6,21,23,Driver & Passenger,5331,3.1
Audi,Model_733,Van,22.5,21.4,64.5,37,40,Driver & Passenger,5324,1.8
Hyundai,Model_734,Compact,16.5,34.3,65.0,31,34,Driver & Passenger,4780,3.0
Chevrolet,Model_735,Sport,19.6,33.8,59.2,21,30,Driver & Passenger,4058,4.7
Hyundai,Model_736,Small,44.1,29.0,45.9,36,40,Driver & Passenger,6370,3.4
Lexus,Model_737,Large,34.2,20.3,12.4,27,30,Driver & Passenger,5460,4.1
Toyota,Model_738,SUV,34.5,41.6,49.1,31,42,Driver only,5424,1.1
Toyota,Model_739,Midsize,12.0,21.4,24.6,15,45,Driver only,4454,3.5
Lexus,Model_740,Small,35.2,51.0,15.0,16,43,Driver & Passenger,4377,3.4
Honda,Model_741,SUV,35.5,33.8,49.0,20,32,Driver only,4556,2.9
Hyundai,Model_742,Van,32.6,49.2,52.1,26,35,Driver only,6350,3.7
BMW,Model_743,Small,16.8,23.1,46.9,27,28,None,5229,4.5
Mercedes-Benz,Model_744,Sport,23.9,46.3,31.4,34,40,Driver & Passenger,5887,4.7
Volkswagen,Model_745,Compact,39.4,15.1,39.1,34,21,Driver & Passenger,4752,2.0
Chevrolet,Model_746,Large,33.0,44.5,61.6,36,21,Driver & Passenger,5433,3.0
Toyota,Model_747,Van,35.2,27.4,50.7,23,24,Driver only,4879,2.2
Honda,Model_748,Van,29.9,31.1,38.7,31,24,Driver only,5487,2.7
Subaru,Model_749,Midsize,24.9,17.5,43.5,32,24,Driver only,4315,3.0
Mercedes-Benz,Model_750,Small,36.2,10.8,61.2,22,33,None,5536,4.1
Hyundai,Model_751,Midsize,11.0,40.0,32.9,22,25,Driver only,5241,4.7
Chevrolet,Model_752,Compact,33.1,36.4,17.4,25,47,Driver only,5722,3.3
Subaru,Model_753,SUV,44.9,38.0,29.3,36,35,Driver & Passenger,4605,5.0
Hyundai,Model_754,Compact,37.0,21.5,34.0,36,35,Driver & Passenger,4040,3.3
Audi,Model_755,SUV,19.1,20.8,26.5,22,27,Driver only,4343,4.2
Subaru,Model_756,Midsize,18.6,47.4,40.0,32,46,Driver only,4677,1.6
Lexus,Model_757,Large,32.9,44.3,28.2,32,24,None,4930,1.0
Hyundai,Model_758,Compact,41.2,25.2,17.5,27,32,Driver & Passenger,4658,1.1
Honda,Model_759,Midsize,29.6,38.7,22.0,15,22,Driver only,5460,4.6
Chevrolet,Model_760,Small,27.8,47.3,60.7,29,28,Driver & Passenger,6423,1.3
Kia,Model_761,Midsize,14.4,50.0,45.4,36,23,None,6281,3.5
Hyundai,Model_762,Midsize,34.6,10.3,28.7,20,47,Driver & Passenger,5357,3.3
Nissan,Model_763,Sport,34.1,46.6,31.4,20,27,Driver & Passenger,4859,4.1
Nissan,Model_764,Compact,43.8,25.8,38.1,27,35,Driver & Passenger,4899,2.3
Chevrolet,Model_765,Large,19.5,42.3,47.7,16,44,Driver & Passenger,5902,2.4
Subaru,Model_766,Large,36.1,26.7,42.9,37,30,Driver & Passenger,5880,2.4
Hyundai,Model_767,Sport,24.3,37.3,61.4,33,42,Driver & Passenger,5782,1.7
Honda,Model_768,SUV,28.9,39.1,45.2,31,38,Driver only,6294,1.8
Volkswagen,Model_769,Van,38.3,28.2,60.3,15,29,Driver only,4731,1.8
Nissan,Model_770,SUV,16.6,33.1,12.3,28,46,Driver only,6405,1.6
Honda,Model_771,Large,21.0,42.7,59.2,30,41,Driver & Passenger,4392,4.1
Nissan,Model_772,Midsize,36.7,31.4,50.2,29,26,Driver & Passenger,4691,3.4
Audi,Model_773,Sport,29.3,10.6,21.1,23,31,Driver & Passenger,6385,3.3
Hyundai,Model_774,Small,11.9,10.6,25.9,33,42,Driver & Passenger,5091,3.7
Audi,Model_775,Compact,24.2,39.8,40.8,22,27,Driver only,4611,2.4
Mercedes-Benz,Model_776,Compact,29.9,48.1,18.6,29,29,Driver & Passenger,5013,3.9
Nissan,Model_777,Compact,41.7,45.3,53.6,24,24,Driver & Passenger,5442,2.1
Kia,Model_778,Midsize,15.4,24.0,53.9,37,24,Driver only,4590,4.3
Kia,Model_779,Small,37.9,31.2,28.0,16,32,Driver & Passenger,6236,3.5
Audi,Model_780,Sport,13.3,20.5,15.7,32,21,Driver & Passenger,4165,4.3
Lexus,Model_781,Sport,17.3,54.5,64.4,34,31,None,5589,1.2
Hyundai,Model_782,Compact,17.4,21.7,25.3,16,30,Driver & Passenger,4158,4.4
Kia,Model_783,Small,40.5,28.7,15.6,35,21,Driver & Passenger,5072,1.4
Nissan,Model_784,Small,15.8,40.7,29.5,26,34,Driver & Passenger,4223,3.7
Chevrolet,Model_785,Small,37.2,49.4,63.4,24,39,None,6240,1.9
Audi,Model_786,Large,25.4,12.3,54.0,26,26,None,5071,1.2
Mercedes-Benz,Model_787,Large,45.0,23.5,37.5,21,27,Driver & Passenger,4104,2.0
Volkswagen,Model_788,Compact,39.1,35.6,28.2,16,22,Driver only,4961,2.6
Volkswagen,Model_789,Small,35.5,37.8,34.4,15,36,Driver & Passenger,4280,1.6
Ford,Model_790,Van,40.3,13.2,12.9,16,39,Driver & Passenger,4020,1.4
Hyundai,Model_791,Small,31.6,39.9,50.1,37,25,Driver & Passenger,5817,5.0
Subaru,Model_792,Sport,39.3,33.8,17.3,35,41,Driver & Passenger,5895,1.3
Hyundai,Model_793,Sport,18.0,47.2,39.5,31,44,Driver only,5439,1.8
Kia,Model_794,Compact,12.1,20.0,42.0,34,34,Driver & Passenger,4173,2.0
Kia,Model_795,Van,31.0,18.8,12.1,22,32,Driver & Passenger,4752,2.3
Subaru,Model_796,Small,24.4,45.7,63.9,35,42,Driver & Passenger,4260,1.5
Toyota,Model_797,SUV,24.1,41.7,28.0,26,32,Driver & Passenger,4167,4.4
Mercedes-Benz,Model_798,Van,27.7,45.6,16.1,16,31,Driver & Passenger,4564,4.7
BMW,Model_799,Compact,21.7,45.2,57.3,23,33,None,4220,3.2
Audi,Model_800,Sport,31.4,14.7,20.1,31,28,Driver & Passenger,5362,3.3
Lexus,Model_801,SUV,9.6,22.5,13.3,31,29,Driver & Passenger,4871,5.0
Mercedes-Benz,Model_802,Sport,43.9,21.7,38.2,24,46,Driver & Passenger,4796,4.5
Mazda,Model_803,Large,42.3,52.1,18.9,27,24,Driver only,5130,2.6
Kia,Model_804,Compact,42.6,31.9,64.1,19,40,Driver & Passenger,4554,4.0
Hyundai,Model_805,Compact,21.8,15.0,12.6,28,24,Driver & Passenger,6190,2.1
Ford,Model_806,Small,27.9,23.0,14.7,28,40,Driver & Passenger,5625,1.2
Volkswagen,Model_807,Small,43.3,49.2,56.2,29,39,Driver & Passenger,6400,1.1
Kia,Model_808,Large,41.4,48.1,24.7,36,25,Driver & Passenger,4227,3.2
Ford,Model_809,SUV,37.3,50.5,60.3,19,31,Driver & Passenger,5119,3.0
Nissan,Model_810,Midsize,23.4,27.5,28.5,36,36,Driver only,4497,1.6
Mercedes-Benz,Model_811,Van,29.1,38.9,15.7,20,35,Driver only,5024,4.4
Nissan,Model_812,Midsize,37.4,22.5,12.6,23,37,None,6226,3.3
BMW,Model_813,Midsize,18.5,18.1,27.0,23,44,None,6208,2.5
Chevrolet,Model_814,Compact,31.4,11.0,37.1,35,41,Driver & Passenger,5561,3.0
Mazda,Model_815,Van,38.7,20.1,12.1,18,25,Driver & Passenger,5961,1.4
Mercedes-Benz,Model_816,Compact,34.3,37.2,42.8,15,29,Driver & Passenger,4309,4.6
Toyota,Model_817,Van,26.0,50.7,29.7,36,39,Driver & Passenger,6092,2.2
BMW,Model_818,Sport,29.8,16.0,32.7,37,40,Driver only,5690,1.7
Honda,Model_819,Compact,44.6,51.3,25.9,37,28,Driver & Passenger,4211,2.7
Toyota,Model_820,Compact,30.5,25.5,40.0,29,21,Driver & Passenger,5543,2.1
Hyundai,Model_821,Compact,37.2,29.2,24.2,28,22,Driver & Passenger,5881,2.2
Audi,Model_822,SUV,35.0,26.4,19.1,15,29,Driver only,5546,4.3
Hyundai,Model_823,Large,34.1,28.4,59.2,20,27,Driver & Passenger,6388,3.2
Mercedes-Benz,Model_824,Compact,34.6,21.7,32.7,22,28,None,4199,4.7
Honda,Model_825,Small,25.1,41.4,16.1,17,47,Driver & Passenger,5657,4.8
Honda,Model_826,Small,25.8,44.1,24.2,31,40,Driver only,4301,5.0
BMW,Model_827,Van,25.6,47.0,28.4,37,38,Driver only,4139,1.5
Subaru,Model_828,Sport,9.7,25.4,52.8,34,20,Driver & Passenger,4746,4.6
Hyundai,Model_829,Large,17.3,44.4,13.2,19,47,None,4012,2.2
Chevrolet,Model_830,SUV,14.1,38.7,37.3,32,21,Driver & Passenger,4371,3.5
Mercedes-Benz,Model_831,Van,40.9,53.1,33.6,21,39,Driver only,5449,4.5
Subaru,Model_832,Small,18.5,29.1,63.3,31,23,Driver & Passenger,5012,1.4
BMW,Model_833,Large,13.6,54.7,21.5,29,35,Driver & Passenger,6149,1.6
Audi,Model_834,Large,12.9,43.3,45.3,34,40,Driver & Passenger,5416,3.9
Volkswagen,Model_835,Sport,34.0,44.9,22.7,30,44,Driver only,5667,2.4
Kia,Model_836,Large,8.7,11.2,41.1,27,31,Driver & Passenger,4873,3.6
Kia,Model_837,Compact,25.7,32.4,41.4,21,21,Driver & Passenger,5523,1.5
Chevrolet,Model_838,Large,12.8,33.8,16.0,29,34,Driver & Passenger,5078,4.9
Audi,Model_839,Sport,39.5,11.8,36.2,37,37,Driver & Passenger,6143,3.0
Lexus,Model_840,Van,43.5,24.0,36.4,37,35,Driver & Passenger,5336,4.5
Chevrolet,Model_841,Sport,43.5,53.0,28.9,19,40,Driver & Passenger,6470,3.7
Mercedes-Benz,Model_842,SUV,24.6,29.2,26.7,26,31,Driver & Passenger,4667,4.8
Mercedes-Benz,Model_843,Sport,32.0,18.4,23.9,24,37,None,4665,3.3
Ford,Model_844,Small,30.4,33.1,12.3,33,33,Driver only,4504,2.2
Subaru,Model_845,Compact,21.3,11.5,12.1,24,45,None,5636,3.5
Lexus,Model_846,Small,24.7,33.2,43.3,21,40,Driver only,4353,5.0
Kia,Model_847,Van,10.8,36.7,27.4,37,31,Driver only,6069,4.3
Honda,Model_848,Midsize,37.5,26.1,20.9,36,24,Driver & Passenger,4172,2.8
Subaru,Model_849,Van,17.3,44.3,48.3,29,42,Driver & Passenger,6496,4.3
Mazda,Model_850,Compact,25.3,16.1,40.0,23,23,None,5375,3.8
Mercedes-Benz,Model_851,Large,26.0,49.5,60.5,20,37,None,5518,4.8
Hyundai,Model_852,Sport,29.0,53.0,56.0,35,43,Driver & Passenger,5169,2.5
Hyundai,Model_853,Midsize,38.4,10.1,50.5,25,36,Driver & Passenger,5290,1.2
Audi,Model_854,Compact,33.8,47.9,18.7,20,35,Driver & Passenger,4994,1.3
Toyota,Model_855,Small,32.7,32.8,47.3,34,29,Driver & Passenger,4387,4.1
Chevrolet,Model_856,Sport,27.7,30.8,48.8,29,36,Driver & Passenger,4033,3.8
Mercedes-Benz,Model_857,Van,12.0,20.7,52.5,27,31,Driver & Passenger,4303,3.9
Subaru,Model_858,Small,23.2,30.1,25.9,20,31,None,4082,3.7
Lexus,Model_859,Compact,43.4,52.8,45.9,34,46,None,5583,2.8
Hyundai,Model_860,Compact,44.8,19.5,44.8,35,47,Driver & Passenger,4483,1.3
Hyundai,Model_861,Van,35.2,18.1,32.4,29,42,None,5429,4.3
Subaru,Model_862,Midsize,16.8,20.9,47.2,20,23,Driver & Passenger,4366,1.7
Toyota,Model_863,Van,12.2,34.8,16.6,30,22,Driver & Passenger,6367,5.0
Hyundai,Model_864,Large,23.6,51.9,46.1,15,20,Driver & Passenger,6096,1.8
Mazda,Model_865,Small,39.8,35.8,44.1,20,31,Driver & Passenger,5718,1.3
Toyota,Model_866,Midsize,34.8,21.0,23.2,30,27,Driver only,5627,2.5
BMW,Model_867,Sport,40.8,29.8,55.4,36,27,Driver & Passenger,6318,2.3
Nissan,Model_868,SUV,31.0,27.6,58.3,15,31,Driver & Passenger,4478,4.9
BMW,Model_869,Large,13.3,12.1,23.2,21,23,None,5662,2.6
Kia,Model_870,Midsize,12.7,33.0,16.0,24,35,Driver & Passenger,6393,1.2
Subaru,Model_871,SUV,10.3,15.7,44.0,35,21,Driver & Passenger,5922,4.9
Mercedes-Benz,Model_872,SUV,29.2,47.9,37.4,22,23,Driver & Passenger,5926,4.1
Mercedes-Benz,Model_873,Small,17.4,34.7,34.7,35,42,Driver only,4211,5.0
Mercedes-Benz,Model_874,Compact,35.3,48.0,52.3,19,23,None,4912,2.3
Hyundai,Model_875,Sport,33.5,53.0,63.4,32,30,None,6127,1.5
Nissan,Model_876,Van,20.1,52.4,37.3,18,46,None,4111,2.6
BMW,Model_877,Small,15.0,14.5,12.3,34,22,None,4277,1.6
Nissan,Model_878,Large,12.2,52.5,43.6,30,29,None,6446,1.6
Volkswagen,Model_879,SUV,35.4,45.8,46.7,24,31,Driver & Passenger,5593,4.6
Subaru,Model_880,Large,24.9,45.0,55.9,30,36,None,5851,5.0
Nissan,Model_881,SUV,20.3,14.1,22.6,22,28,None,6379,5.0
Honda,Model_882,Compact,39.8,18.1,39.8,33,40,Driver & Passenger,4166,2.8
Chevrolet,Model_883,Compact,30.2,53.9,35.7,15,21,Driver & Passenger,4898,2.0
Chevrolet,Model_884,Sport,27.4,19.6,47.2,37,41,None,6491,1.7
Honda,Model_885,Van,35.6,17.6,15.4,23,37,Driver only,5431,2.5
Hyundai,Model_886,Sport,38.3,26.3,58.9,20,31,Driver & Passenger,5462,3.4
Ford,Model_887,Compact,33.5,51.1,39.1,27,25,Driver & Passenger,4513,4.0
Hyundai,Model_888,Compact,24.6,31.4,58.5,27,44,Driver only,4406,3.1
Hyundai,Model_889,Large,22.3,51.4,30.0,32,37,Driver only,4982,4.4
Toyota,Model_890,Compact,36.7,25.0,46.6,28,32,None,4711,4.7
Lexus,Model_891,Midsize,27.4,20.2,62.7,16,34,None,5643,4.5
Hyundai,Model_892,SUV,34.2,32.3,62.0,30,20,Driver & Passenger,5163,2.5
Hyundai,Model_893,Small,41.0,37.7,62.0,31,42,Driver & Passenger,4200,4.8
Toyota,Model_894,Compact,41.9,27.6,14.3,36,27,Driver & Passenger,6284,4.7
Nissan,Model_895,Sport,18.6,25.6,33.4,30,37,Driver & Passenger,5536,2.6
BMW,Model_896,Van,15.4,19.8,15.2,28,39,Driver & Passenger,5890,2.7
BMW,Model_897,SUV,18.0,22.4,28.4,27,43,Driver & Passenger,5589,1.3
Chevrolet,Model_898,SUV,35.9,40.3,21.3,30,31,Driver & Passenger,4957,4.7
Audi,Model_899,Van,22.0,26.6,44.9,15,39,Driver & Passenger,4518,1.4
Hyundai,Model_900,Van,14.8,13.6,53.4,31,31,Driver & Passenger,6459,3.0
Volkswagen,Model_901,SUV,12.1,16.2,39.2,15,44,Driver & Passenger,4751,3.9
Subaru,Model_902,Midsize,20.4,26.8,54.2,24,20,None,5797,4.5
Kia,Model_903,Sport,13.5,51.6,12.7,19,29,Driver only,4701,3.3
Mazda,Model_904,Midsize,14.2,27.1,55.5,21,42,Driver only,4011,3.7
BMW,Model_905,Compact,33.5,12.7,21.5,18,38,Driver & Passenger,4171,3.8
Subaru,Model_906,Small,9.2,28.8,36.4,15,46,None,4310,1.1
Mazda,Model_907,Van,12.8,40.1,35.5,15,47,Driver & Passenger,5118,4.8
Subaru,Model_908,Sport,39.3,36.7,58.3,24,45,Driver only,6292,2.4
Nissan,Model_909,Van,39.3,22.5,63.2,17,46,Driver only,6004,1.7
Mazda,Model_910,Midsize,20.5,41.0,25.5,19,46,Driver & Passenger,4337,2.9
Kia,Model_911,Large,11.7,38.4,15.6,27,38,Driver & Passenger,5797,3.9
Subaru,Model_912,Compact,34.2,17.7,46.5,35,30,Driver & Passenger,4063,4.3
Honda,Model_913,Small,21.6,17.3,38.7,23,42,Driver & Passenger,4720,3.9
Kia,Model_914,Compact,10.2,34.6,42.0,22,41,Driver & Passenger,5570,2.6
Mazda,Model_915,Large,14.3,39.7,14.5,25,22,Driver only,6058,3.7
Kia,Model_916,Small,13.5,53.3,53.1,28,33,None,4790,2.7
Subaru,Model_917,Large,30.0,29.0,24.3,22,37,Driver only,5336,4.9
Ford,Model_918,Compact,41.3,44.4,29.8,35,46,Driver & Passenger,5104,5.0
Subaru,Model_919,Midsize,37.4,15.2,24.1,24,46,Driver & Passenger,6417,2.0
Subaru,Model_920,SUV,28.4,50.0,62.1,17,25,Driver & Passenger,5188,2.9
Nissan,Model_921,Compact,23.9,38.5,20.9,18,45,Driver & Passenger,4079,3.3
Hyundai,Model_922,Compact,31.1,38.3,50.8,37,42,Driver only,5052,3.5
Honda,Model_923,Compact,24.7,16.4,25.0,26,28,None,5691,2.7
Volkswagen,Model_924,Sport,17.5,11.8,34.5,23,44,Driver & Passenger,5641,3.1
BMW,Model_925,Large,33.3,41.6,64.8,25,28,Driver & Passenger,4983,3.2
Hyundai,Model_926,Large,40.4,15.3,17.3,25,46,Driver only,6321,2.6
Toyota,Model_927,Van,22.1,15.7,58.7,30,45,Driver & Passenger,6288,2.3
Hyundai,Model_928,Large,39.2,18.4,62.1,27,36,None,5252,3.5
Toyota,Model_929,Van,24.2,14.4,49.0,28,23,Driver only,4664,2.8
Nissan,Model_930,Sport,23.1,38.1,12.5,21,23,Driver only,6403,4.9
Honda,Model_931,Midsize,9.5,29.0,55.5,26,45,None,5518,2.5
Mercedes-Benz,Model_932,Van,33.9,22.0,58.8,33,43,Driver only,6351,1.8
Subaru,Model_933,Compact,38.0,29.8,64.0,22,38,Driver & Passenger,6390,2.7
Mercedes-Benz,Model_934,Midsize,32.7,48.0,56.5,18,35,Driver only,6225,3.6
Mercedes-Benz,Model_935,SUV,14.0,51.7,35.6,36,36,Driver & Passenger,5993,2.8
Lexus,Model_936,Sport,12.3,31.9,48.5,31,22,None,5354,2.1
Chevrolet,Model_937,Large,29.4,35.5,37.7,16,41,Driver & Passenger,5064,3.0
Mercedes-Benz,Model_938,Van,23.2,21.6,30.7,37,26,Driver only,4260,2.8
BMW,Model_939,Compact,24.2,33.1,45.2,36,44,None,5285,4.8
Ford,Model_940,Small,43.8,43.7,52.8,27,24,Driver & Passenger,4386,1.1
Chevrolet,Model_941,SUV,34.9,32.1,45.7,35,40,Driver only,4300,2.6
Nissan,Model_942,Small,23.5,23.6,55.8,21,22,Driver & Passenger,5253,2.4
Hyundai,Model_943,Midsize,9.2,36.2,21.3,32,31,Driver & Passenger,5724,1.9
Hyundai,Model_944,Large,9.7,52.6,31.8,24,38,Driver & Passenger,5135,3.2
Ford,Model_945,Small,33.5,50.0,28.6,18,28,Driver & Passenger,6410,3.5
Kia,Model_946,Midsize,39.1,44.6,22.3,35,22,Driver only,6223,1.0
Mazda,Model_947,Sport,34.3,22.4,35.5,22,22,Driver & Passenger,4407,3.7
Lexus,Model_948,Midsize,23.3,20.9,62.2,36,35,Driver & Passenger,4409,2.5
Ford,Model_949,SUV,9.6,47.7,40.5,36,44,Driver & Passenger,4176,4.7
Volkswagen,Model_950,Midsize,43.8,18.2,27.2,35,39,Driver & Passenger,5751,4.0
Mercedes-Benz,Model_951,SUV,44.5,37.3,30.8,27,32,Driver & Passenger,4899,3.1
Nissan,Model_952,Midsize,28.6,29.8,44.5,28,25,Driver only,4048,4.8
Audi,Model_953,Compact,11.1,31.1,30.7,35,20,Driver & Passenger,5993,3.7
Mazda,Model_954,Midsize,28.2,30.5,40.5,31,30,Driver & Passenger,4281,4.2
Toyota,Model_955,Van,41.1,50.5,26.5,26,37,Driver only,4468,4.8
BMW,Model_956,Midsize,33.3,13.9,30.3,18,46,Driver & Passenger,5234,4.6
Toyota,Model_957,Compact,34.8,45.2,49.4,23,22,Driver only,5021,1.3
Ford,Model_958,Compact,11.6,47.6,43.0,29,37,Driver & Passenger,4295,1.8
Hyundai,Model_959,Sport,12.4,52.4,17.0,29,30,Driver & Passenger,5042,3.5
Toyota,Model_960,SUV,13.1,30.4,63.6,32,45,Driver & Passenger,4653,1.6
Volkswagen,Model_961,Large,41.5,32.5,14.6,20,34,Driver & Passenger,5170,2.9
Nissan,Model_962,Small,27.7,53.3,16.4,16,22,Driver & Passenger,5112,2.9
Kia,Model_963,Small,37.4,30.6,49.2,23,31,Driver only,4846,2.9
Hyundai,Model_964,Midsize,12.7,32.7,49.5,19,40,Driver only,4239,4.3
Hyundai,Model_965,Sport,42.4,25.0,13.0,26,31,Driver only,5904,3.0
BMW,Model_966,Midsize,38.5,11.4,46.1,19,36,Driver & Passenger,4898,4.5
Volkswagen,Model_967,Small,16.7,29.5,13.8,26,20,None,5772,4.1
Volkswagen,Model_968,SUV,40.4,39.5,62.9,29,30,Driver & Passenger,5119,3.6
Toyota,Model_969,SUV,18.1,41.0,48.9,16,42,Driver & Passenger,4181,3.3
Mercedes-Benz,Model_970,SUV,16.0,10.3,21.9,25,44,None,4192,1.9
Toyota,Model_971,Compact,18.1,46.0,20.4,37,34,Driver only,6417,4.1
Ford,Model_972,Large,41.7,32.2,42.2,33,28,Driver & Passenger,5611,4.2
Hyundai,Model_973,Sport,41.9,33.4,45.6,31,26,Driver & Passenger,4492,3.0
Chevrolet,Model_974,Compact,20.5,53.3,56.1,32,30,Driver & Passenger,6417,1.9
Hyundai,Model_975,Large,34.2,22.8,59.9,24,46,Driver & Passenger,6163,4.0
Toyota,Model_976,Sport,33.2,44.3,32.8,19,37,Driver only,5325,4.2
Nissan,Model_977,Sport,37.9,35.9,56.7,35,46,Driver only,4845,3.3
Audi,Model_978,Small,19.3,41.5,40.7,31,42,Driver & Passenger,4120,3.8
BMW,Model_979,Compact,27.1,28.8,36.9,15,47,Driver only,5683,4.1
Subaru,Model_980,Sport,32.9,22.6,49.0,27,44,Driver & Passenger,4957,2.2
Toyota,Model_981,Van,9.5,34.6,17.5,16,26,Driver only,5998,2.1
Nissan,Model_982,SUV,22.3,26.9,26.1,31,37,Driver & Passenger,4730,3.8
Hyundai,Model_983,Sport,33.9,20.0,55.3,29,34,Driver only,5853,3.0
Nissan,Model_984,Large,17.7,47.8,38.7,22,35,Driver & Passenger,4078,3.0
BMW,Model_985,Small,43.5,31.4,60.1,16,34,Driver & Passenger,4978,4.8
Chevrolet,Model_986,Midsize,9.6,48.1,16.7,22,42,Driver & Passenger,4139,4.2
Nissan,Model_987,SUV,43.5,31.3,28.6,19,23,Driver & Passenger,5559,2.0
Audi,Model_988,Small,16.4,35.1,30.8,31,43,Driver & Passenger,4820,2.6
Nissan,Model_989,Midsize,10.3,54.8,34.4,18,22,Driver & Passenger,4739,4.3
Nissan,Model_990,Compact,19.2,52.8,64.3,26,47,Driver & Passenger,4288,1.3
Nissan,Model_991,Compact,37.2,22.2,28.5,32,33,Driver only,5860,2.3
Kia,Model_992,Sport,36.0,49.1,39.5,20,40,Driver & Passenger,6376,2.4
Kia,Model_993,Van,16.1,27.6,40.4,19,22,Driver & Passenger,4871,2.6
Chevrolet,Model_994,Compact,15.7,13.2,52.9,33,42,Driver only,5997,2.0
Toyota,Model_995,Sport,32.0,35.9,39.4,19,35,Driver & Passenger,6147,3.6
Nissan,Model_996,SUV,25.2,54.0,44.1,24,34,None,5286,2.6
Lexus,Model_997,Small,37.4,53.8,51.9,37,38,Driver & Passenger,4371,3.2
Hyundai,Model_998,Compact,9.4,15.7,17.4,33,29,Driver & Passenger,5852,2.1
Lexus,Model_999,Small,30.8,44.7,63.1,18,40,Driver & Passenger,4543,4.4
Toyota,Model_1000,Small,35.2,46.1,56.9,27,36,Driver & Passenger,4724,1.8
Chevrolet,Model_1001,Van,44.8,26.6,32.6,27,23,Driver & Passenger,4496,4.5
Mercedes-Benz,Model_1002,Compact,33.3,39.6,50.6,31,41,None,6382,1.7
Mercedes-Benz,Model_1003,Small,17.0,32.0,52.4,32,37,Driver only,6077,2.5
Honda,Model_1004,Van,12.4,20.3,57.1,33,41,Driver & Passenger,5283,4.1
Lexus,Model_1005,Van,31.9,44.3,22.0,37,29,Driver & Passenger,5569,3.0
Toyota,Model_1006,Compact,27.6,21.8,49.3,37,42,Driver only,5160,1.9
Toyota,Model_1007,Van,41.3,25.3,13.8,31,35,Driver only,6363,3.7
Mazda,Model_1008,Compact,35.0,18.6,18.1,17,43,Driver & Passenger,4459,1.5
Ford,Model_1009,Compact,27.1,42.4,53.1,27,22,Driver & Passenger,5431,1.9
Subaru,Model_1010,Midsize,23.2,30.6,55.1,27,31,Driver & Passenger,5650,2.0
Hyundai,Model_1011,Small,23.3,30.0,43.4,17,45,Driver & Passenger,6294,3.3
Mazda,Model_1012,Large,16.8,37.2,42.8,16,46,None,5333,3.2
Audi,Model_1013,Compact,9.1,17.1,51.7,29,38,Driver & Passenger,4178,3.1
Kia,Model_1014,Small,29.5,50.4,60.0,17,40,Driver & Passenger,4277,1.4
Kia,Model_1015,SUV,16.3,30.9,34.3,36,22,Driver & Passenger,5316,4.1
Ford,Model_1016,Van,16.1,26.5,18.1,30,28,Driver & Passenger,4306,1.5
BMW,Model_1017,Sport,13.1,15.7,56.5,24,26,Driver & Passenger,5096,4.8
BMW,Model_1018,Compact,15.4,17.6,30.1,34,35,Driver & Passenger,4372,1.3
Chevrolet,Model_1019,Van,9.7,51.4,19.1,16,40,Driver & Passenger,4725,4.5
Volkswagen,Model_1020,Van,33.1,30.5,44.6,29,40,Driver & Passenger,4433,2.2
Ford,Model_1021,Van,23.2,42.5,42.6,22,20,Driver & Passenger,5743,3.8
Subaru,Model_1022,Van,29.0,13.6,37.1,27,44,Driver only,5857,2.3
Toyota,Model_1023,Van,31.7,39.0,57.6,15,34,Driver & Passenger,5067,3.9
BMW,Model_1024,Compact,44.0,51.5,26.4,16,21,None,5393,2.9
Subaru,Model_1025,SUV,11.0,23.5,12.7,23,35,Driver & Passenger,5814,3.1
Nissan,Model_1026,Large,23.8,36.1,29.1,34,26,Driver only,6108,3.9
Lexus,Model_1027,Midsize,17.5,52.3,12.5,34,33,Driver & Passenger,5658,1.5
Lexus,Model_1028,Van,25.9,42.4,40.8,37,42,None,4021,2.1
Volkswagen,Model_1029,Van,42.1,12.8,32.0,33,21,Driver & Passenger,4514,4.4
Hyundai,Model_1030,Midsize,34.9,27.0,55.1,26,43,Driver & Passenger,5721,4.2
Toyota,Model_1031,SUV,32.7,13.9,54.3,26,43,Driver & Passenger,4682,5.0
Hyundai,Model_1032,SUV,24.6,48.8,35.0,24,44,Driver & Passenger,4993,1.1
Hyundai,Model_1033,Compact,33.0,38.0,23.5,33,37,None,6038,1.6
Audi,Model_1034,Small,9.7,53.0,34.4,34,20,None,5372,2.3
Hyundai,Model_1035,Sport,29.9,10.9,46.0,24,35,Driver & Passenger,5588,3.8
Nissan,Model_1036,Sport,28.7,29.0,22.1,33,28,Driver & Passenger,6029,2.3
Nissan,Model_1037,Small,21.2,14.7,53.0,23,22,Driver & Passenger,4672,2.4
Lexus,Model_1038,Compact,15.9,25.8,29.5,19,45,Driver & Passenger,4223,1.9
Ford,Model_1039,Sport,38.0,17.3,61.4,17,32,Driver & Passenger,4536,4.6
Volkswagen,Model_1040,SUV,10.5,24.8,39.1,37,21,Driver & Passenger,6353,3.2
Chevrolet,Model_1041,Midsize,11.0,46.9,56.9,33,45,Driver only,6033,1.6
Audi,Model_1042,Small,24.6,17.2,44.6,36,37,Driver & Passenger,4302,3.3
BMW,Model_1043,SUV,17.7,31.3,41.4,18,21,Driver & Passenger,5379,1.6
Subaru,Model_1044,Large,35.7,51.5,48.2,37,27,Driver & Passenger,4577,2.1
Ford,Model_1045,Compact,31.6,54.9,55.0,28,22,Driver & Passenger,5292,3.8
BMW,Model_1046,Small,36.7,21.3,46.2,20,36,Driver only,6062,4.0
Ford,Model_1047,Sport,20.4,52.1,54.3,27,43,Driver & Passenger,6300,2.7
Ford,Model_1048,Compact,35.5,21.8,22.1,21,21,None,5108,1.7
Ford,Model_1049,Midsize,40.0,28.6,26.7,26,25,Driver & Passenger,6210,1.8
Lexus,Model_1050,Compact,21.1,49.5,24.2,34,27,Driver & Passenger,5260,3.2
Hyundai,Model_1051,Compact,20.9,45.4,54.3,28,45,Driver only,5105,3.4
Volkswagen,Model_1052,Midsize,41.3,48.6,16.6,27,44,Driver & Passenger,4773,4.5
Chevrolet,Model_1053,Van,10.3,46.0,54.2,25,36,Driver only,4589,2.1
Hyundai,Model_1054,Midsize,21.3,20.6,32.6,20,44,Driver & Passenger,6449,3.4
Ford,Model_1055,SUV,12.8,35.1,16.2,21,43,Driver only,4147,1.0
Honda,Model_1056,Compact,9.6,27.3,34.5,24,25,Driver & Passenger,5583,2.9
Hyundai,Model_1057,Midsize,12.6,30.7,27.9,29,31,Driver only,6007,2.6
BMW,Model_1058,Van,24.2,16.9,43.4,23,40,Driver & Passenger,6176,1.5
Toyota,Model_1059,SUV,33.6,24.2,37.0,17,35,Driver & Passenger,6166,4.6
Mazda,Model_1060,Small,19.1,48.6,27.7,19,25,Driver & Passenger,5293,1.4
Hyundai,Model_1061,Midsize,39.5,50.4,57.7,24,21,Driver & Passenger,4415,2.1
Subaru,Model_1062,Midsize,24.5,37.5,33.6,29,46,Driver only,5600,3.9
Lexus,Model_1063,Compact,43.8,32.4,36.9,17,22,Driver & Passenger,4177,1.7
Audi,Model_1064,SUV,43.3,42.1,56.9,35,28,None,5200,1.3
Kia,Model_1065,Small,36.7,37.4,16.7,32,38,Driver & Passenger,5874,4.9
Chevrolet,Model_1066,Large,42.5,54.3,32.7,17,29,Driver & Passenger,4576,2.2
Toyota,Model_1067,Large,34.3,18.6,33.4,21,42,None,5433,1.2
Nissan,Model_1068,Sport,41.2,30.2,38.3,35,46,Driver & Passenger,4741,1.6
Mercedes-Benz,Model_1069,Midsize,17.1,51.3,17.6,28,32,None,5088,1.9
Honda,Model_1070,Midsize,21.1,51.2,17.4,30,39,Driver & Passenger,5776,4.8
Kia,Model_1071,Small,36.0,32.3,34.1,33,47,Driver & Passenger,6443,1.1
Mazda,Model_1072,Van,24.0,16.1,13.8,18,46,None,6230,4.2
Toyota,Model_1073,Large,39.1,46.7,25.5,17,32,Driver only,6311,4.1
Kia,Model_1074,Sport,40.5,36.3,22.7,17,44,None,5724,3.0
Toyota,Model_1075,Small,19.4,44.8,37.9,23,47,Driver & Passenger,6074,4.7
Subaru,Model_1076,Midsize,38.6,30.8,12.6,18,39,Driver & Passenger,5274,1.1
Honda,Model_1077,Large,14.1,19.2,47.8,36,45,Driver & Passenger,4507,3.0
Mazda,Model_1078,SUV,20.7,11.1,57.3,33,34,None,5995,2.0
Nissan,Model_1079,Sport,27.4,35.2,49.5,25,32,Driver only,4702,4.0
Ford,Model_1080,Compact,16.8,17.2,55.4,29,32,Driver & Passenger,6175,1.7
BMW,Model_1081,Large,29.6,18.4,46.1,18,45,None,4827,4.5
Nissan,Model_1082,Sport,29.6,29.6,38.9,22,25,Driver & Passenger,6466,2.6
Ford,Model_1083,Small,16.1,29.9,23.6,16,47,Driver only,5679,1.5
Mercedes-Benz,Model_1084,Compact,37.5,22.3,26.8,32,37,Driver & Passenger,4823,1.1
Lexus,Model_1085,Sport,31.6,15.9,28.8,17,26,Driver & Passenger,5693,3.8
Volkswagen,Model_1086,Sport,20.1,52.5,14.0,17,22,Driver & Passenger,5252,4.7
Volkswagen,Model_1087,Midsize,17.0,15.9,60.4,35,20,None,4892,4.9
Volkswagen,Model_1088,Van,40.6,25.8,59.7,33,31,Driver & Passenger,4788,4.5
Chevrolet,Model_1089,Large,39.0,23.7,17.7,26,42,Driver only,5959,2.6
Hyundai,Model_1090,Midsize,16.9,49.0,41.5,28,24,Driver & Passenger,5077,4.6
Hyundai,Model_1091,SUV,9.8,28.5,36.8,37,30,None,5555,3.6
Audi,Model_1092,Compact,37.9,15.6,48.2,27,31,Driver & Passenger,4201,1.3
Audi,Model_1093,Van,31.0,10.5,44.0,30,42,Driver only,4222,1.7
Hyundai,Model_1094,Sport,12.2,42.5,18.6,31,35,Driver & Passenger,5152,2.5
Volkswagen,Model_1095,Midsize,29.9,42.2,47.0,36,20,Driver & Passenger,6377,2.2
BMW,Model_1096,Van,25.0,28.8,44.3,32,40,Driver & Passenger,5681,2.3
Mazda,Model_1097,SUV,36.8,15.7,40.2,27,37,Driver & Passenger,5763,3.9
Honda,Model_1098,Large,16.1,26.7,33.3,27,20,None,5464,1.2
Mazda,Model_1099,SUV,25.0,36.5,62.6,22,41,Driver only,6037,3.4
Honda,Model_1100,Compact,14.2,41.7,57.0,21,47,Driver & Passenger,6175,2.3
Mazda,Model_1101,Small,43.4,13.5,43.0,22,24,Driver only,6045,4.5
Hyundai,Model_1102,Midsize,36.9,35.0,12.3,31,23,Driver & Passenger,6045,1.2
Chevrolet,Model_1103,Compact,35.4,22.4,34.9,15,20,Driver & Passenger,4469,4.9
Chevrolet,Model_1104,Small,33.7,37.8,49.1,17,34,Driver & Passenger,6208,1.3
Volkswagen,Model_1105,Midsize,24.0,39.2,18.2,18,24,Driver & Passenger,5472,2.7
Mercedes-Benz,Model_1106,Compact,42.2,51.0,33.5,33,26,Driver & Passenger,4514,4.4
Ford,Model_1107,SUV,11.2,28.5,22.2,16,36,None,4881,2.3
Mercedes-Benz,Model_1108,Compact,37.8,34.2,29.9,25,39,Driver & Passenger,6010,4.4
Kia,Model_1109,Van,16.4,22.1,13.4,25,25,Driver & Passenger,5050,4.9
Chevrolet,Model_1110,SUV,20.3,22.9,18.7,33,32,Driver & Passenger,4368,1.5
Chevrolet,Model_1111,Midsize,27.5,12.1,36.1,16,43,Driver only,5916,2.9
Nissan,Model_1112,Compact,37.1,22.9,59.6,19,42,Driver & Passenger,5036,1.9
Nissan,Model_1113,Sport,39.1,12.9,38.0,33,34,Driver & Passenger,6170,4.1
Ford,Model_1114,Midsize,29.8,53.4,36.0,23,26,None,4714,1.4
Subaru,Model_1115,Compact,23.2,38.1,53.7,21,43,None,4714,4.1
Kia,Model_1116,Van,43.0,17.8,26.2,26,26,Driver only,4675,3.7
Mercedes-Benz,Model_1117,Small,17.5,15.3,17.0,33,32,Driver & Passenger,5209,3.5
BMW,Model_1118,Small,37.8,26.7,23.1,32,23,None,6367,2.7
Nissan,Model_1119,Sport,30.8,23.8,53.9,32,46,None,5457,3.0
BMW,Model_1120,Midsize,22.3,22.6,47.9,35,41,Driver & Passenger,5323,1.4
Toyota,Model_1121,Van,8.5,31.1,16.9,23,47,Driver & Passenger,5499,2.1
Nissan,Model_1122,Compact,24.8,51.1,47.4,16,37,None,5210,4.7
Hyundai,Model_1123,Compact,18.6,35.6,61.4,16,27,None,5726,2.8
Subaru,Model_1124,Small,12.3,33.5,14.4,29,38,Driver only,6090,2.6
Kia,Model_1125,Van,11.2,46.3,44.7,30,35,Driver & Passenger,5220,1.2
Lexus,Model_1126,SUV,21.2,10.2,32.1,28,39,None,5226,4.5
Ford,Model_1127,Sport,30.9,18.9,38.6,33,37,Driver & Passenger,5802,4.0
Toyota,Model_1128,Small,39.1,32.3,40.0,29,35,Driver & Passenger,4188,1.4
Lexus,Model_1129,Small,15.2,41.7,52.9,17,35,Driver only,4846,1.6
Kia,Model_1130,Sport,24.0,31.8,41.5,20,44,Driver & Passenger,4472,1.5
Mercedes-Benz,Model_1131,Midsize,22.8,17.4,43.4,20,21,None,4272,3.6
Volkswagen,Model_1132,Compact,27.2,51.8,29.6,36,33,Driver & Passenger,4948,1.6
Hyundai,Model_1133,Midsize,38.0,24.8,18.7,35,41,None,5113,5.0
Kia,Model_1134,Van,28.7,45.5,48.2,34,38,Driver & Passenger,4269,3.3
Hyundai,Model_1135,SUV,39.4,50.1,12.0,23,47,Driver only,5143,4.5
Hyundai,Model_1136,Large,27.4,25.6,29.4,25,35,Driver & Passenger,4566,3.9
Hyundai,Model_1137,Large,30.5,48.0,23.6,18,41,Driver & Passenger,5214,1.1
BMW,Model_1138,Large,24.5,42.0,32.6,28,23,None,5306,2.7
Hyundai,Model_1139,Sport,38.5,50.7,28.5,27,32,Driver & Passenger,4858,2.4
Mazda,Model_1140,Small,42.2,21.3,49.3,29,27,None,5780,4.8
Lexus,Model_1141,SUV,31.8,51.9,25.8,31,22,Driver & Passenger,5749,2.4
Volkswagen,Model_1142,Midsize,38.5,12.9,41.7,22,43,Driver only,4797,3.7
Hyundai,Model_1143,Compact,10.7,45.7,36.2,25,22,None,4358,3.4
Mercedes-Benz,Model_1144,Large,41.6,29.6,54.5,25,24,Driver only,4379,3.9
Toyota,Model_1145,Midsize,15.4,18.0,34.7,30,30,Driver & Passenger,6214,1.2
Kia,Model_1146,Large,17.9,13.6,57.8,17,32,None,4615,4.7
Honda,Model_1147,SUV,10.4,27.5,12.0,37,21,None,4569,5.0
Toyota,Model_1148,Large,43.7,27.5,44.1,29,25,Driver & Passenger,5227,3.2
Mazda,Model_1149,Compact,39.6,20.3,12.5,27,26,Driver & Passenger,4125,1.7
Toyota,Model_1150,Van,41.8,19.7,49.8,21,43,Driver & Passenger,4344,4.5
Chevrolet,Model_1151,Van,39.4,28.0,24.5,19,23,Driver & Passenger,4668,3.6
Mercedes-Benz,Model_1152,SUV,26.0,28.5,32.1,26,28,Driver & Passenger,4766,3.5
Honda,Model_1153,Van,42.2,29.9,32.2,17,37,None,4539,4.5
Hyundai,Model_1154,Sport,43.9,49.1,56.9,26,33,Driver & Passenger,6258,3.9
Hyundai,Model_1155,Small,26.8,37.5,17.4,19,43,Driver & Passenger,6313,4.7
Hyundai,Model_1156,Sport,14.9,10.9,47.3,33,25,Driver & Passenger,4969,4.8
Mazda,Model_1157,Midsize,32.5,33.4,64.0,33,39,Driver & Passenger,6301,2.4
BMW,Model_1158,Sport,44.1,44.3,13.2,15,21,None,5211,1.8
Lexus,Model_1159,Midsize,40.3,12.5,63.2,34,23,Driver only,4029,2.5
Kia,Model_1160,Midsize,40.0,29.0,13.0,26,34,Driver only,4966,4.9
Subaru,Model_1161,Small,42.6,30.3,56.6,36,22,Driver only,5819,1.8
Audi,Model_1162,Compact,41.1,52.9,62.9,36,23,Driver & Passenger,4787,3.4
Lexus,Model_1163,SUV,36.8,31.4,64.6,20,23,None,6015,1.3
Mazda,Model_1164,Small,34.7,43.7,36.3,35,34,Driver & Passenger,5931,4.3
Ford,Model_1165,SUV,18.2,23.6,57.9,32,30,Driver & Passenger,4029,3.7
Mercedes-Benz,Model_1166,Van,31.2,45.1,18.5,35,42,None,4160,3.1
Kia,Model_1167,Van,27.5,24.5,34.5,30,36,Driver & Passenger,5446,3.5
Lexus,Model_1168,Sport,40.0,29.4,28.3,25,34,Driver & Passenger,6394,1.5
Volkswagen,Model_1169,Midsize,26.4,31.6,32.9,24,44,None,5245,4.4
Mazda,Model_1170,Large,13.2,51.7,49.2,17,40,Driver & Passenger,5211,2.4
Chevrolet,Model_1171,Large,8.7,12.4,16.6,32,22,Driver & Passenger,5534,1.7
Audi,Model_1172,SUV,33.2,18.9,64.9,26,42,Driver & Passenger,5905,1.1
Chevrolet,Model_1173,Midsize,28.6,41.8,45.7,28,42,None,4508,1.2
Hyundai,Model_1174,SUV,20.6,36.0,58.3,18,43,Driver & Passenger,4056,3.7
Audi,Model_1175,Small,14.7,21.3,56.0,24,29,Driver only,5090,3.9
Lexus,Model_1176,Compact,25.5,23.0,52.6,21,23,Driver & Passenger,4027,1.6
Volkswagen,Model_1177,Small,12.2,26.5,14.1,30,32,Driver only,5948,3.4
Hyundai,Model_1178,Midsize,20.8,30.3,39.4,23,44,Driver & Passenger,6279,2.9
Subaru,Model_1179,Midsize,22.3,46.8,29.4,17,21,Driver & Passenger,5995,4.7
Mercedes-Benz,Model_1180,Compact,25.5,10.6,18.0,16,25,Driver only,5401,3.7
Ford,Model_1181,SUV,25.5,50.4,30.2,20,38,None,4658,3.1
Kia,Model_1182,Sport,17.9,28.6,46.2,24,43,Driver & Passenger,4690,2.1
BMW,Model_1183,Sport,39.5,20.4,24.2,18,27,Driver only,5622,2.8
Chevrolet,Model_1184,Compact,21.5,32.9,35.6,18,25,None,6123,2.0
Chevrolet,Model_1185,Sport,16.9,39.7,33.4,24,39,Driver & Passenger,6392,3.7
Hyundai,Model_1186,Large,14.9,12.0,14.8,24,33,Driver & Passenger,4589,3.4
Hyundai,Model_1187,Sport,20.3,42.2,45.3,27,27,Driver only,5758,2.2
Audi,Model_1188,Sport,11.0,44.2,44.8,20,25,Driver only,5386,1.0
Nissan,Model_1189,Sport,9.7,17.5,63.2,21,31,Driver & Passenger,5986,4.9
Subaru,Model_1190,Large,30.6,17.6,27.8,19,28,Driver & Passenger,6190,1.2
Kia,Model_1191,SUV,31.1,19.2,34.2,29,26,Driver & Passenger,5661,3.2
Audi,Model_1192,Sport,27.8,45.8,33.4,22,44,Driver & Passenger,4820,4.4
Hyundai,Model_1193,Van,36.3,22.2,60.7,24,32,Driver only,4936,3.5
Toyota,Model_1194,Large,9.9,45.8,33.7,26,35,Driver only,6416,3.3
Audi,Model_1195,Compact,42.7,34.3,35.5,31,27,Driver & Passenger,5976,3.9
BMW,Model_1196,Small,12.0,44.5,25.4,30,33,Driver & Passenger,4252,2.2
Kia,Model_1197,Compact,33.1,34.9,12.1,15,35,Driver & Passenger,4959,2.6
Lexus,Model_1198,Small,13.4,25.1,17.9,18,39,Driver & Passenger,5150,1.3
Subaru,Model_1199,Compact,40.6,51.0,49.3,22,47,Driver only,4896,1.0
Hyundai,Model_1200,Van,27.1,42.2,48.2,20,25,Driver & Passenger,4351,2.1
Toyota,Model_1201,Small,11.5,31.8,29.1,35,42,Driver only,6168,4.3
Mercedes-Benz,Model_1202,Small,31.0,38.7,37.1,24,23,Driver & Passenger,4373,3.4
Honda,Model_1203,Midsize,8.8,37.7,27.8,32,23,Driver only,6388,1.6
Hyundai,Model_1204,Small,36.8,26.1,50.7,27,45,Driver & Passenger,6078,2.7
Honda,Model_1205,Small,32.2,29.1,56.7,19,22,Driver & Passenger,5368,1.1
Kia,Model_1206,Midsize,16.3,24.3,59.7,26,29,Driver only,6016,4.2
Chevrolet,Model_1207,Sport,22.2,55.0,21.2,35,25,Driver & Passenger,4203,2.8
Hyundai,Model_1208,Sport,8.8,36.1,48.8,32,46,Driver only,5395,2.1
Mercedes-Benz,Model_1209,Midsize,33.8,14.1,63.0,22,37,None,4411,4.1
Ford,Model_1210,Large,20.3,33.4,46.5,28,32,Driver & Passenger,5251,4.9
Hyundai,Model_1211,Small,29.4,12.2,30.6,29,30,None,4822,2.6
Honda,Model_1212,Small,43.4,23.0,45.7,19,23,Driver & Passenger,4903,4.1
Hyundai,Model_1213,Midsize,19.4,30.1,48.5,19,27,Driver & Passenger,5055,2.3
BMW,Model_1214,Midsize,44.6,34.0,33.0,31,22,None,6034,4.0
Ford,Model_1215,Large,31.6,53.9,17.5,27,31,Driver only,4345,4.9
Hyundai,Model_1216,Van,17.3,54.2,44.2,31,32,Driver & Passenger,5220,3.6
Mazda,Model_1217,Sport,24.4,14.4,54.5,25,43,Driver only,4746,2.0
Mazda,Model_1218,Compact,35.5,34.2,64.9,15,42,Driver only,4293,3.8
Toyota,Model_1219,Van,24.8,46.8,23.8,27,42,Driver & Passenger,6169,4.4
Subaru,Model_1220,SUV,11.0,20.7,49.1,32,30,Driver & Passenger,5659,2.6
Chevrolet,Model_1221,Sport,14.7,43.8,13.5,20,28,Driver & Passenger,4374,3.5
Kia,Model_1222,Small,37.4,49.5,63.4,27,23,Driver & Passenger,4965,2.0
Hyundai,Model_1223,SUV,32.2,39.8,12.7,35,30,Driver & Passenger,4015,2.8
Nissan,Model_1224,Van,29.3,24.7,31.0,36,27,Driver & Passenger,4437,1.7
BMW,Model_1225,Midsize,14.6,51.5,16.0,34,37,Driver & Passenger,6396,4.3
Honda,Model_1226,Large,39.1,49.8,44.9,25,22,Driver & Passenger,4209,1.4
Kia,Model_1227,Sport,43.6,42.2,30.0,33,23,Driver & Passenger,6207,1.2
Ford,Model_1228,Large,10.0,26.4,50.8,34,44,Driver & Passenger,5308,3.1
Volkswagen,Model_1229,SUV,11.3,45.6,37.8,23,36,Driver & Passenger,5104,3.3
Mazda,Model_1230,Sport,40.8,24.2,34.2,27,35,Driver only,6428,4.7
Volkswagen,Model_1231,Van,38.3,21.4,30.5,29,26,Driver & Passenger,5860,1.8
Mercedes-Benz,Model_1232,Small,31.1,33.2,16.6,25,21,Driver & Passenger,4860,4.1
BMW,Model_1233,Compact,43.0,54.9,22.9,30,24,Driver only,4386,3.6
Nissan,Model_1234,Large,32.1,46.2,45.9,31,20,Driver & Passenger,5458,4.0
Hyundai,Model_1235,Large,16.4,42.8,38.3,19,41,Driver & Passenger,5603,1.6
Toyota,Model_1236,Compact,35.1,30.3,15.7,36,32,Driver & Passenger,5067,2.8
Nissan,Model_1237,Large,32.1,24.0,40.8,28,31,None,4661,2.4
BMW,Model_1238,Large,44.5,48.5,14.9,29,38,Driver & Passenger,5193,3.8
Nissan,Model_1239,Sport,16.3,35.5,39.1,23,41,None,4074,3.4
BMW,Model_1240,Sport,30.3,46.6,63.1,28,27,None,5195,4.9
BMW,Model_1241,Compact,37.0,31.9,28.3,24,27,Driver & Passenger,5005,1.6
Audi,Model_1242,SUV,20.9,43.9,50.3,36,31,Driver & Passenger,5460,2.9
Honda,Model_1243,Small,22.4,49.0,51.5,27,23,None,5690,3.8
Lexus,Model_1244,Van,40.9,27.6,33.5,31,26,Driver & Passenger,4646,2.5
Volkswagen,Model_1245,Van,23.3,10.6,43.4,15,47,Driver only,4494,4.7
Lexus,Model_1246,SUV,31.3,21.5,37.0,28,35,Driver & Passenger,5482,4.4
Lexus,Model_1247,Large,41.0,51.2,27.0,26,41,Driver only,6232,4.5
Lexus,Model_1248,Small,16.2,40.9,52.0,21,37,Driver only,4728,3.4
Hyundai,Model_1249,Compact,44.3,43.2,49.2,17,25,Driver & Passenger,5999,2.9
Mazda,Model_1250,SUV,34.1,24.6,59.7,37,37,Driver & Passenger,6324,2.5
Audi,Model_1251,Compact,26.6,41.6,44.8,35,23,Driver & Passenger,6040,1.5
Hyundai,Model_1252,Sport,24.2,39.1,32.6,15,40,Driver & Passenger,5464,4.8
Audi,Model_1253,Large,43.3,18.0,49.8,27,28,Driver only,4690,2.1
Chevrolet,Model_1254,Midsize,16.0,53.6,44.8,36,32,Driver & Passenger,4620,4.2
Chevrolet,Model_1255,Compact,19.9,25.9,44.7,16,38,Driver & Passenger,5950,1.0
Hyundai,Model_1256,SUV,19.7,24.8,57.0,23,31,Driver only,6445,2.5
Mazda,Model_1257,Large,19.0,26.6,60.3,32,35,Driver only,5921,3.3
Nissan,Model_1258,Small,25.6,14.1,21.6,36,24,None,6331,2.3
Honda,Model_1259,SUV,44.6,38.1,28.6,18,21,Driver & Passenger,5925,1.8
Mazda,Model_1260,Sport,40.9,20.7,46.5,30,22,Driver only,6278,1.3
Hyundai,Model_1261,Van,20.5,46.1,41.5,20,32,Driver & Passenger,5682,5.0
BMW,Model_1262,Small,23.9,27.7,46.6,34,40,Driver & Passenger,6323,4.5
Ford,Model_1263,Compact,32.9,30.6,34.9,17,26,Driver & Passenger,4478,2.2
Honda,Model_1264,Compact,9.1,39.1,33.9,25,32,None,4346,1.1
Subaru,Model_1265,Small,38.4,44.3,18.2,19,35,Driver & Passenger,4171,3.2
Volkswagen,Model_1266,Compact,40.6,20.4,45.1,15,41,Driver & Passenger,4542,2.3
Honda,Model_1267,SUV,39.8,53.5,21.3,22,33,Driver & Passenger,5872,1.5
Hyundai,Model_1268,Large,22.2,38.0,47.6,33,37,Driver only,4978,4.2
BMW,Model_1269,Compact,25.4,10.3,63.3,18,32,Driver & Passenger,4543,2.4
BMW,Model_1270,Sport,9.0,28.7,25.6,23,33,None,4201,4.9
Toyota,Model_1271,Large,23.1,29.7,19.5,17,28,Driver & Passenger,4538,3.8
Lexus,Model_1272,SUV,25.3,46.4,13.3,19,27,Driver & Passenger,6430,4.4
Mazda,Model_1273,Midsize,41.6,23.7,32.1,30,44,Driver only,5799,3.5
BMW,Model_1274,Compact,41.1,24.9,23.4,22,44,Driver & Passenger,5417,3.2
Chevrolet,Model_1275,Compact,43.8,13.2,38.1,20,24,Driver & Passenger,5604,2.7
Lexus,Model_1276,Sport,40.8,22.8,39.8,17,46,Driver & Passenger,4881,1.3
Hyundai,Model_1277,SUV,8.8,42.3,30.5,30,42,Driver & Passenger,6293,3.9
Ford,Model_1278,Sport,31.9,38.6,51.7,22,26,Driver & Passenger,6163,2.4
Hyundai,Model_1279,Van,11.0,13.7,60.0,27,35,Driver only,5140,1.8
Volkswagen,Model_1280,SUV,18.4,15.2,23.2,19,29,Driver & Passenger,4848,1.5
Mazda,Model_1281,Small,29.6,27.0,56.3,20,44,Driver only,5455,1.3
Kia,Model_1282,Small,34.1,43.5,19.0,17,44,Driver & Passenger,6172,2.9
Chevrolet,Model_1283,Small,32.4,47.5,24.1,22,41,None,4032,4.3
Mercedes-Benz,Model_1284,Sport,10.3,10.7,41.8,18,22,None,4472,1.5
Subaru,Model_1285,Small,12.3,24.8,28.2,35,43,Driver & Passenger,5988,3.1
Nissan,Model_1286,SUV,13.2,29.1,14.2,31,36,Driver only,4762,2.5
BMW,Model_1287,Small,11.8,51.0,27.6,22,29,Driver only,5458,3.2
Kia,Model_1288,Midsize,15.0,32.6,60.0,35,30,Driver only,5727,1.2
BMW,Model_1289,Small,33.6,22.1,21.2,33,39,Driver & Passenger,5913,3.1
Honda,Model_1290,Compact,38.8,27.6,52.5,28,29,None,4022,3.2
Chevrolet,Model_1291,Van,23.4,29.6,50.3,23,37,None,4994,4.5
Honda,Model_1292,Sport,33.8,40.1,17.6,26,40,Driver only,5105,1.8
Toyota,Model_1293,Large,15.8,11.8,29.5,27,47,None,6250,4.3
Honda,Model_1294,Van,44.0,27.5,22.0,37,47,None,5929,4.0
Toyota,Model_1295,Midsize,21.3,39.1,13.2,22,42,Driver & Passenger,5379,4.7
Subaru,Model_1296,Sport,39.4,22.7,21.2,17,46,None,6248,4.7
Hyundai,Model_1297,SUV,43.0,36.6,22.7,36,20,Driver & Passenger,5385,4.1
Toyota,Model_1298,Sport,40.1,26.1,20.8,29,23,None,4384,4.7
Kia,Model_1299,Compact,10.9,44.1,16.8,34,22,Driver & Passenger,4911,2.0
Lexus,Model_1300,SUV,32.2,12.7,39.9,33,39,None,5042,1.6
BMW,Model_1301,Van,12.9,51.3,29.1,18,25,Driver & Passenger,4843,2.1
Nissan,Model_1302,Van,8.7,17.7,60.1,16,45,Driver & Passenger,4694,4.4
Lexus,Model_1303,Small,10.4,17.1,21.9,19,25,None,5597,2.3
Volkswagen,Model_1304,SUV,41.9,47.8,44.0,35,47,None,4120,4.3
Hyundai,Model_1305,Compact,41.7,49.1,59.7,16,36,Driver only,5158,2.5
Honda,Model_1306,Small,16.7,14.2,14.5,21,38,Driver & Passenger,6302,4.2
Mercedes-Benz,Model_1307,Small,28.5,50.9,39.4,25,36,Driver & Passenger,5387,4.4
Volkswagen,Model_1308,Sport,43.4,22.3,35.9,26,36,Driver & Passenger,5357,3.7
Chevrolet,Model_1309,Van,26.6,37.8,61.2,18,36,Driver & Passenger,4005,4.9
Toyota,Model_1310,Small,22.9,13.1,47.2,17,22,Driver & Passenger,6269,3.9
BMW,Model_1311,Midsize,26.1,27.1,30.5,22,33,Driver only,4881,2.0
Ford,Model_1312,Midsize,37.3,30.3,49.7,32,21,None,6018,4.9
Mazda,Model_1313,Van,25.9,37.0,42.9,37,47,Driver only,5996,3.7
Kia,Model_1314,Midsize,37.1,33.6,30.4,19,23,Driver & Passenger,6099,2.7
Nissan,Model_1315,Sport,24.3,30.8,53.6,30,42,Driver & Passenger,5278,3.0
Audi,Model_1316,Compact,17.7,53.2,47.4,37,46,Driver & Passenger,4741,4.1
Kia,Model_1317,Large,20.4,18.3,12.3,26,46,Driver only,6396,4.0
Subaru,Model_1318,Small,11.3,17.1,57.9,23,37,Driver & Passenger,6317,4.4
Ford,Model_1319,Large,26.7,42.1,33.0,22,21,None,6452,2.0
Mercedes-Benz,Model_1320,Compact,13.9,13.4,46.2,19,47,Driver & Passenger,5670,4.8
Mazda,Model_1321,Compact,38.1,31.7,33.0,34,31,Driver only,5596,2.0
Ford,Model_1322,Sport,23.9,31.8,58.7,33,34,Driver & Passenger,4617,2.9
Honda,Model_1323,Midsize,36.4,24.0,46.5,29,32,Driver only,5851,1.8
Toyota,Model_1324,Midsize,43.3,51.9,42.7,36,30,Driver & Passenger,4398,2.7
Hyundai,Model_1325,Compact,39.5,22.7,64.0,34,26,Driver & Passenger,6388,3.6
Nissan,Model_1326,Sport,43.2,23.0,26.9,25,47,Driver & Passenger,5623,3.0
Hyundai,Model_1327,Sport,29.2,20.5,15.5,34,28,Driver & Passenger,4006,2.0
Toyota,Model_1328,Van,14.5,16.6,39.3,27,46,Driver & Passenger,6071,2.5
Hyundai,Model_1329,SUV,42.6,26.4,34.5,37,34,Driver & Passenger,4568,3.4
Volkswagen,Model_1330,Small,40.2,40.6,36.1,27,22,Driver only,4726,4.6
Hyundai,Model_1331,SUV,40.1,43.4,44.9,35,29,Driver & Passenger,6367,2.7
Mazda,Model_1332,Midsize,33.8,46.6,44.6,31,27,Driver only,4536,3.3
BMW,Model_1333,Compact,31.3,18.9,32.8,35,25,Driver & Passenger,5479,4.6
Audi,Model_1334,Van,9.0,11.6,57.7,30,33,Driver only,5441,4.4
Chevrolet,Model_1335,Large,35.8,53.9,46.5,36,25,Driver & Passenger,4482,1.7
Lexus,Model_1336,Midsize,11.8,10.6,59.2,31,38,Driver only,5109,2.4
Hyundai,Model_1337,Small,18.0,53.2,60.4,33,45,Driver & Passenger,4801,4.2
Toyota,Model_1338,Sport,28.6,47.3,20.9,36,28,None,5947,3.9
Nissan,Model_1339,Compact,25.0,51.0,48.1,28,28,Driver & Passenger,5792,4.1
Lexus,Model_1340,Midsize,9.1,27.4,28.8,37,39,Driver & Passenger,5387,1.6
Subaru,Model_1341,Large,38.6,18.9,56.3,21,35,Driver & Passenger,5060,2.8
Subaru,Model_1342,Small,40.6,37.3,50.8,37,32,Driver & Passenger,4285,3.8
Ford,Model_1343,Small,33.4,43.4,22.5,23,32,None,4506,2.6
Lexus,Model_1344,Van,28.2,15.9,61.8,16,45,Driver only,4625,3.3
Nissan,Model_1345,Midsize,43.6,45.9,48.2,33,31,Driver & Passenger,5211,4.0
Mazda,Model_1346,Large,12.9,19.4,62.3,37,41,Driver & Passenger,4129,3.0
Volkswagen,Model_1347,Small,35.4,32.1,22.7,20,40,Driver & Passenger,5947,3.4
Hyundai,Model_1348,Compact,13.2,48.5,58.1,15,39,Driver only,6351,2.4
Ford,Model_1349,Small,22.4,18.7,47.4,21,21,Driver & Passenger,4535,2.5
Subaru,Model_1350,Large,29.9,20.9,41.3,30,23,Driver & Passenger,4226,1.8
Chevrolet,Model_1351,Sport,35.4,12.8,55.5,16,26,None,5735,5.0
Chevrolet,Model_1352,Sport,8.6,16.6,45.5,18,38,Driver & Passenger,4657,3.4
Toyota,Model_1353,Van,18.0,16.6,47.5,37,22,Driver & Passenger,5811,1.8
Mazda,Model_1354,Midsize,28.1,19.2,25.4,34,30,None,6371,1.7
BMW,Model_1355,Large,27.9,22.9,55.3,36,38,Driver & Passenger,6055,1.9
Subaru,Model_1356,Van,31.8,46.7,46.5,28,44,Driver & Passenger,4055,3.9
Mercedes-Benz,Model_1357,SUV,19.6,51.2,56.8,25,33,Driver only,5596,3.0
Mazda,Model_1358,Small,28.2,28.3,30.6,23,36,Driver only,4273,3.1
Volkswagen,Model_1359,SUV,15.4,15.8,29.6,19,24,Driver & Passenger,5120,3.8
Hyundai,Model_1360,Small,15.3,20.1,13.3,17,44,Driver & Passenger,5850,3.9
Nissan,Model_1361,Sport,29.5,43.1,52.7,36,33,None,5121,4.0
Lexus,Model_1362,Van,33.5,40.5,29.5,34,26,Driver & Passenger,5234,1.3
Subaru,Model_1363,Sport,12.9,53.5,29.3,16,31,Driver & Passenger,5577,4.3
Lexus,Model_1364,Compact,13.0,10.7,48.5,24,47,Driver & Passenger,4564,1.7
Chevrolet,Model_1365,SUV,29.1,43.8,25.4,35,36,Driver & Passenger,5056,3.5
Nissan,Model_1366,SUV,18.4,32.8,60.2,24,39,None,6324,1.9
Nissan,Model_1367,Sport,22.8,50.6,40.5,21,41,None,5467,4.3
Nissan,Model_1368,Compact,23.1,35.9,63.4,29,40,None,5677,4.1
Chevrolet,Model_1369,Small,15.0,30.1,16.1,19,37,Driver & Passenger,4426,1.7
Volkswagen,Model_1370,Van,8.5,40.0,29.9,22,20,None,4295,3.2
Lexus,Model_1371,Compact,39.6,47.5,32.2,32,30,None,4561,3.9
Kia,Model_1372,Van,34.6,22.7,50.7,34,23,Driver & Passenger,4109,1.7
Lexus,Model_1373,SUV,33.7,14.8,23.3,20,31,None,4861,1.6
Honda,Model_1374,Van,28.4,29.5,31.9,37,45,Driver & Passenger,5343,2.5
Hyundai,Model_1375,SUV,34.1,19.7,60.3,25,24,Driver & Passenger,6161,4.7
Mercedes-Benz,Model_1376,Compact,42.7,29.3,18.1,22,34,Driver & Passenger,5686,1.3
Kia,Model_1377,SUV,32.8,54.6,51.5,18,39,None,4548,2.4
Hyundai,Model_1378,Midsize,18.2,35.8,49.2,21,22,None,5607,4.2
Ford,Model_1379,SUV,29.3,41.2,18.9,16,45,None,6185,2.4
Mazda,Model_1380,Sport,24.6,40.5,48.5,29,34,Driver only,4882,1.2
Mazda,Model_1381,Compact,28.8,46.9,42.2,23,27,Driver & Passenger,4279,3.5
Audi,Model_1382,Small,27.4,52.5,27.2,37,47,Driver & Passenger,4176,4.8
Mazda,Model_1383,Van,39.8,39.6,28.5,35,41,Driver only,4745,3.3
Lexus,Model_1384,Large,32.3,31.4,56.1,33,30,Driver & Passenger,6289,4.3
Chevrolet,Model_1385,Compact,15.4,24.3,24.2,37,31,None,5600,1.1
Mercedes-Benz,Model_1386,Sport,10.8,26.2,39.2,33,22,Driver & Passenger,6128,3.6
BMW,Model_1387,SUV,24.0,25.1,48.1,19,25,Driver only,5819,1.6
Toyota,Model_1388,Van,9.1,24.6,18.9,33,45,Driver & Passenger,4012,3.8
Audi,Model_1389,Midsize,20.1,41.3,61.4,17,27,Driver & Passenger,5720,3.3
Hyundai,Model_1390,Small,21.9,36.4,25.8,26,26,Driver only,4443,1.9
Hyundai,Model_1391,Midsize,22.2,19.1,28.9,21,36,Driver & Passenger,4137,3.3
Toyota,Model_1392,Large,44.2,53.6,47.3,19,35,Driver & Passenger,5216,3.7
Hyundai,Model_1393,Compact,19.6,29.2,16.1,26,41,Driver & Passenger,6438,4.6
Toyota,Model_1394,Van,18.2,35.5,45.3,18,36,Driver & Passenger,4830,4.6
Toyota,Model_1395,Compact,13.2,41.6,60.5,34,32,Driver & Passenger,5503,4.7
Hyundai,Model_1396,Sport,27.2,37.6,25.2,33,23,Driver only,5652,4.4
Audi,Model_1397,Compact,14.1,24.0,31.2,27,29,Driver & Passenger,4454,3.2
Ford,Model_1398,Small,31.0,45.9,24.3,29,35,None,4549,4.4
Lexus,Model_1399,Large,14.2,15.0,55.4,24,38,Driver & Passenger,6357,3.9
Nissan,Model_1400,Midsize,29.5,35.6,20.9,15,26,None,5580,4.0
Mazda,Model_1401,Large,38.7,22.3,30.4,17,37,Driver & Passenger,4487,1.6
Mazda,Model_1402,Van,10.1,37.7,43.9,32,32,Driver & Passenger,4367,1.7
Chevrolet,Model_1403,Compact,23.8,19.8,33.4,30,47,Driver & Passenger,5192,1.7
Audi,Model_1404,Van,25.3,44.7,15.5,26,23,Driver & Passenger,4172,1.8
Chevrolet,Model_1405,Midsize,37.4,20.2,62.2,30,40,None,5242,2.7
BMW,Model_1406,Van,25.6,50.1,29.9,25,37,Driver & Passenger,4587,2.3
BMW,Model_1407,Sport,29.2,48.8,35.6,25,35,Driver & Passenger,5614,1.2
Chevrolet,Model_1408,Large,37.4,26.3,20.9,37,44,Driver & Passenger,5235,3.9
Audi,Model_1409,Midsize,28.9,27.4,57.9,36,37,Driver & Passenger,4237,2.6
Chevrolet,Model_1410,Midsize,21.6,41.6,27.4,28,35,Driver & Passenger,5340,1.3
Mazda,Model_1411,SUV,11.6,14.1,13.1,31,41,Driver & Passenger,6058,4.2
Kia,Model_1412,Midsize,35.1,13.6,28.8,33,47,None,6448,1.1
Honda,Model_1413,SUV,40.3,16.1,64.2,25,43,Driver & Passenger,6250,3.2
Hyundai,Model_1414,Small,43.9,35.3,19.8,18,47,Driver & Passenger,4515,4.0
Hyundai,Model_1415,SUV,42.3,16.7,13.7,24,42,Driver & Passenger,4856,2.5
Mercedes-Benz,Model_1416,Large,37.6,22.5,42.6,37,41,Driver & Passenger,6228,3.3
Toyota,Model_1417,Van,32.0,39.1,31.7,33,43,Driver & Passenger,6478,1.2
Honda,Model_1418,SUV,37.0,10.7,54.1,18,40,Driver & Passenger,4734,1.9
Lexus,Model_1419,Midsize,24.3,18.1,50.8,25,45,Driver & Passenger,4412,3.7
Audi,Model_1420,Large,30.2,51.8,21.8,21,28,Driver & Passenger,6376,4.2
Volkswagen,Model_1421,SUV,21.2,39.9,41.9,34,21,Driver only,6178,1.5
Honda,Model_1422,SUV,20.4,23.7,13.7,23,25,Driver only,5795,4.9
Mercedes-Benz,Model_1423,Midsize,36.1,12.0,35.3,36,47,Driver & Passenger,5960,2.6
BMW,Model_1424,Sport,25.1,36.4,49.8,16,45,Driver & Passenger,4661,4.7
Hyundai,Model_1425,Sport,16.2,20.0,34.0,15,47,Driver & Passenger,4370,3.2
Toyota,Model_1426,SUV,15.9,53.2,18.3,22,47,Driver & Passenger,4455,3.6
Mercedes-Benz,Model_1427,Sport,39.9,40.9,15.3,33,46,Driver & Passenger,4024,1.7
Nissan,Model_1428,Compact,33.2,53.8,57.2,37,42,None,5017,4.5
Volkswagen,Model_1429,Midsize,28.4,48.2,59.2,30,44,None,5411,1.3
Audi,Model_1430,Compact,23.1,31.7,30.2,28,40,None,4308,4.9
Toyota,Model_1431,Large,24.2,40.1,20.7,18,25,Driver & Passenger,6226,2.6
Lexus,Model_1432,Compact,10.6,46.5,63.9,33,44,Driver & Passenger,6253,1.7
Honda,Model_1433,Large,25.1,36.0,40.9,36,45,Driver & Passenger,4004,3.4
BMW,Model_1434,SUV,37.5,12.8,37.3,36,25,Driver & Passenger,4177,4.5
Ford,Model_1435,Large,22.7,31.2,51.3,20,33,Driver & Passenger,4314,2.6
Kia,Model_1436,Large,22.5,15.9,21.0,29,30,None,4916,1.0
Nissan,Model_1437,Van,9.1,42.2,42.7,27,47,None,5686,4.5
Volkswagen,Model_1438,Compact,25.2,40.6,59.2,33,36,Driver only,5616,3.3
Kia,Model_1439,Van,9.4,54.7,13.2,36,23,Driver & Passenger,6178,1.4
Toyota,Model_1440,SUV,29.3,38.3,47.7,18,23,Driver & Passenger,5248,4.6
BMW,Model_1441,Midsize,27.0,46.0,41.2,16,38,Driver & Passenger,6353,4.1
BMW,Model_1442,Compact,39.2,22.1,62.4,17,43,None,4309,3.1
Mercedes-Benz,Model_1443,Midsize,29.7,25.3,25.7,28,41,Driver only,4261,2.8
Hyundai,Model_1444,Midsize,20.3,51.3,57.5,18,42,Driver & Passenger,4437,3.8
Hyundai,Model_1445,Large,27.3,44.0,28.4,30,35,None,4521,2.4
Honda,Model_1446,Compact,34.0,39.5,34.8,25,44,None,5692,3.6
Mercedes-Benz,Model_1447,Midsize,11.9,21.4,23.3,27,27,None,5466,1.6
Mazda,Model_1448,Sport,31.2,41.4,57.8,15,38,Driver & Passenger,5197,1.6
Honda,Model_1449,Midsize,42.0,49.9,22.4,27,39,Driver & Passenger,5419,2.2
Mazda,Model_1450,Sport,19.4,20.4,57.5,29,20,None,4229,4.5
Hyundai,Model_1451,Compact,31.4,41.8,36.1,21,23,Driver & Passenger,6204,4.4
Mercedes-Benz,Model_1452,SUV,38.5,27.7,56.3,19,31,Driver & Passenger,4333,3.0
Mazda,Model_1453,Van,27.2,15.3,26.0,20,44,None,5328,3.3
Nissan,Model_1454,Compact,34.7,44.4,19.0,23,40,Driver & Passenger,4298,3.5
Mercedes-Benz,Model_1455,Van,19.9,17.5,41.4,20,38,Driver & Passenger,6060,2.5
Hyundai,Model_1456,Van,19.7,21.4,39.0,37,21,Driver & Passenger,4700,3.8
Honda,Model_1457,Compact,32.9,45.2,30.9,20,25,Driver only,4382,3.4
Subaru,Model_1458,Midsize,34.2,43.4,47.1,36,39,Driver & Passenger,4174,2.4
Mercedes-Benz,Model_1459,Small,42.7,21.4,17.0,16,41,None,6450,2.1
Ford,Model_1460,Midsize,16.7,52.3,45.0,35,22,Driver & Passenger,4642,4.9
Volkswagen,Model_1461,Midsize,25.6,19.7,23.2,20,22,Driver only,5655,2.1
Hyundai,Model_1462,SUV,17.6,54.7,18.8,24,20,Driver only,4679,1.7
Chevrolet,Model_1463,Large,11.4,43.2,60.2,19,28,Driver & Passenger,4267,4.3
Chevrolet,Model_1464,Large,23.2,27.7,36.4,34,26,Driver & Passenger,4674,4.2
Honda,Model_1465,Midsize,22.2,15.9,52.5,26,28,Driver & Passenger,4339,2.0
Honda,Model_1466,Sport,18.4,24.4,16.7,20,46,None,5857,4.4
Kia,Model_1467,SUV,19.3,18.7,15.0,20,20,Driver & Passenger,5050,4.6
Volkswagen,Model_1468,Van,21.7,38.0,38.2,22,27,Driver & Passenger,5940,2.3
Volkswagen,Model_1469,Large,44.6,26.1,28.7,31,37,None,5906,2.3
Nissan,Model_1470,Midsize,37.1,23.3,12.3,32,22,Driver only,6182,1.5
Honda,Model_1471,SUV,11.1,44.1,21.7,25,36,None,5504,3.4
Volkswagen,Model_1472,Small,40.3,20.4,23.6,15,26,None,5040,3.8
Lexus,Model_1473,Sport,31.6,36.4,27.3,21,47,None,4627,1.3
Kia,Model_1474,Compact,41.0,18.8,58.5,22,30,Driver & Passenger,4805,1.8
Mazda,Model_1475,Midsize,21.0,42.2,34.3,17,24,Driver & Passenger,6465,2.1
BMW,Model_1476,SUV,25.5,38.1,48.0,33,32,None,5084,2.8
BMW,Model_1477,Midsize,41.2,45.9,13.0,30,30,Driver & Passenger,5803,4.3
Mazda,Model_1478,Van,18.4,13.1,55.1,37,22,Driver & Passenger,6193,1.9
Audi,Model_1479,Sport,41.9,19.5,24.7,22,32,Driver & Passenger,5519,4.2
Hyundai,Model_1480,Large,38.7,17.0,28.4,20,39,Driver & Passenger,5029,4.6
Kia,Model_1481,Large,44.3,18.6,14.4,16,47,Driver only,4862,1.8
Lexus,Model_1482,Large,20.3,14.6,33.7,37,47,Driver only,5273,5.0
Volkswagen,Model_1483,Compact,17.1,35.3,57.2,26,45,Driver & Passenger,4431,3.1
Subaru,Model_1484,SUV,20.6,36.7,32.1,35,25,Driver & Passenger,6391,3.2
Kia,Model_1485,Sport,43.3,48.0,60.2,20,41,Driver only,4617,3.5
Mercedes-Benz,Model_1486,Sport,20.7,28.8,58.0,28,34,Driver & Passenger,4778,4.2
Mazda,Model_1487,Large,29.1,34.0,15.3,21,21,None,5440,3.6
Lexus,Model_1488,Large,23.2,54.6,28.2,23,42,Driver & Passenger,4532,3.9
Ford,Model_1489,Van,23.0,33.9,60.3,21,47,Driver & Passenger,6047,2.8
Hyundai,Model_1490,Small,15.6,35.8,13.6,29,21,Driver only,4486,3.4
Toyota,Model_1491,Small,28.1,54.8,52.6,26,44,Driver & Passenger,4054,2.0
Hyundai,Model_1492,Midsize,39.5,54.7,60.0,31,33,Driver & Passenger,6224,2.5
Mazda,Model_1493,Midsize,10.3,29.1,52.8,29,21,Driver only,5771,3.5
Subaru,Model_1494,Sport,41.0,38.6,51.4,29,24,Driver & Passenger,5886,1.2
Volkswagen,Model_1495,Sport,32.8,31.6,56.7,35,35,Driver & Passenger,4987,3.3
Subaru,Model_1496,Compact,31.0,42.4,47.3,28,27,Driver only,5141,3.2
Subaru,Model_1497,Compact,31.3,52.2,34.4,25,27,Driver & Passenger,5829,1.7
Honda,Model_1498,Small,19.3,23.9,15.3,25,30,Driver & Passenger,5441,4.7
Honda,Model_1499,Midsize,23.7,46.8,53.8,34,32,Driver & Passenger,4201,1.3
Nissan,Model_1500,Small,37.7,39.5,60.0,27,34,Driver & Passenger,4863,1.2
Mazda,Model_1501,Small,19.7,22.6,39.1,27,23,Driver only,5892,4.4
Nissan,Model_1502,Midsize,25.7,45.9,40.2,22,42,None,5168,4.4
Mazda,Model_1503,SUV,9.2,29.2,33.4,21,27,Driver & Passenger,4180,2.6
Hyundai,Model_1504,Compact,35.3,15.4,57.4,34,35,None,6083,4.9
Kia,Model_1505,Van,23.7,54.7,12.8,27,35,Driver & Passenger,5059,4.9
Toyota,Model_1506,Van,27.7,29.2,45.1,25,43,Driver & Passenger,5420,1.5
Subaru,Model_1507,Van,12.7,34.4,60.1,33,40,Driver only,4531,2.9
Hyundai,Model_1508,Midsize,44.7,46.4,17.5,20,29,Driver & Passenger,5253,1.2
Kia,Model_1509,Large,19.5,53.2,62.8,22,21,Driver only,5234,2.4
Hyundai,Model_1510,Large,31.7,49.3,63.3,33,37,Driver & Passenger,4469,1.3
BMW,Model_1511,Large,29.7,33.6,61.3,19,40,Driver & Passenger,5807,1.6
Chevrolet,Model_1512,Sport,37.2,34.6,36.5,24,35,Driver & Passenger,4458,4.6
Mercedes-Benz,Model_1513,Compact,19.2,22.6,32.3,15,23,None,5417,4.4
Lexus,Model_1514,Compact,36.1,30.8,49.4,26,39,None,6206,4.4
Mazda,Model_1515,SUV,22.5,52.6,28.9,21,38,None,5169,1.1
Hyundai,Model_1516,SUV,23.5,42.7,15.6,22,44,Driver & Passenger,6399,3.3
BMW,Model_1517,Sport,33.1,10.5,59.8,32,27,Driver & Passenger,5704,4.1
Volkswagen,Model_1518,Small,37.1,15.2,45.6,21,39,Driver only,4873,3.8
Audi,Model_1519,SUV,32.8,51.6,23.0,28,42,Driver & Passenger,5559,3.0
Toyota,Model_1520,Van,41.3,48.2,13.0,34,27,None,4109,1.5
Lexus,Model_1521,Large,18.9,31.9,50.3,32,33,Driver & Passenger,4486,4.1
Nissan,Model_1522,Van,41.4,37.8,57.2,35,35,Driver & Passenger,4216,4.6
Nissan,Model_1523,Large,13.3,23.0,33.5,37,25,Driver & Passenger,6151,2.1
Kia,Model_1524,Van,32.6,45.7,16.3,18,37,Driver & Passenger,5752,3.2
Lexus,Model_1525,Small,28.5,37.1,46.4,24,27,None,4679,3.0
Honda,Model_1526,Van,26.6,41.3,27.7,25,38,Driver only,5580,3.9
BMW,Model_1527,Van,19.8,26.9,19.6,25,23,Driver & Passenger,5737,4.7
Audi,Model_1528,Midsize,26.9,29.4,39.1,34,23,Driver & Passenger,5306,2.8
Hyundai,Model_1529,Van,14.4,19.3,37.5,33,26,Driver & Passenger,5557,2.8
Toyota,Model_1530,Midsize,22.0,52.7,39.4,15,27,None,4943,1.9
Hyundai,Model_1531,Compact,12.1,52.6,55.7,16,28,Driver & Passenger,5570,1.7
BMW,Model_1532,Sport,29.4,46.8,37.7,23,20,Driver only,5445,1.2
Audi,Model_1533,Van,12.0,52.1,59.7,31,36,Driver & Passenger,5753,4.3
Chevrolet,Model_1534,Compact,14.4,39.9,56.6,19,47,None,5277,2.6
Mazda,Model_1535,SUV,11.6,20.6,46.5,16,26,Driver & Passenger,4900,1.3
Hyundai,Model_1536,SUV,22.4,44.2,15.0,18,39,Driver & Passenger,4240,3.2
Nissan,Model_1537,Midsize,39.2,24.6,57.8,21,29,Driver & Passenger,4201,2.3
Hyundai,Model_1538,Van,41.6,29.8,60.0,35,43,Driver only,5501,4.9
Hyundai,Model_1539,Van,11.1,22.3,31.9,31,40,Driver & Passenger,4425,2.8
Nissan,Model_1540,Small,31.7,29.1,39.9,17,20,Driver & Passenger,6401,1.4
Hyundai,Model_1541,Compact,33.5,40.6,26.9,23,37,Driver & Passenger,4366,3.6
Kia,Model_1542,Large,28.0,15.0,12.8,15,45,Driver & Passenger,6132,4.2
Honda,Model_1543,Large,32.8,14.7,37.4,34,33,Driver & Passenger,4336,3.3
Hyundai,Model_1544,Small,17.0,40.8,18.9,35,38,Driver & Passenger,5214,4.1
Nissan,Model_1545,Midsize,26.4,45.1,21.7,30,37,None,4931,2.2
Kia,Model_1546,Large,22.8,34.8,37.5,17,44,Driver & Passenger,6068,3.1
Hyundai,Model_1547,Large,11.8,18.2,58.0,33,32,Driver & Passenger,4655,4.3
Chevrolet,Model_1548,SUV,31.3,29.4,56.8,30,26,Driver & Passenger,5709,1.3
Hyundai,Model_1549,SUV,26.6,44.1,63.1,15,21,Driver & Passenger,4491,2.0
Honda,Model_1550,Sport,18.5,40.9,37.6,36,26,None,5160,3.5
Hyundai,Model_1551,Compact,25.8,14.9,41.3,26,47,Driver & Passenger,5259,3.0
Kia,Model_1552,Midsize,36.8,53.6,55.6,34,47,Driver & Passenger,4022,4.1
Volkswagen,Model_1553,Van,37.8,20.1,49.1,20,29,Driver & Passenger,6188,1.7
BMW,Model_1554,Compact,32.2,19.9,21.7,17,36,Driver & Passenger,4221,4.4
Ford,Model_1555,Midsize,25.6,30.7,33.1,21,40,None,5951,3.5
Audi,Model_1556,Large,29.5,24.7,61.2,17,24,Driver & Passenger,6067,1.8
Ford,Model_1557,Sport,22.6,54.3,19.7,27,28,Driver & Passenger,5846,1.2
Volkswagen,Model_1558,Compact,13.1,13.4,23.1,30,23,Driver only,5330,4.9
Ford,Model_1559,Large,22.6,23.8,33.2,28,39,None,5871,2.8
Volkswagen,Model_1560,Midsize,27.9,27.2,61.8,23,41,Driver & Passenger,5964,2.1
Toyota,Model_1561,Compact,30.4,32.2,18.0,22,34,Driver & Passenger,5163,1.7
Volkswagen,Model_1562,Van,42.7,10.7,47.7,29,33,None,6164,2.0
Volkswagen,Model_1563,Compact,36.9,13.7,19.0,33,46,Driver only,5161,3.0
Subaru,Model_1564,Large,14.0,21.6,39.8,27,37,Driver & Passenger,4320,4.4
Volkswagen,Model_1565,Compact,14.9,34.9,40.4,28,29,Driver & Passenger,6315,1.8
Chevrolet,Model_1566,Van,12.2,44.5,14.3,25,35,Driver & Passenger,4435,2.5
BMW,Model_1567,Sport,35.4,40.9,62.6,32,41,None,5074,4.2
Mazda,Model_1568,Sport,34.3,35.5,54.8,17,42,Driver only,4981,3.7
Hyundai,Model_1569,Large,44.5,27.9,28.1,18,39,None,6367,1.1
Audi,Model_1570,Midsize,27.6,49.2,18.9,17,29,Driver only,5628,2.0
Honda,Model_1571,Large,38.7,30.7,30.3,27,28,Driver only,4731,1.5
BMW,Model_1572,Sport,29.5,23.5,59.4,30,35,Driver & Passenger,5748,1.2
Nissan,Model_1573,Small,40.4,38.3,19.0,27,24,Driver & Passenger,5361,4.8
Mazda,Model_1574,Small,34.8,41.1,30.5,24,38,Driver & Passenger,4744,3.5
Toyota,Model_1575,Compact,32.0,27.9,38.2,32,44,Driver & Passenger,6071,3.2
Toyota,Model_1576,Van,29.1,11.3,13.7,22,20,Driver & Passenger,5059,4.4
Mercedes-Benz,Model_1577,SUV,34.9,14.2,26.2,21,43,Driver & Passenger,4874,3.4
Hyundai,Model_1578,SUV,23.8,48.1,43.6,31,20,Driver & Passenger,4823,3.3
Volkswagen,Model_1579,SUV,12.0,12.5,29.2,36,45,Driver & Passenger,4719,1.8
BMW,Model_1580,Compact,10.0,36.6,58.1,20,43,Driver & Passenger,6305,3.5
Kia,Model_1581,Small,26.0,18.3,61.6,29,24,Driver only,5361,3.7
Subaru,Model_1582,Sport,30.4,20.3,35.4,23,26,Driver & Passenger,6224,4.5
Ford,Model_1583,Compact,11.4,22.3,40.2,24,43,Driver only,5453,2.7
Nissan,Model_1584,SUV,19.0,11.7,45.4,22,34,Driver only,5516,1.8
Toyota,Model_1585,SUV,20.3,18.0,47.2,21,30,Driver & Passenger,5846,3.3
Audi,Model_1586,Large,29.0,39.3,15.4,37,31,Driver & Passenger,5765,4.9
Toyota,Model_1587,SUV,18.7,32.4,14.8,19,36,Driver & Passenger,4267,1.3
Honda,Model_1588,Van,12.0,45.9,57.9,32,36,Driver & Passenger,4716,1.0
Hyundai,Model_1589,SUV,14.5,12.8,23.7,30,42,None,4446,1.1
Toyota,Model_1590,Large,14.8,50.0,43.0,29,36,Driver & Passenger,4239,4.3
Honda,Model_1591,SUV,39.3,54.8,45.1,24,23,None,4116,1.0
BMW,Model_1592,Van,18.9,10.7,20.7,35,41,Driver only,6313,1.9
BMW,Model_1593,Sport,34.6,53.5,52.4,15,21,Driver only,6028,4.9
Subaru,Model_1594,Compact,29.2,20.6,57.9,20,29,Driver & Passenger,4655,4.0
Hyundai,Model_1595,Van,44.2,41.2,27.1,29,24,Driver & Passenger,6039,1.9
Mercedes-Benz,Model_1596,Large,18.5,23.2,58.5,16,29,Driver & Passenger,4586,1.9
Mazda,Model_1597,Compact,14.3,33.5,16.3,26,29,None,5880,2.8
Toyota,Model_1598,Compact,10.4,33.0,54.4,15,46,Driver & Passenger,6059,1.3
Audi,Model_1599,Large,17.3,26.2,45.9,29,30,Driver only,6130,3.6
Toyota,Model_1600,Small,33.5,42.3,42.9,27,29,Driver & Passenger,4382,3.0
Mercedes-Benz,Model_1601,SUV,11.6,37.0,24.2,15,30,Driver & Passenger,4083,2.7
Lexus,Model_1602,Van,17.4,32.9,31.2,15,25,Driver & Passenger,4983,3.0
Audi,Model_1603,Large,39.7,54.2,60.2,18,40,Driver only,4512,2.1
Chevrolet,Model_1604,Sport,29.8,52.3,36.7,35,29,Driver & Passenger,5588,1.9
Volkswagen,Model_1605,Midsize,11.0,53.0,43.5,28,27,Driver only,6219,1.3
Mazda,Model_1606,Large,10.2,49.7,61.6,35,30,Driver & Passenger,4490,3.5
Chevrolet,Model_1607,SUV,10.7,21.5,36.7,31,39,Driver only,4265,3.0
Lexus,Model_1608,SUV,42.9,25.7,32.6,27,43,Driver & Passenger,6192,3.8
Lexus,Model_1609,Compact,39.5,20.4,59.3,26,46,None,5733,4.6
Mercedes-Benz,Model_1610,Compact,39.3,54.4,60.3,20,38,None,5786,5.0
Toyota,Model_1611,Large,42.2,16.9,30.8,33,26,Driver only,4636,1.9
Mercedes-Benz,Model_1612,Midsize,26.9,26.5,43.4,34,47,None,5444,1.7
Mercedes-Benz,Model_1613,Large,17.5,19.0,63.1,30,40,Driver & Passenger,6115,4.6
Lexus,Model_1614,Midsize,23.1,20.1,14.9,35,31,Driver & Passenger,5277,2.6
Mazda,Model_1615,Midsize,34.7,21.1,14.1,30,40,Driver & Passenger,6447,4.2
Chevrolet,Model_1616,SUV,40.5,38.8,39.4,26,25,Driver & Passenger,5379,1.5
Ford,Model_1617,SUV,24.4,13.4,27.4,34,31,Driver & Passenger,5762,2.2
Toyota,Model_1618,SUV,28.0,35.8,42.8,34,24,None,4781,1.0
Lexus,Model_1619,Sport,42.5,46.9,50.4,27,32,Driver & Passenger,4249,5.0
Chevrolet,Model_1620,SUV,12.4,44.5,15.7,15,36,Driver & Passenger,4884,1.0
Hyundai,Model_1621,Van,40.0,16.8,58.8,32,28,Driver & Passenger,5290,1.7
Ford,Model_1622,Compact,14.3,51.2,26.7,16,46,Driver & Passenger,4383,3.2
Ford,Model_1623,Compact,26.2,44.7,32.2,16,39,Driver & Passenger,5288,4.4
BMW,Model_1624,Midsize,16.5,10.2,29.9,15,40,Driver & Passenger,4536,4.2
Subaru,Model_1625,Compact,30.5,43.2,56.5,24,36,None,5639,2.0
Toyota,Model_1626,Small,28.9,43.2,21.0,15,38,Driver & Passenger,5788,4.5
Ford,Model_1627,Midsize,22.4,32.4,13.5,28,38,Driver & Passenger,6071,1.3
Lexus,Model_1628,Compact,40.0,12.1,63.5,22,27,Driver only,5197,2.3
BMW,Model_1629,Small,32.6,36.1,64.0,15,46,Driver only,6065,2.1
Chevrolet,Model_1630,Sport,34.8,44.5,25.7,28,27,Driver & Passenger,5474,3.6
Hyundai,Model_1631,Compact,14.0,22.2,12.5,24,44,Driver & Passenger,5086,1.2
Honda,Model_1632,Small,40.7,40.0,46.2,33,45,Driver & Passenger,5646,4.4
Toyota,Model_1633,Large,14.6,25.9,46.4,22,34,Driver & Passenger,5175,4.8
Mazda,Model_1634,Van,16.6,35.8,61.8,16,26,None,5875,1.9
Mercedes-Benz,Model_1635,Large,13.2,27.3,27.8,18,25,Driver & Passenger,4473,4.6
Audi,Model_1636,Small,24.6,23.7,22.0,26,35,Driver & Passenger,5530,4.6
Audi,Model_1637,Midsize,40.9,48.5,44.7,23,27,None,6043,3.5
Chevrolet,Model_1638,SUV,17.7,43.9,41.9,37,22,Driver & Passenger,5834,3.0
Kia,Model_1639,SUV,22.1,25.5,50.0,15,29,Driver & Passenger,4223,4.1
Kia,Model_1640,SUV,39.4,29.6,58.9,22,45,Driver & Passenger,6247,3.1
Chevrolet,Model_1641,Midsize,31.1,41.1,41.7,31,29,Driver & Passenger,4132,4.0
Lexus,Model_1642,Compact,35.9,46.5,20.0,30,43,None,4381,1.4
Ford,Model_1643,SUV,16.3,40.8,43.7,29,38,Driver only,4230,2.1
Subaru,Model_1644,Large,34.7,34.3,31.8,23,21,Driver & Passenger,4704,2.6
Toyota,Model_1645,Midsize,16.8,52.9,36.0,22,28,Driver & Passenger,4900,1.8
Audi,Model_1646,Midsize,44.5,44.8,62.9,34,20,Driver only,5346,1.9
Audi,Model_1647,SUV,28.9,15.2,41.4,28,29,Driver & Passenger,6028,4.0
Subaru,Model_1648,Large,33.9,35.1,19.9,26,45,Driver & Passenger,4051,1.7
Ford,Model_1649,Sport,12.8,28.4,35.5,29,37,Driver & Passenger,6384,1.4
Audi,Model_1650,Midsize,17.6,45.8,24.1,18,42,Driver & Passenger,4992,2.1
Mercedes-Benz,Model_1651,SUV,13.6,12.0,19.2,18,20,Driver & Passenger,4594,1.6
Mazda,Model_1652,Van,22.7,28.5,49.7,36,31,Driver only,5923,1.8
Toyota,Model_1653,Small,18.9,24.3,45.3,16,24,Driver & Passenger,4332,4.1
Hyundai,Model_1654,Compact,35.3,16.4,38.4,18,47,Driver & Passenger,5458,2.8
Audi,Model_1655,Midsize,12.5,27.0,34.4,34,44,Driver only,5777,2.7
Chevrolet,Model_1656,Van,36.0,40.3,29.1,32,44,Driver & Passenger,4682,3.1
Mazda,Model_1657,Van,10.2,26.3,16.7,29,30,Driver & Passenger,4473,1.4
Audi,Model_1658,Midsize,15.9,36.1,27.9,22,39,Driver only,5530,4.9
Volkswagen,Model_1659,Sport,37.4,36.7,56.4,24,45,None,4719,4.4
Hyundai,Model_1660,Small,35.6,36.4,53.5,16,33,Driver & Passenger,4824,2.2
Mercedes-Benz,Model_1661,Compact,25.9,33.8,63.5,23,34,Driver & Passenger,5431,1.2
Mazda,Model_1662,Midsize,10.3,15.3,46.8,30,21,Driver & Passenger,5844,3.5
BMW,Model_1663,Compact,30.8,19.8,41.3,36,44,Driver & Passenger,4378,3.4
Hyundai,Model_1664,Large,23.3,46.0,27.7,26,46,Driver & Passenger,4763,2.2
Hyundai,Model_1665,Van,20.1,32.6,16.1,19,23,Driver & Passenger,6037,2.4
Nissan,Model_1666,Van,31.9,41.8,44.8,21,38,Driver & Passenger,6252,3.1
Chevrolet,Model_1667,Midsize,24.4,35.6,37.9,29,32,Driver & Passenger,4357,4.5
Chevrolet,Model_1668,Midsize,11.9,11.7,52.2,27,38,Driver & Passenger,6296,1.4
Toyota,Model_1669,Large,41.9,45.8,33.8,22,32,Driver only,4904,3.0
Subaru,Model_1670,Sport,36.9,12.9,64.2,33,42,Driver & Passenger,5172,2.7
Hyundai,Model_1671,Midsize,10.6,52.4,33.1,33,31,Driver only,4669,2.9
Mazda,Model_1672,Van,27.7,19.7,29.7,19,21,Driver & Passenger,4789,4.6
Ford,Model_1673,Compact,11.5,33.1,58.2,35,24,Driver & Passenger,4286,3.2
Chevrolet,Model_1674,Small,39.1,12.9,33.0,32,37,Driver & Passenger,6435,3.8
Mazda,Model_1675,SUV,30.9,50.3,58.2,35,42,None,4777,4.7
Lexus,Model_1676,Compact,14.8,54.1,13.4,31,42,Driver & Passenger,4733,2.2
Mazda,Model_1677,Sport,9.3,16.6,48.7,21,38,None,4902,2.4
Lexus,Model_1678,Small,9.7,23.3,15.8,28,22,Driver only,6190,1.9
Volkswagen,Model_1679,Compact,27.0,10.7,19.9,29,43,Driver & Passenger,4585,3.6
Honda,Model_1680,Compact,35.3,45.4,49.1,37,42,None,5882,2.0
Honda,Model_1681,Large,12.9,24.0,27.4,31,23,Driver & Passenger,5794,1.9
Nissan,Model_1682,SUV,16.6,36.5,23.2,17,37,Driver only,5403,4.9
BMW,Model_1683,Sport,20.4,11.8,54.5,27,31,Driver & Passenger,4780,3.8
Nissan,Model_1684,Van,16.5,42.2,62.2,25,22,None,4464,4.3
Lexus,Model_1685,Large,22.8,33.8,24.3,17,46,Driver & Passenger,4761,4.9
Hyundai,Model_1686,Small,28.9,42.6,28.8,20,30,Driver & Passenger,5552,4.9
Audi,Model_1687,SUV,33.5,45.5,49.8,20,33,Driver only,5354,2.3
Ford,Model_1688,Van,43.7,14.0,55.2,36,46,None,4656,3.1
Audi,Model_1689,Large,42.5,36.0,65.0,35,22,Driver & Passenger,5712,4.7
Kia,Model_1690,SUV,29.3,39.2,26.5,20,24,Driver only,6118,1.1
Audi,Model_1691,Sport,35.3,33.3,41.5,20,26,Driver & Passenger,4914,4.7
Toyota,Model_1692,Midsize,43.2,18.2,19.1,20,39,Driver & Passenger,5915,4.4
Audi,Model_1693,Midsize,11.5,45.8,29.5,28,36,Driver & Passenger,5313,2.9
Nissan,Model_1694,Small,8.7,54.9,14.4,25,38,Driver only,4220,3.1
Chevrolet,Model_1695,Midsize,9.6,53.6,23.2,30,22,Driver & Passenger,5693,1.2
Mercedes-Benz,Model_1696,Large,29.1,45.0,38.8,36,20,Driver & Passenger,5534,3.2
Chevrolet,Model_1697,Small,36.3,28.8,20.7,33,27,Driver & Passenger,4540,1.5
Honda,Model_1698,Van,21.9,25.2,59.1,21,39,Driver & Passenger,4391,2.1
Mercedes-Benz,Model_1699,Sport,28.4,13.1,49.6,20,24,Driver & Passenger,6139,4.2
Subaru,Model_1700,Small,27.3,28.7,13.5,25,22,Driver & Passenger,5331,3.0
Ford,Model_1701,Van,12.0,17.0,58.5,18,39,None,4337,4.0
Ford,Model_1702,Small,20.2,21.4,63.8,15,36,None,5620,4.7
Toyota,Model_1703,Compact,9.2,50.1,38.6,36,32,Driver & Passenger,6105,1.7
Hyundai,Model_1704,Compact,12.5,53.6,28.7,23,32,Driver & Passenger,6108,2.0
Nissan,Model_1705,Small,38.1,52.7,26.0,27,23,Driver only,6471,3.3
Honda,Model_1706,SUV,38.8,18.7,16.6,22,37,Driver only,4272,4.8
Volkswagen,Model_1707,Midsize,37.8,50.5,38.1,16,45,Driver & Passenger,6273,4.1
Kia,Model_1708,Compact,35.0,16.4,14.7,30,25,Driver only,5382,3.6
Hyundai,Model_1709,SUV,37.5,32.8,38.7,33,21,Driver only,5362,3.7
Ford,Model_1710,SUV,33.0,39.0,25.4,22,34,Driver only,4863,2.7
Chevrolet,Model_1711,Sport,32.9,30.8,37.3,26,44,Driver & Passenger,4337,2.6
Audi,Model_1712,Van,32.9,52.8,34.2,25,21,Driver & Passenger,6424,4.9
Audi,Model_1713,Large,27.3,25.0,28.2,23,39,None,5711,4.4
Subaru,Model_1714,Compact,21.8,33.7,35.8,24,39,Driver & Passenger,6201,4.0
Honda,Model_1715,Small,35.2,13.4,37.1,15,35,Driver & Passenger,5031,3.9
Nissan,Model_1716,Midsize,19.4,48.4,56.2,33,47,Driver & Passenger,4281,3.3
Nissan,Model_1717,Large,28.3,28.6,47.3,31,30,Driver & Passenger,5904,2.3
BMW,Model_1718,Van,24.3,41.5,35.0,37,36,None,5421,2.7
Lexus,Model_1719,SUV,18.6,40.7,60.0,18,46,Driver only,5960,1.2
Hyundai,Model_1720,Van,44.1,40.4,52.1,26,42,None,5679,1.4
Ford,Model_1721,Compact,17.9,32.8,16.0,37,20,None,5250,2.5
Nissan,Model_1722,Van,19.8,22.5,20.1,34,32,Driver & Passenger,5057,1.5
Subaru,Model_1723,Van,14.4,38.1,16.3,22,27,None,6019,2.6
Chevrolet,Model_1724,Midsize,38.5,53.3,28.9,36,22,Driver only,5163,1.9
Honda,Model_1725,SUV,29.9,47.5,35.1,30,33,Driver & Passenger,6432,2.4
Kia,Model_1726,Midsize,30.9,14.9,38.7,15,43,Driver & Passenger,6039,2.5
BMW,Model_1727,Midsize,38.5,11.0,57.1,23,43,Driver & Passenger,5308,4.2
Subaru,Model_1728,Small,21.0,32.5,13.0,25,45,Driver & Passenger,5783,3.7
Mazda,Model_1729,Van,15.6,44.9,34.7,26,47,None,5378,4.3
Toyota,Model_1730,Van,15.7,24.1,33.8,23,33,Driver & Passenger,4648,2.5
Kia,Model_1731,Van,35.2,41.6,62.2,20,45,None,4954,4.3
Lexus,Model_1732,Sport,30.9,51.9,24.8,23,40,Driver & Passenger,6411,4.8
Mazda,Model_1733,Midsize,16.0,30.7,18.5,20,33,Driver & Passenger,5318,2.1
Volkswagen,Model_1734,Large,13.8,21.0,19.5,20,38,Driver & Passenger,6026,3.9
Lexus,Model_1735,Compact,12.9,51.3,39.6,34,30,Driver only,5881,1.2
Audi,Model_1736,SUV,31.4,31.3,32.7,17,46,Driver & Passenger,4855,3.1
Toyota,Model_1737,Large,8.5,28.4,52.0,17,31,None,4585,1.6
Ford,Model_1738,SUV,9.2,25.9,29.1,30,46,Driver only,5538,4.3
Chevrolet,Model_1739,Small,22.7,29.0,18.8,16,44,Driver only,5938,2.7
Toyota,Model_1740,Small,33.7,40.3,32.5,18,20,Driver & Passenger,5304,3.4
Lexus,Model_1741,SUV,33.9,29.5,58.8,23,20,Driver & Passenger,5363,3.3
Hyundai,Model_1742,Van,24.2,24.6,33.5,21,33,Driver & Passenger,4441,1.4
Mazda,Model_1743,Large,33.7,43.5,56.2,17,37,Driver only,4391,1.4
Ford,Model_1744,Van,27.5,19.1,31.7,27,45,Driver & Passenger,5911,3.3
Mercedes-Benz,Model_1745,Sport,44.2,19.1,26.9,28,41,None,6482,2.3
Hyundai,Model_1746,Small,14.4,41.3,53.1,23,21,Driver & Passenger,4100,1.4
Audi,Model_1747,Small,30.4,49.0,23.1,15,23,Driver & Passenger,5321,2.2
Hyundai,Model_1748,Large,26.4,20.9,24.3,26,41,Driver & Passenger,5854,1.8
BMW,Model_1749,Small,15.6,18.6,14.6,15,37,None,6152,1.2
BMW,Model_1750,Sport,35.9,40.2,22.0,23,23,None,4058,2.5
Volkswagen,Model_1751,Sport,18.6,37.9,32.1,21,42,None,4209,3.7
Lexus,Model_1752,Sport,22.4,30.1,33.2,17,36,Driver & Passenger,6142,1.5
Honda,Model_1753,Compact,22.2,14.3,34.3,18,35,Driver & Passenger,4601,3.3
Kia,Model_1754,Sport,17.4,14.1,37.4,21,35,None,5367,1.6
Kia,Model_1755,Sport,24.2,45.0,42.3,29,28,Driver & Passenger,6098,1.3
Mercedes-Benz,Model_1756,Compact,25.8,30.3,22.0,15,45,Driver & Passenger,5976,1.4
Mercedes-Benz,Model_1757,Van,35.7,48.6,44.5,20,29,Driver & Passenger,4500,1.8
Ford,Model_1758,Midsize,36.4,35.9,29.8,36,26,Driver & Passenger,5728,2.9
Audi,Model_1759,Small,14.3,37.8,50.9,19,28,Driver only,5125,2.8
Nissan,Model_1760,Sport,30.1,52.0,41.5,25,42,Driver only,4918,2.9
Volkswagen,Model_1761,Small,41.2,17.4,41.4,31,35,Driver & Passenger,4307,2.5
BMW,Model_1762,Large,12.5,34.4,48.3,17,46,None,4472,4.5
Ford,Model_1763,Small,25.8,12.6,29.7,26,36,Driver only,5470,4.5
Nissan,Model_1764,SUV,35.9,26.2,34.7,34,42,Driver & Passenger,4075,3.6
Kia,Model_1765,Van,30.8,16.7,42.9,24,46,Driver & Passenger,4642,2.3
Honda,Model_1766,Compact,12.2,18.5,34.3,21,44,None,6199,1.7
Hyundai,Model_1767,Small,23.0,52.1,35.5,29,43,Driver & Passenger,5753,3.8
BMW,Model_1768,Small,27.0,37.5,26.4,35,35,Driver & Passenger,5961,5.0
Ford,Model_1769,Small,44.8,50.1,27.2,32,35,None,6452,4.3
Toyota,Model_1770,Midsize,15.0,30.0,49.0,33,47,Driver & Passenger,4251,2.3
Nissan,Model_1771,Midsize,44.4,36.9,12.2,15,39,Driver & Passenger,5748,1.8
Hyundai,Model_1772,Large,22.2,11.4,17.1,36,40,None,4374,4.3
BMW,Model_1773,Compact,15.8,31.1,62.3,27,38,Driver & Passenger,5142,2.6
Kia,Model_1774,Small,23.6,35.4,21.9,18,29,None,5007,3.3
Subaru,Model_1775,Small,30.9,10.8,34.2,32,45,None,4152,1.2
Audi,Model_1776,Small,16.3,45.5,57.0,26,47,None,5547,4.2
Nissan,Model_1777,Small,19.1,23.3,12.0,18,21,Driver & Passenger,5636,1.8
Kia,Model_1778,Midsize,39.7,30.4,61.0,18,22,Driver & Passenger,4709,4.1
BMW,Model_1779,Van,45.0,34.1,14.8,19,26,Driver only,5820,3.6
Nissan,Model_1780,Van,20.1,54.6,21.1,33,43,None,5180,2.6
Volkswagen,Model_1781,Large,13.9,14.5,13.5,23,21,Driver only,5244,3.1
Hyundai,Model_1782,SUV,37.5,35.0,39.5,21,44,Driver & Passenger,4173,3.2
Hyundai,Model_1783,Sport,30.4,33.9,62.0,21,32,Driver & Passenger,4237,1.9
BMW,Model_1784,Compact,12.2,13.1,56.5,26,23,Driver & Passenger,4763,1.5
Volkswagen,Model_1785,Van,43.1,38.5,45.9,24,34,None,5901,4.2
Mazda,Model_1786,SUV,11.3,22.9,21.8,34,37,None,4180,3.8
Ford,Model_1787,Small,31.3,14.7,58.1,35,26,Driver only,6145,3.5
Subaru,Model_1788,Van,24.0,18.0,52.0,27,46,None,6357,2.1
Mercedes-Benz,Model_1789,Large,28.8,47.1,26.1,37,37,None,6427,2.6
Hyundai,Model_1790,Sport,16.3,14.7,54.7,20,26,Driver & Passenger,6035,1.6
Nissan,Model_1791,Van,33.6,31.0,58.5,23,43,Driver & Passenger,5395,4.0
Audi,Model_1792,Large,43.5,18.8,49.0,33,28,Driver & Passenger,5200,1.1
Kia,Model_1793,Midsize,25.2,17.3,17.3,30,47,None,4862,1.0
Mercedes-Benz,Model_1794,Sport,27.6,19.3,64.2,25,31,None,4936,3.1
Toyota,Model_1795,Large,17.3,32.2,16.0,18,46,Driver only,4469,2.4
Kia,Model_1796,SUV,41.1,20.7,46.7,15,20,Driver & Passenger,4729,1.6
Nissan,Model_1797,Van,43.9,14.4,17.9,35,21,None,5803,3.9
Subaru,Model_1798,Midsize,37.2,46.1,60.0,26,37,Driver & Passenger,5826,4.7
Lexus,Model_1799,SUV,28.3,34.3,30.5,18,33,None,6416,2.1
Kia,Model_1800,Large,43.4,17.1,39.1,19,42,Driver & Passenger,4556,3.4
Lexus,Model_1801,Large,14.1,31.2,21.5,20,25,Driver only,4969,4.0
Ford,Model_1802,SUV,26.0,13.1,41.0,28,30,Driver & Passenger,5267,3.5
Subaru,Model_1803,Van,28.1,36.1,61.8,15,44,Driver & Passenger,4126,2.5
BMW,Model_1804,Sport,26.5,25.3,59.8,22,38,Driver & Passenger,5135,3.2
Volkswagen,Model_1805,Midsize,37.8,14.7,15.4,29,27,Driver & Passenger,4978,3.9
Toyota,Model_1806,Small,33.0,18.3,32.0,26,40,Driver & Passenger,5465,4.8
Chevrolet,Model_1807,Compact,13.1,25.6,26.2,33,24,Driver & Passenger,6318,4.1
Nissan,Model_1808,Sport,21.1,46.3,37.5,37,45,Driver & Passenger,4662,2.3
Honda,Model_1809,Midsize,20.9,17.8,56.2,21,46,Driver & Passenger,5430,3.7
Chevrolet,Model_1810,SUV,29.1,14.9,51.2,23,47,Driver & Passenger,5876,4.7
Kia,Model_1811,Large,19.1,33.2,30.2,25,40,Driver & Passenger,5260,3.1
Mercedes-Benz,Model_1812,SUV,12.8,35.1,32.3,37,43,Driver & Passenger,4161,1.4
Nissan,Model_1813,Midsize,32.4,14.1,46.7,22,26,Driver & Passenger,5404,3.6
Volkswagen,Model_1814,SUV,39.6,22.8,22.3,18,46,Driver & Passenger,4808,3.4
Mazda,Model_1815,SUV,42.5,21.8,17.4,24,47,Driver & Passenger,5304,1.5
Volkswagen,Model_1816,Compact,44.0,18.4,24.9,34,42,Driver only,4555,2.0
Honda,Model_1817,Van,37.0,24.2,18.6,24,23,Driver & Passenger,5164,3.7
Toyota,Model_1818,Compact,13.6,11.7,30.7,22,34,Driver only,5077,4.9
Volkswagen,Model_1819,Small,39.6,39.3,61.7,28,41,Driver & Passenger,5562,1.7
Audi,Model_1820,Small,23.1,54.5,18.4,18,20,Driver & Passenger,4519,3.5
Mazda,Model_1821,Compact,35.1,38.5,55.4,34,41,None,4483,2.9
Chevrolet,Model_1822,Sport,27.9,26.2,40.3,17,24,None,4170,2.4
BMW,Model_1823,Sport,38.7,40.1,45.5,17,36,Driver only,6423,4.7
Ford,Model_1824,SUV,24.0,35.7,21.0,18,32,Driver only,4709,4.7
Audi,Model_1825,SUV,10.8,48.1,20.0,26,46,Driver & Passenger,5100,1.7
Hyundai,Model_1826,Large,28.8,38.0,20.6,32,36,None,6052,3.8
Mazda,Model_1827,Small,14.8,38.5,47.4,33,38,Driver only,5260,4.1
BMW,Model_1828,Large,43.7,20.0,51.6,25,23,Driver & Passenger,5690,4.7
BMW,Model_1829,Small,27.7,28.7,60.8,32,36,Driver only,5522,1.3
Nissan,Model_1830,Compact,28.7,25.5,33.1,28,31,Driver & Passenger,4064,4.7
Mazda,Model_1831,Sport,41.6,10.5,36.5,25,45,Driver & Passenger,5859,2.0
Toyota,Model_1832,SUV,31.3,24.1,36.9,28,42,Driver & Passenger,6283,4.4
Kia,Model_1833,Sport,19.5,31.9,26.3,36,37,None,4665,4.3
Honda,Model_1834,Compact,19.3,37.0,29.4,17,30,None,4288,4.2
Hyundai,Model_1835,Large,26.8,52.1,56.9,16,23,Driver only,6283,2.2
Honda,Model_1836,Large,40.1,20.8,30.2,23,31,Driver & Passenger,4748,4.0
Chevrolet,Model_1837,Midsize,37.5,16.9,58.1,22,28,None,4421,2.0
Chevrolet,Model_1838,SUV,43.6,49.1,28.2,19,43,Driver & Passenger,4390,2.2
Honda,Model_1839,SUV,11.1,52.4,30.0,23,37,Driver only,4755,4.3
Volkswagen,Model_1840,SUV,18.3,32.0,41.7,19,46,Driver & Passenger,5028,3.3
Toyota,Model_1841,Small,11.4,15.2,17.5,35,46,Driver & Passenger,5160,2.2
Lexus,Model_1842,Large,35.9,31.8,60.9,27,28,Driver & Passenger,4749,3.8
Volkswagen,Model_1843,Compact,13.6,14.9,55.5,25,20,Driver only,5071,4.4
Mercedes-Benz,Model_1844,Large,12.1,49.7,47.5,25,25,None,4557,3.2
Volkswagen,Model_1845,Sport,29.0,41.9,64.4,34,38,Driver & Passenger,5087,1.9
Ford,Model_1846,Small,23.5,20.9,12.8,26,20,Driver & Passenger,4703,3.3
Hyundai,Model_1847,SUV,34.6,49.9,33.8,33,27,Driver & Passenger,5693,3.3
Kia,Model_1848,Van,26.3,38.7,57.5,27,25,None,5800,3.5
Ford,Model_1849,Midsize,24.0,52.9,34.9,23,23,Driver & Passenger,5748,4.1
Nissan,Model_1850,Small,24.0,54.1,12.3,18,22,Driver & Passenger,4759,4.9
Hyundai,Model_1851,Sport,40.3,10.1,20.4,21,32,Driver only,4217,1.4
Hyundai,Model_1852,SUV,22.9,15.4,35.0,19,45,Driver & Passenger,5997,1.8
Mazda,Model_1853,Sport,20.7,34.6,47.4,21,21,None,5574,4.3
Toyota,Model_1854,Sport,20.9,53.0,20.6,22,32,None,5756,3.1
Toyota,Model_1855,SUV,15.7,54.7,35.7,28,40,Driver only,5590,4.0
Hyundai,Model_1856,Sport,39.9,35.5,12.7,24,34,Driver only,5783,2.7
Mercedes-Benz,Model_1857,Compact,13.9,17.8,37.3,20,27,None,4307,4.4
Volkswagen,Model_1858,Midsize,41.7,17.3,59.5,19,31,Driver & Passenger,5855,2.7
Mazda,Model_1859,Van,18.8,44.4,43.6,29,27,Driver & Passenger,6330,4.8
Kia,Model_1860,Sport,41.3,36.6,35.4,30,38,Driver only,5601,2.6
Hyundai,Model_1861,Sport,37.4,34.7,20.6,16,28,None,5729,2.1
Audi,Model_1862,Large,29.7,31.0,22.7,29,29,Driver & Passenger,5142,1.4
Chevrolet,Model_1863,Midsize,32.9,42.6,16.1,22,40,Driver & Passenger,6296,4.4
Chevrolet,Model_1864,Small,20.4,48.6,51.3,35,42,Driver only,4061,4.8
Ford,Model_1865,Midsize,29.5,23.6,16.1,36,46,Driver only,5020,4.6
Nissan,Model_1866,Midsize,19.2,19.9,32.3,27,44,None,5423,4.0
Subaru,Model_1867,SUV,23.2,40.2,51.7,31,26,Driver only,5163,2.7
Subaru,Model_1868,SUV,36.4,51.2,49.8,29,29,Driver & Passenger,4551,2.2
Chevrolet,Model_1869,SUV,17.4,25.7,42.6,28,22,Driver & Passenger,5033,2.1
Lexus,Model_1870,Van,39.1,22.3,42.3,33,21,Driver only,4566,4.0
BMW,Model_1871,Midsize,22.2,20.2,16.8,27,47,Driver & Passenger,4846,2.4
Ford,Model_1872,Van,27.9,21.5,21.3,35,26,Driver & Passenger,5007,4.1
Subaru,Model_1873,Sport,42.9,16.1,40.3,21,29,Driver only,5539,4.9
Chevrolet,Model_1874,SUV,33.4,36.9,30.4,22,27,None,5406,1.8
Nissan,Model_1875,Sport,32.1,22.6,13.0,21,31,Driver only,5046,1.5
Subaru,Model_1876,SUV,34.5,37.7,54.3,33,47,Driver only,5636,1.5
Volkswagen,Model_1877,Compact,42.0,13.7,46.7,29,39,Driver & Passenger,4560,1.2
Volkswagen,Model_1878,Van,17.6,15.2,29.3,21,36,Driver only,4361,3.8
Toyota,Model_1879,Van,30.9,34.1,17.2,31,41,Driver & Passenger,4960,3.4
Mercedes-Benz,Model_1880,Small,23.1,33.0,43.3,35,28,Driver & Passenger,5848,3.3
Toyota,Model_1881,Large,8.9,22.2,30.5,32,39,Driver & Passenger,5338,3.3
Kia,Model_1882,Midsize,13.1,47.2,25.5,33,22,None,6254,1.3
Hyundai,Model_1883,Small,20.4,18.4,50.2,17,41,Driver only,5258,2.2
Audi,Model_1884,Van,29.1,26.2,29.4,36,41,Driver & Passenger,6321,2.1
Toyota,Model_1885,Small,40.7,35.0,19.2,21,23,Driver & Passenger,5172,2.9
Hyundai,Model_1886,Compact,37.4,49.0,37.5,35,26,Driver only,4691,4.5
Subaru,Model_1887,Large,28.7,28.8,55.9,24,46,Driver & Passenger,5917,4.9
Lexus,Model_1888,Van,11.2,27.9,57.0,21,37,Driver & Passenger,5927,3.4
Mazda,Model_1889,Van,18.9,36.1,57.0,25,36,Driver only,5304,2.0
Chevrolet,Model_1890,Midsize,21.9,24.3,34.3,17,46,Driver & Passenger,4159,2.5
Mazda,Model_1891,SUV,31.2,41.9,53.9,35,41,Driver & Passenger,5911,2.3
Hyundai,Model_1892,Large,10.9,21.2,57.1,36,22,Driver & Passenger,5831,1.8
Nissan,Model_1893,Compact,27.9,47.0,36.4,23,22,None,4162,4.9
Toyota,Model_1894,Sport,41.4,22.3,28.9,18,32,None,5638,1.5
Audi,Model_1895,Small,34.2,54.7,49.2,22,36,Driver & Passenger,5483,3.3
Nissan,Model_1896,Midsize,37.6,24.2,59.9,36,37,Driver & Passenger,5890,4.2
BMW,Model_1897,Van,33.4,49.5,63.5,26,38,Driver only,5897,4.8
BMW,Model_1898,Sport,16.0,27.9,27.4,22,36,None,4239,1.8
Mazda,Model_1899,Compact,12.5,21.1,62.7,29,43,Driver & Passenger,5965,1.8
Hyundai,Model_1900,Large,38.8,20.2,38.5,28,35,None,5735,3.0
Ford,Model_1901,Small,33.9,48.3,28.2,19,35,Driver & Passenger,4485,2.5
Hyundai,Model_1902,Midsize,29.5,23.9,64.4,31,41,Driver & Passenger,4670,2.0
Subaru,Model_1903,Van,15.4,25.2,58.5,34,44,Driver only,5859,1.4
Hyundai,Model_1904,Van,30.5,18.9,48.7,25,20,Driver & Passenger,6471,2.5
Volkswagen,Model_1905,Sport,9.6,53.3,59.4,36,46,None,5017,2.1
Kia,Model_1906,Sport,12.8,21.0,48.1,29,33,Driver only,5220,1.7
Hyundai,Model_1907,Small,19.9,21.1,35.3,27,47,Driver & Passenger,5065,2.5
Mercedes-Benz,Model_1908,Large,24.7,52.5,62.2,18,34,Driver only,6261,1.3
Kia,Model_1909,Compact,12.9,50.5,63.1,36,23,Driver only,4252,4.7
Hyundai,Model_1910,SUV,12.9,21.2,28.7,27,39,None,4016,3.4
Kia,Model_1911,Large,35.0,48.9,30.8,27,40,None,4115,2.9
Audi,Model_1912,Large,29.3,21.2,32.3,25,30,Driver only,5915,1.5
Toyota,Model_1913,Large,28.0,13.8,55.6,19,37,Driver only,5227,4.1
Audi,Model_1914,SUV,25.0,46.9,53.9,28,36,Driver & Passenger,4692,1.3
Kia,Model_1915,Small,44.1,44.7,64.1,36,47,Driver only,4811,4.9
Nissan,Model_1916,SUV,10.3,23.3,36.7,17,28,Driver only,6035,4.4
BMW,Model_1917,Small,15.1,14.1,51.0,32,40,Driver & Passenger,4794,2.9
Kia,Model_1918,SUV,32.1,19.3,57.4,17,43,Driver & Passenger,4150,3.7
Audi,Model_1919,Compact,13.5,44.7,23.7,20,33,Driver & Passenger,6293,1.4
Lexus,Model_1920,Large,30.0,53.4,44.9,22,47,None,5081,3.0
Hyundai,Model_1921,Small,29.2,21.7,41.0,35,22,Driver & Passenger,4506,4.3
Nissan,Model_1922,SUV,43.9,46.8,51.4,31,39,Driver & Passenger,6288,1.3
Audi,Model_1923,Compact,40.7,20.3,48.9,15,39,Driver & Passenger,5115,1.9
Hyundai,Model_1924,SUV,43.0,40.6,55.1,21,41,Driver & Passenger,5629,4.1
Chevrolet,Model_1925,Van,12.6,13.8,28.5,32,23,Driver only,5964,2.8
Mazda,Model_1926,Compact,40.2,36.3,23.5,18,35,Driver & Passenger,5948,3.7
Ford,Model_1927,Large,13.2,22.1,54.7,24,40,None,4391,4.3
Volkswagen,Model_1928,Midsize,31.6,51.7,31.1,19,31,Driver & Passenger,4045,1.6
Audi,Model_1929,Large,34.8,23.0,27.2,22,40,Driver only,4154,2.9
Mercedes-Benz,Model_1930,Midsize,14.4,27.9,29.9,27,27,Driver & Passenger,4510,3.3
Ford,Model_1931,Compact,31.6,47.8,15.5,31,28,Driver & Passenger,4281,3.5
Hyundai,Model_1932,Van,10.4,29.7,53.0,35,30,None,5449,4.4
Lexus,Model_1933,Van,19.2,20.7,49.9,18,43,Driver & Passenger,4029,2.9
Honda,Model_1934,Small,42.1,34.6,41.3,24,47,Driver only,4720,2.3
Audi,Model_1935,Van,14.8,47.8,50.0,35,24,Driver & Passenger,6309,4.2
Chevrolet,Model_1936,Sport,10.9,29.5,31.8,22,31,Driver only,5346,4.6
Ford,Model_1937,Compact,24.7,16.0,27.7,24,47,None,6130,2.4
Volkswagen,Model_1938,Small,39.5,27.2,57.7,27,41,Driver & Passenger,5826,3.9
Kia,Model_1939,Van,11.3,53.0,34.4,26,39,Driver & Passenger,6082,1.8
Audi,Model_1940,Compact,21.5,13.2,22.4,35,21,Driver only,6052,1.4
Toyota,Model_1941,Large,41.3,28.4,51.7,27,30,Driver only,5029,2.5
Lexus,Model_1942,Van,12.8,39.2,29.8,24,30,Driver & Passenger,5270,2.6
Hyundai,Model_1943,SUV,19.8,13.5,23.2,35,40,None,5116,1.5
Mazda,Model_1944,Midsize,36.9,25.5,13.4,15,20,Driver & Passenger,5814,1.4
Chevrolet,Model_1945,Compact,28.3,52.3,63.4,23,36,Driver & Passenger,6028,3.8
Subaru,Model_1946,Small,38.9,11.4,36.8,17,36,Driver only,4314,3.9
Subaru,Model_1947,Large,12.6,43.8,20.6,31,23,Driver & Passenger,6482,1.3
Mercedes-Benz,Model_1948,Sport,42.1,47.9,52.2,35,33,Driver & Passenger,4543,3.0
Ford,Model_1949,Large,42.6,22.5,59.0,24,24,Driver & Passenger,6480,3.2
Chevrolet,Model_1950,Van,14.2,19.7,40.0,33,23,Driver & Passenger,5259,3.0
Nissan,Model_1951,Midsize,9.7,51.2,13.5,20,25,Driver only,5563,4.9
Volkswagen,Model_1952,Large,44.6,44.4,31.4,21,37,Driver only,5564,2.8
Mazda,Model_1953,Sport,26.1,15.1,24.9,25,40,Driver only,6159,3.2
Kia,Model_1954,SUV,29.4,19.5,45.7,30,32,Driver & Passenger,6038,2.2
Audi,Model_1955,Small,31.0,38.0,39.5,18,25,Driver & Passenger,5131,2.0
Audi,Model_1956,Compact,37.3,28.9,30.9,18,34,Driver only,4434,4.3
Subaru,Model_1957,Midsize,38.1,32.7,46.4,32,24,Driver & Passenger,4372,4.7
Audi,Model_1958,Sport,15.6,52.8,43.0,32,25,Driver & Passenger,6318,2.3
Hyundai,Model_1959,Van,17.1,28.9,60.0,21,43,Driver & Passenger,4919,4.4
Mazda,Model_1960,Van,40.5,49.7,43.6,25,37,None,5896,2.7
Toyota,Model_1961,Van,38.4,39.7,38.9,19,26,Driver & Passenger,6236,3.1
Honda,Model_1962,Midsize,31.0,15.5,55.7,35,25,Driver & Passenger,5588,1.7
Mercedes-Benz,Model_1963,Large,44.8,43.5,22.7,32,45,None,6054,3.3
BMW,Model_1964,Midsize,35.3,33.4,24.9,21,27,Driver & Passenger,5099,4.8
Hyundai,Model_1965,Van,16.4,20.1,53.5,16,44,Driver & Passenger,4857,1.2
Mercedes-Benz,Model_1966,SUV,39.4,23.0,35.4,19,43,Driver & Passenger,5057,2.0
Ford,Model_1967,Sport,23.6,35.1,33.7,19,24,Driver & Passenger,4730,3.8
Toyota,Model_1968,Compact,9.8,37.1,59.0,33,23,None,6498,2.1
Mercedes-Benz,Model_1969,Compact,20.2,53.6,44.3,16,38,None,6187,2.5
Kia,Model_1970,Midsize,36.4,48.5,54.6,33,29,Driver & Passenger,4313,2.2
Subaru,Model_1971,Van,43.5,19.3,54.9,19,28,Driver only,4466,4.9
Lexus,Model_1972,Small,18.6,44.8,18.4,26,42,Driver only,5843,2.9
Ford,Model_1973,SUV,17.5,10.4,46.6,27,20,Driver & Passenger,5232,1.5
Audi,Model_1974,Midsize,29.1,15.8,62.5,36,38,Driver & Passenger,4823,1.5
Chevrolet,Model_1975,Van,38.1,19.0,37.4,34,31,Driver only,4081,2.2
Kia,Model_1976,Large,35.7,36.9,50.8,21,38,Driver & Passenger,4095,2.6
Ford,Model_1977,Compact,28.9,18.8,42.0,16,32,Driver & Passenger,6366,2.2
Lexus,Model_1978,Compact,31.5,26.4,22.9,36,41,Driver & Passenger,4388,3.2
Volkswagen,Model_1979,SUV,17.3,20.9,22.3,28,34,Driver & Passenger,5109,4.5
Audi,Model_1980,Compact,24.3,25.2,35.0,19,21,Driver & Passenger,6418,4.2
Mercedes-Benz,Model_1981,Small,17.8,52.4,37.6,34,39,Driver & Passenger,5095,3.3
Mercedes-Benz,Model_1982,Van,40.8,54.9,38.7,36,31,Driver only,5075,3.9
Ford,Model_1983,Van,12.6,40.9,62.6,26,37,None,4463,3.6
Chevrolet,Model_1984,SUV,33.3,35.8,17.3,18,40,Driver & Passenger,5284,1.3
Volkswagen,Model_1985,Van,18.0,41.9,32.2,31,23,Driver & Passenger,4826,3.5
Audi,Model_1986,SUV,25.9,44.7,39.3,30,39,Driver & Passenger,5816,4.5
Lexus,Model_1987,Van,19.4,43.3,63.0,24,31,Driver & Passenger,4335,4.3
Honda,Model_1988,Small,20.3,13.7,38.7,17,39,Driver only,5879,2.9
Mercedes-Benz,Model_1989,Sport,18.0,24.0,53.1,36,32,Driver & Passenger,6061,2.3
Lexus,Model_1990,Midsize,36.0,25.5,51.7,15,23,Driver & Passenger,4716,2.5
Toyota,Model_1991,Midsize,21.8,26.6,42.0,20,33,None,5494,3.3
Mercedes-Benz,Model_1992,Van,35.0,25.5,18.9,17,40,Driver only,4563,2.6
Lexus,Model_1993,Large,25.1,45.4,23.6,33,37,Driver & Passenger,6328,2.4
Nissan,Model_1994,Compact,28.5,43.6,24.7,21,25,Driver & Passenger,4055,1.5
Subaru,Model_1995,Small,28.3,10.2,14.0,23,20,Driver & Passenger,5233,1.4
Hyundai,Model_1996,Large,44.1,23.3,32.1,36,29,Driver & Passenger,5316,1.1
Mazda,Model_1997,Large,21.9,38.1,44.4,26,37,None,6437,5.0
Subaru,Model_1998,Van,16.1,15.4,19.6,28,38,Driver & Passenger,5432,2.5
Hyundai,Model_1999,Small,41.8,13.2,21.3,15,21,Driver & Passenger,5427,1.3
Hyundai,Model_2000,Midsize,14.9,47.3,49.5,27,34,None,5592,3.3
Kia,Model_2001,Compact,39.0,30.4,21.0,35,22,None,6165,3.7
Lexus,Model_2002,Midsize,14.0,48.5,19.2,16,27,Driver only,6384,3.7
Hyundai,Model_2003,Large,32.5,47.1,63.8,17,38,Driver only,4223,4.9
Hyundai,Model_2004,Compact,14.0,50.2,12.8,25,30,Driver & Passenger,4316,1.9
Audi,Model_2005,Sport,42.2,12.2,29.2,19,33,None,4335,4.6
Honda,Model_2006,Large,29.1,18.4,13.9,16,35,Driver only,5299,4.6
Nissan,Model_2007,Midsize,20.5,23.3,56.4,28,29,Driver only,4258,2.8
Toyota,Model_2008,Midsize,13.6,16.1,42.9,27,36,Driver & Passenger,4292,4.8
Lexus,Model_2009,Van,22.0,31.8,14.5,28,34,Driver & Passenger,5186,1.8
Toyota,Model_2010,Midsize,34.2,46.0,44.6,17,30,None,4503,2.4
Chevrolet,Model_2011,Small,22.6,52.8,18.5,22,27,Driver only,5659,4.0
Mercedes-Benz,Model_2012,Large,17.5,50.0,38.3,27,27,Driver only,5534,4.8
Lexus,Model_2013,SUV,29.6,30.6,47.5,36,26,Driver & Passenger,5551,1.3
Mazda,Model_2014,SUV,23.8,38.6,19.9,26,39,Driver only,5391,3.7
Lexus,Model_2015,Compact,14.6,20.4,38.3,32,31,None,5020,4.8
Ford,Model_2016,Midsize,14.1,28.1,36.2,32,40,None,6051,1.4
Honda,Model_2017,Van,34.3,49.2,60.5,31,47,None,4619,1.7
Ford,Model_2018,Van,44.1,11.3,64.8,21,47,Driver & Passenger,5296,3.7
Lexus,Model_2019,Midsize,17.0,34.0,46.7,36,46,Driver only,4190,3.5
Nissan,Model_2020,Small,36.7,49.3,57.3,27,35,Driver only,5001,2.2
Hyundai,Model_2021,Van,11.7,15.5,46.3,27,35,Driver & Passenger,5680,4.7
Toyota,Model_2022,SUV,22.4,54.2,58.4,20,29,Driver & Passenger,4535,2.5
Nissan,Model_2023,Compact,27.0,10.6,35.0,35,41,Driver & Passenger,4676,2.4
Lexus,Model_2024,Large,18.3,49.9,44.2,33,41,None,5281,4.4
Hyundai,Model_2025,Sport,27.8,25.9,56.8,33,26,Driver only,5417,3.2
Hyundai,Model_2026,Small,40.7,16.0,60.7,35,23,Driver & Passenger,4782,2.8
Hyundai,Model_2027,Van,43.0,17.1,13.3,30,43,Driver & Passenger,4313,3.2
Toyota,Model_2028,Large,12.2,41.6,17.5,17,21,Driver & Passenger,6477,3.9
Hyundai,Model_2029,Sport,18.4,49.2,61.4,28,28,Driver & Passenger,5716,1.3
Mazda,Model_2030,Midsize,44.2,38.8,42.1,35,34,Driver & Passenger,4593,2.3
Honda,Model_2031,Midsize,18.4,51.8,64.5,20,41,Driver & Passenger,4253,4.4
Subaru,Model_2032,Compact,33.8,47.9,54.0,31,33,None,4524,3.9
Volkswagen,Model_2033,Sport,17.8,10.4,55.4,30,31,Driver & Passenger,5698,1.3
Kia,Model_2034,Midsize,21.5,40.1,32.5,16,36,Driver & Passenger,4163,2.8
Nissan,Model_2035,Midsize,15.5,23.7,25.6,37,36,Driver & Passenger,4348,2.2
Mercedes-Benz,Model_2036,SUV,39.8,30.5,43.7,23,32,Driver & Passenger,4929,4.2
Nissan,Model_2037,Van,40.7,14.2,58.6,27,27,None,4535,1.6
Volkswagen,Model_2038,Compact,19.3,22.7,50.5,28,29,Driver only,6228,1.6
Subaru,Model_2039,Large,38.6,38.5,37.0,34,45,Driver & Passenger,5480,4.0
BMW,Model_2040,Midsize,21.6,19.8,51.9,35,32,None,5992,4.9
Audi,Model_2041,SUV,12.1,39.1,48.6,26,26,Driver only,5163,2.6
Mazda,Model_2042,Small,36.2,51.5,60.4,34,22,Driver only,5678,4.5
Hyundai,Model_2043,Small,30.3,10.2,26.0,25,43,Driver & Passenger,5026,2.6
Lexus,Model_2044,Large,18.5,45.4,18.3,33,34,Driver & Passenger,6312,3.6
Mazda,Model_2045,Sport,17.7,38.9,36.9,24,43,Driver & Passenger,4541,2.9
Volkswagen,Model_2046,Compact,44.1,12.1,31.1,32,26,Driver & Passenger,5592,4.0
Lexus,Model_2047,SUV,40.0,45.6,63.7,17,24,Driver & Passenger,4790,1.2
Mercedes-Benz,Model_2048,Van,38.1,20.1,12.4,30,27,Driver & Passenger,5437,3.2
Ford,Model_2049,SUV,13.2,22.0,61.5,32,40,None,4399,5.0
Hyundai,Model_2050,Small,36.1,14.2,62.6,28,36,None,5143,4.0
Audi,Model_2051,Small,16.3,34.0,14.7,31,27,Driver only,6467,1.9
Honda,Model_2052,Large,44.2,32.4,59.1,19,26,Driver & Passenger,5309,2.2
Honda,Model_2053,Sport,10.4,25.6,37.0,31,26,Driver & Passenger,4045,3.8
Volkswagen,Model_2054,Sport,21.4,17.6,52.6,35,21,Driver only,5380,1.6
Mazda,Model_2055,Large,24.1,47.7,16.2,28,30,None,5103,1.0
Honda,Model_2056,SUV,38.6,49.4,62.6,17,31,Driver & Passenger,4767,4.1
Mercedes-Benz,Model_2057,Small,36.5,34.3,44.2,29,47,Driver only,4859,3.4
Hyundai,Model_2058,SUV,22.2,21.0,59.6,26,31,Driver & Passenger,4885,3.7
BMW,Model_2059,SUV,29.1,14.3,47.7,31,38,Driver & Passenger,6451,1.1
Nissan,Model_2060,Compact,39.0,49.1,40.5,31,47,Driver & Passenger,5485,2.5
Chevrolet,Model_2061,Small,9.2,14.3,21.1,33,22,Driver & Passenger,5132,3.1
Mercedes-Benz,Model_2062,Sport,37.8,10.6,21.4,21,31,Driver & Passenger,4237,3.8
Lexus,Model_2063,Van,43.1,31.1,37.0,19,47,Driver & Passenger,5828,4.4
Kia,Model_2064,SUV,9.7,42.9,58.1,16,46,Driver & Passenger,4466,2.1
Volkswagen,Model_2065,Small,10.2,30.6,18.1,30,45,Driver & Passenger,4189,4.6
Ford,Model_2066,SUV,21.1,12.3,64.9,27,25,None,4668,3.7
Hyundai,Model_2067,Compact,11.7,41.1,58.4,25,25,Driver & Passenger,6173,2.6
Kia,Model_2068,Midsize,26.0,38.9,32.8,21,38,Driver & Passenger,5628,3.6
Hyundai,Model_2069,Small,35.1,40.7,25.4,37,46,Driver only,5495,3.6
Toyota,Model_2070,Large,29.2,19.5,60.9,17,40,Driver & Passenger,6130,1.9
Kia,Model_2071,Midsize,15.7,45.8,18.5,20,28,Driver only,6090,1.0
Chevrolet,Model_2072,SUV,32.4,31.6,30.4,19,42,Driver & Passenger,5315,1.5
Mazda,Model_2073,Large,33.5,34.1,16.4,15,28,None,4886,4.8
BMW,Model_2074,Large,42.5,34.6,62.5,15,37,Driver & Passenger,6192,4.4
Nissan,Model_2075,Large,13.9,22.9,44.7,32,29,Driver & Passenger,4181,1.7
Nissan,Model_2076,Small,33.8,21.3,29.8,37,29,Driver & Passenger,5168,3.6
BMW,Model_2077,Sport,41.8,10.2,26.6,17,20,Driver only,5183,4.7
Hyundai,Model_2078,SUV,26.8,27.8,35.5,33,37,Driver only,5330,4.7
Audi,Model_2079,Midsize,21.7,31.8,16.8,24,41,Driver & Passenger,5395,3.3
Toyota,Model_2080,Compact,14.7,43.4,59.1,34,29,None,6490,3.9
Hyundai,Model_2081,Sport,40.1,13.0,39.1,25,26,Driver only,4766,2.6
Chevrolet,Model_2082,SUV,22.9,51.6,50.4,22,27,Driver only,6029,1.3
Honda,Model_2083,Small,42.3,21.9,24.4,34,30,Driver & Passenger,5679,3.1
Kia,Model_2084,Large,39.4,26.5,38.7,37,41,Driver only,4993,2.3
Toyota,Model_2085,Compact,22.2,12.2,23.2,25,25,Driver & Passenger,6461,2.6
Mercedes-Benz,Model_2086,SUV,29.4,39.4,55.3,19,38,Driver & Passenger,4419,1.7
Volkswagen,Model_2087,Midsize,9.5,41.9,53.1,36,28,Driver only,4261,3.9
Kia,Model_2088,SUV,18.1,51.8,19.9,18,30,Driver & Passenger,6359,4.8
Chevrolet,Model_2089,Sport,34.4,25.2,15.9,27,21,Driver & Passenger,4539,3.8
Ford,Model_2090,Van,33.2,21.6,55.7,20,30,Driver & Passenger,4902,3.0
Ford,Model_2091,Sport,21.4,42.7,17.8,16,24,None,4749,2.7
Lexus,Model_2092,SUV,38.0,41.8,41.1,20,38,Driver & Passenger,4914,3.2
Toyota,Model_2093,Compact,17.1,52.2,40.3,36,36,Driver & Passenger,4049,3.6
Mazda,Model_2094,SUV,25.3,19.2,22.8,24,37,None,6009,1.5
Chevrolet,Model_2095,SUV,25.7,41.7,43.3,37,41,Driver & Passenger,4631,4.2
Chevrolet,Model_2096,Small,20.9,13.0,38.6,18,33,Driver & Passenger,5573,1.0
BMW,Model_2097,Midsize,43.3,31.6,39.0,30,29,Driver only,4722,4.4
Mercedes-Benz,Model_2098,Compact,33.9,15.4,31.1,37,36,Driver only,6212,3.0
Mazda,Model_2099,SUV,28.2,39.4,56.4,24,30,None,5918,2.7
Mercedes-Benz,Model_2100,Large,27.1,37.1,16.5,15,21,Driver & Passenger,6310,1.5
Hyundai,Model_2101,Midsize,14.3,12.2,35.2,27,29,None,6341,3.3
Hyundai,Model_2102,Sport,22.1,24.4,25.8,28,40,Driver & Passenger,4208,1.4
Hyundai,Model_2103,Compact,33.1,27.8,57.0,37,20,Driver & Passenger,4888,4.5
Honda,Model_2104,Sport,42.2,21.2,23.9,26,33,None,6354,2.2
Lexus,Model_2105,SUV,38.3,11.7,52.7,27,30,Driver only,4363,1.7
Nissan,Model_2106,Sport,19.5,24.3,44.4,15,30,Driver only,4102,2.0
Ford,Model_2107,Sport,24.3,45.7,58.4,28,29,Driver & Passenger,6000,3.1
Volkswagen,Model_2108,Small,11.5,26.2,43.5,22,39,Driver & Passenger,6446,3.2
Hyundai,Model_2109,Sport,12.2,24.6,41.5,36,40,Driver only,5679,2.4
Mazda,Model_2110,Large,25.7,52.4,54.5,28,24,None,4351,4.2
Chevrolet,Model_2111,Large,27.9,11.9,41.8,15,24,None,5260,2.5
Volkswagen,Model_2112,Midsize,18.1,44.5,56.8,31,33,Driver & Passenger,6139,2.8
Subaru,Model_2113,SUV,32.0,31.7,14.6,30,45,Driver & Passenger,5171,1.5
Mercedes-Benz,Model_2114,Van,34.2,52.5,38.2,26,44,Driver only,5008,1.5
Hyundai,Model_2115,Sport,19.4,27.7,55.1,34,44,None,5039,1.4
Chevrolet,Model_2116,Sport,36.2,41.9,57.0,37,24,Driver & Passenger,5976,1.6
Hyundai,Model_2117,Compact,16.0,13.1,56.2,19,25,Driver only,4205,4.6
Ford,Model_2118,Small,28.4,51.8,44.0,35,43,Driver & Passenger,5868,3.7
Subaru,Model_2119,Van,37.9,25.5,64.7,32,35,Driver & Passenger,6065,3.7
Kia,Model_2120,Midsize,28.1,33.6,21.6,18,47,Driver & Passenger,5915,1.6
Hyundai,Model_2121,Van,41.6,16.2,21.2,34,42,None,4176,3.1
Hyundai,Model_2122,Sport,10.6,52.6,13.7,25,34,Driver only,4440,3.0
Mazda,Model_2123,Compact,30.0,40.3,64.4,22,25,Driver & Passenger,5093,2.2
Hyundai,Model_2124,SUV,29.0,12.4,30.4,36,39,Driver only,4521,2.1
Nissan,Model_2125,Small,32.6,17.0,52.4,23,35,Driver only,5280,4.0
Volkswagen,Model_2126,SUV,38.9,28.0,15.2,34,38,Driver & Passenger,5280,2.2
Volkswagen,Model_2127,Midsize,35.0,19.8,27.8,24,39,Driver only,6042,3.4
Ford,Model_2128,Van,37.3,23.7,45.1,21,32,Driver & Passenger,4664,4.7
Mazda,Model_2129,Midsize,19.0,54.9,39.8,33,38,Driver only,4905,3.1
Subaru,Model_2130,Sport,22.6,39.6,23.0,36,32,Driver & Passenger,5965,3.4
Hyundai,Model_2131,Midsize,31.4,51.5,36.5,15,27,None,6439,4.5
BMW,Model_2132,SUV,28.7,29.6,17.8,19,25,Driver & Passenger,4992,3.9
Mazda,Model_2133,Compact,43.6,42.0,40.8,20,41,Driver only,4957,1.1
Volkswagen,Model_2134,Midsize,15.3,30.7,17.1,26,36,Driver & Passenger,4924,1.6
Nissan,Model_2135,Large,21.3,24.8,45.7,26,24,Driver & Passenger,4052,2.1
Kia,Model_2136,Compact,29.4,33.4,20.2,35,27,Driver & Passenger,6034,2.7
Ford,Model_2137,Van,40.2,29.2,41.0,28,46,Driver & Passenger,4003,2.1
BMW,Model_2138,Small,42.4,54.1,18.8,21,37,Driver & Passenger,5584,2.8
Nissan,Model_2139,Small,20.8,32.3,33.2,34,38,Driver & Passenger,4681,4.1
Subaru,Model_2140,Sport,10.9,46.5,30.6,35,31,Driver & Passenger,4629,4.9
Mercedes-Benz,Model_2141,Sport,23.9,40.0,52.1,34,44,Driver & Passenger,5856,3.5
Subaru,Model_2142,Large,22.9,31.6,46.0,28,31,None,4204,4.5
Nissan,Model_2143,Van,44.5,31.3,61.7,30,32,Driver only,5619,2.4
Mercedes-Benz,Model_2144,SUV,24.2,25.4,60.9,23,23,Driver & Passenger,5376,1.5
Toyota,Model_2145,Small,19.7,14.8,50.4,16,46,Driver & Passenger,5355,4.3
Ford,Model_2146,Small,21.8,44.3,52.8,31,29,Driver & Passenger,5226,4.1
Mazda,Model_2147,Small,23.0,51.3,45.1,18,35,Driver & Passenger,4775,1.9
Mercedes-Benz,Model_2148,SUV,38.5,19.8,48.7,28,47,None,4401,3.2
Lexus,Model_2149,Small,11.5,51.7,44.7,28,24,Driver & Passenger,5412,5.0
Mercedes-Benz,Model_2150,Midsize,20.1,20.5,28.5,29,47,Driver only,5918,4.9
Chevrolet,Model_2151,Van,43.8,33.9,30.6,26,31,None,4639,2.8
Kia,Model_2152,Compact,14.1,25.5,42.5,27,35,Driver only,4734,2.1
Chevrolet,Model_2153,Compact,35.6,15.2,50.2,36,46,None,6114,2.2
Mazda,Model_2154,Large,21.5,12.4,33.5,24,42,Driver & Passenger,5173,4.5
Mazda,Model_2155,Midsize,29.7,26.4,19.6,30,34,Driver & Passenger,5157,3.7
Ford,Model_2156,Small,12.1,12.1,36.3,29,40,Driver & Passenger,4855,3.4
Mazda,Model_2157,Small,19.7,14.7,63.0,22,21,Driver & Passenger,5434,2.1
Volkswagen,Model_2158,Sport,26.8,16.4,23.3,18,42,Driver & Passenger,5236,2.6
Mercedes-Benz,Model_2159,Sport,17.0,10.1,46.4,15,35,Driver & Passenger,5572,3.2
Mercedes-Benz,Model_2160,Large,28.3,16.9,64.1,28,30,None,5524,3.1
Toyota,Model_2161,Small,16.5,36.0,31.9,23,41,Driver & Passenger,6273,1.2
BMW,Model_2162,Large,32.2,46.9,59.1,33,46,None,5406,2.9
Mazda,Model_2163,Midsize,41.5,18.7,57.8,20,28,Driver & Passenger,5571,3.4
Chevrolet,Model_2164,Compact,11.6,13.6,30.0,30,21,Driver & Passenger,6236,4.2
Mazda,Model_2165,Small,16.4,42.8,17.2,25,37,Driver only,5782,1.5
Subaru,Model_2166,Van,39.3,10.4,21.5,35,32,None,5241,4.3
Toyota,Model_2167,SUV,31.6,43.0,31.4,37,32,Driver & Passenger,5403,1.4
Volkswagen,Model_2168,Midsize,11.4,15.9,62.8,25,27,None,5199,3.0
Volkswagen,Model_2169,Small,26.3,20.3,26.5,28,29,Driver & Passenger,6258,1.3
Hyundai,Model_2170,SUV,16.2,15.4,61.1,25,46,Driver only,5753,4.3
Mercedes-Benz,Model_2171,Van,15.8,21.1,21.6,28,36,None,4342,2.9
Volkswagen,Model_2172,Sport,42.8,45.9,63.4,15,43,Driver only,4993,3.5
Mercedes-Benz,Model_2173,Large,36.3,16.0,27.6,25,40,Driver & Passenger,4346,3.0
Hyundai,Model_2174,Sport,33.9,54.7,45.6,32,20,Driver & Passenger,6370,2.8
Nissan,Model_2175,Compact,17.2,24.7,15.7,31,35,None,4493,1.7
Kia,Model_2176,Sport,12.8,51.5,27.9,18,45,None,5510,4.8
Honda,Model_2177,Small,40.3,18.6,23.2,36,30,None,6124,3.9
Hyundai,Model_2178,Van,8.7,18.5,12.2,28,20,Driver & Passenger,5958,3.3
Volkswagen,Model_2179,Sport,22.7,35.4,20.3,22,25,Driver & Passenger,4975,1.8
BMW,Model_2180,Small,18.6,12.3,43.4,29,31,None,6050,2.6
Subaru,Model_2181,Compact,29.3,46.0,32.7,30,35,Driver & Passenger,4002,2.4
Audi,Model_2182,SUV,17.6,29.8,50.3,15,45,None,5847,4.0
Nissan,Model_2183,Van,19.9,41.5,47.6,15,30,Driver only,6286,1.8
Volkswagen,Model_2184,Sport,39.5,17.9,54.4,24,37,None,5267,3.7
Mercedes-Benz,Model_2185,Large,30.5,38.9,58.0,16,21,None,6474,4.6
Kia,Model_2186,Large,13.8,36.7,55.5,26,36,None,4541,4.4
Hyundai,Model_2187,Van,35.0,44.0,35.7,18,36,None,4342,2.4
Chevrolet,Model_2188,Large,16.1,23.4,28.4,37,39,Driver & Passenger,5425,1.6
Hyundai,Model_2189,Sport,24.3,52.0,38.6,33,40,None,5540,2.5
Audi,Model_2190,Sport,32.1,53.3,40.4,15,23,Driver & Passenger,6304,2.6
Kia,Model_2191,Van,18.4,49.1,28.6,15,25,Driver only,6111,3.1
Kia,Model_2192,Sport,22.5,35.7,40.6,23,43,Driver only,4730,1.2
Volkswagen,Model_2193,SUV,35.3,28.9,17.6,34,46,Driver only,4141,3.0
Nissan,Model_2194,Small,42.7,12.6,24.2,27,34,Driver only,5320,3.4
Lexus,Model_2195,Compact,27.8,52.6,51.5,25,30,Driver & Passenger,5096,4.8
Audi,Model_2196,SUV,8.9,52.8,21.7,33,37,Driver only,4963,3.9
Hyundai,Model_2197,SUV,20.9,10.8,19.4,35,36,Driver & Passenger,4692,1.1
Ford,Model_2198,Large,23.1,26.1,27.2,31,21,Driver & Passenger,6462,1.7
Honda,Model_2199,Small,20.9,49.6,31.7,17,32,Driver only,6497,2.9
Ford,Model_2200,Van,24.4,13.6,29.4,34,45,Driver & Passenger,4751,4.9
Lexus,Model_2201,Large,31.6,18.8,31.9,27,46,Driver only,4804,3.4
Mercedes-Benz,Model_2202,Small,12.9,54.0,19.4,36,25,Driver & Passenger,5217,4.4
Mercedes-Benz,Model_2203,Sport,18.5,48.1,20.8,33,30,Driver & Passenger,4525,1.4
Subaru,Model_2204,Van,27.0,51.0,24.5,34,39,Driver & Passenger,4280,2.7
Audi,Model_2205,Van,20.0,16.4,33.3,35,26,Driver & Passenger,5481,1.1
Ford,Model_2206,Large,44.7,19.5,29.8,23,37,Driver only,5721,2.0
Mercedes-Benz,Model_2207,Sport,24.2,37.2,53.9,33,36,Driver only,6425,4.2
Lexus,Model_2208,Large,40.2,32.6,39.9,33,32,Driver & Passenger,5783,3.5
Volkswagen,Model_2209,Midsize,41.2,23.4,42.5,37,40,Driver & Passenger,5463,2.1
Toyota,Model_2210,Small,39.0,49.8,41.7,15,33,Driver & Passenger,4500,4.4
Hyundai,Model_2211,Midsize,10.2,50.6,33.1,31,28,Driver & Passenger,4909,3.9
Toyota,Model_2212,Small,43.1,23.1,64.0,28,32,Driver & Passenger,4083,3.0
Mazda,Model_2213,Compact,13.2,17.0,14.0,26,25,Driver & Passenger,5065,1.2
Hyundai,Model_2214,SUV,9.8,16.7,23.4,16,41,None,4033,4.6
Ford,Model_2215,Van,23.6,31.8,27.1,36,20,Driver & Passenger,4473,3.7
Subaru,Model_2216,Large,15.6,16.0,58.7,17,20,Driver only,5197,4.3
Mazda,Model_2217,Compact,15.2,31.3,60.7,19,23,Driver & Passenger,6232,4.7
Mercedes-Benz,Model_2218,Compact,19.0,30.8,56.8,17,33,Driver & Passenger,4199,1.6
Chevrolet,Model_2219,Van,17.6,49.8,34.1,28,37,Driver & Passenger,5983,4.0
BMW,Model_2220,Van,33.5,23.3,60.5,32,35,Driver & Passenger,5156,1.6
Chevrolet,Model_2221,Small,15.3,35.2,17.2,19,22,Driver only,5066,3.1
Lexus,Model_2222,Midsize,28.3,43.5,46.6,17,46,None,4103,3.9
Audi,Model_2223,Sport,44.5,36.8,61.7,37,25,Driver only,5040,3.1
Kia,Model_2224,Small,24.3,52.9,52.0,16,45,Driver & Passenger,6208,2.9
Hyundai,Model_2225,Sport,31.9,37.1,26.7,23,20,Driver & Passenger,4836,2.1
Ford,Model_2226,Compact,43.9,50.6,50.0,32,30,Driver & Passenger,5577,4.1
Hyundai,Model_2227,Sport,13.5,21.0,27.6,16,47,Driver only,5984,1.4
Subaru,Model_2228,Midsize,23.8,35.2,17.9,36,47,None,5989,1.9
Subaru,Model_2229,Small,39.5,34.4,50.0,33,46,Driver & Passenger,5217,1.2
Hyundai,Model_2230,Van,42.5,54.5,21.5,17,29,Driver only,5909,1.7
Lexus,Model_2231,Midsize,30.4,19.2,17.9,32,37,Driver & Passenger,4068,2.6
Nissan,Model_2232,SUV,13.7,16.3,41.2,28,23,Driver only,5677,1.1
Mercedes-Benz,Model_2233,Midsize,41.4,37.5,44.9,27,25,Driver only,5227,1.9
BMW,Model_2234,SUV,14.9,20.1,14.7,30,38,None,6344,1.2
Honda,Model_2235,Small,21.4,38.8,12.2,35,28,Driver & Passenger,6097,4.5
Honda,Model_2236,Van,22.2,53.8,58.7,25,29,Driver & Passenger,4201,4.6
Honda,Model_2237,Midsize,24.8,52.6,18.1,35,39,Driver only,4422,3.8
Ford,Model_2238,SUV,37.3,20.4,42.9,37,42,None,6212,3.4
Honda,Model_2239,Van,37.8,17.7,62.5,26,46,Driver & Passenger,5326,4.2
Volkswagen,Model_2240,Large,34.8,35.2,39.1,17,24,None,5149,2.1
Toyota,Model_2241,Large,9.3,36.4,19.4,20,41,Driver & Passenger,4312,4.0
Subaru,Model_2242,Large,29.1,39.8,32.9,30,44,Driver & Passenger,4261,2.3
BMW,Model_2243,Sport,35.8,43.4,45.1,26,35,Driver & Passenger,4620,2.8
Toyota,Model_2244,Midsize,24.7,37.0,52.4,35,44,Driver & Passenger,4940,4.9
Kia,Model_2245,Small,43.0,15.0,44.2,34,41,Driver only,4593,4.4
BMW,Model_2246,Small,38.6,45.6,13.8,20,21,Driver & Passenger,4443,2.7
Toyota,Model_2247,Sport,31.8,13.6,19.6,34,28,Driver & Passenger,4611,4.6
BMW,Model_2248,Small,10.8,10.9,31.7,28,30,Driver & Passenger,5642,1.4
Kia,Model_2249,SUV,32.3,44.6,49.4,23,21,Driver & Passenger,4856,4.6
Mazda,Model_2250,Large,41.8,34.7,43.0,31,37,Driver & Passenger,4626,4.6
Volkswagen,Model_2251,Midsize,22.3,41.4,14.4,26,21,Driver & Passenger,5947,3.6
Ford,Model_2252,Small,39.1,27.2,54.2,15,33,Driver & Passenger,6380,2.3
Ford,Model_2253,Small,19.9,10.5,44.1,34,42,None,6335,4.3
Lexus,Model_2254,Compact,29.3,24.9,59.0,36,46,Driver only,5967,2.1
Hyundai,Model_2255,Compact,32.2,37.4,34.1,22,23,Driver & Passenger,5426,1.6
Mercedes-Benz,Model_2256,Compact,33.2,20.2,38.0,26,27,Driver & Passenger,6078,3.2
Subaru,Model_2257,Midsize,40.7,41.0,33.5,30,27,Driver & Passenger,6454,1.5
Honda,Model_2258,Large,17.1,45.7,50.3,15,20,None,5511,2.4
Volkswagen,Model_2259,Van,18.1,30.4,51.9,17,20,Driver & Passenger,6074,3.3
Chevrolet,Model_2260,Large,34.2,49.4,50.3,26,23,Driver & Passenger,4501,1.8
Honda,Model_2261,Large,15.0,48.5,27.5,18,37,Driver only,4640,2.7
Mercedes-Benz,Model_2262,Midsize,25.4,49.5,45.7,24,38,Driver & Passenger,5173,2.2
Subaru,Model_2263,SUV,9.2,39.7,29.9,16,29,Driver & Passenger,5927,1.6
Audi,Model_2264,SUV,13.6,23.7,56.2,23,37,Driver & Passenger,5348,3.5
Mercedes-Benz,Model_2265,Midsize,33.3,31.7,14.9,17,29,Driver & Passenger,6327,3.4
Volkswagen,Model_2266,Compact,35.8,42.0,14.0,34,28,None,4575,3.2
Toyota,Model_2267,Small,12.7,19.5,17.4,34,41,Driver only,4904,4.7
BMW,Model_2268,Sport,16.8,43.2,22.7,15,26,Driver & Passenger,5577,4.7
Hyundai,Model_2269,Sport,12.1,34.7,14.0,19,25,Driver only,5996,3.3
Hyundai,Model_2270,Van,24.3,14.3,15.8,19,20,Driver & Passenger,4201,4.0
Chevrolet,Model_2271,Small,13.1,35.1,28.2,16,24,Driver & Passenger,6424,4.2
Volkswagen,Model_2272,Van,24.5,13.0,17.3,29,38,Driver & Passenger,6112,1.4
Kia,Model_2273,Compact,35.2,10.6,54.5,15,34,Driver & Passenger,4533,4.4
Audi,Model_2274,Van,33.4,50.0,14.9,35,45,Driver only,6325,1.0
Kia,Model_2275,Small,18.7,32.0,60.1,19,43,Driver & Passenger,5497,1.0
Ford,Model_2276,Small,33.1,34.4,58.2,21,33,Driver & Passenger,5047,2.2
Lexus,Model_2277,Sport,42.4,22.6,23.0,25,26,None,4039,4.2
Ford,Model_2278,SUV,21.2,34.4,15.8,24,28,Driver only,5942,4.7
Mercedes-Benz,Model_2279,Compact,20.5,17.6,17.6,16,31,Driver only,5607,2.6
Honda,Model_2280,Midsize,29.4,43.6,41.6,28,36,Driver & Passenger,5505,3.5
Toyota,Model_2281,Van,17.5,47.1,43.8,35,37,None,6290,2.9
Chevrolet,Model_2282,Sport,32.3,48.5,28.7,19,21,None,5341,2.1
Mercedes-Benz,Model_2283,Van,38.9,14.8,27.7,30,36,None,5758,4.5
Hyundai,Model_2284,Van,25.3,35.1,40.2,16,43,Driver & Passenger,5944,3.3
Audi,Model_2285,Midsize,33.3,46.4,28.2,24,47,Driver only,5473,3.8
Hyundai,Model_2286,Compact,32.3,15.8,61.5,32,39,Driver & Passenger,5555,3.5
Audi,Model_2287,Small,9.9,14.5,32.3,19,26,Driver & Passenger,4118,1.3
Mercedes-Benz,Model_2288,Large,15.2,46.8,23.7,31,29,Driver & Passenger,5602,4.3
Mercedes-Benz,Model_2289,Van,41.1,45.9,19.7,25,34,None,5721,1.2
Volkswagen,Model_2290,Large,42.8,30.2,45.5,19,20,None,4424,3.8
Honda,Model_2291,Compact,37.0,14.9,29.3,35,43,Driver & Passenger,6279,1.6
Ford,Model_2292,Large,42.1,33.2,22.0,20,30,Driver & Passenger,4575,3.2
Hyundai,Model_2293,Van,19.7,27.8,26.6,36,27,Driver & Passenger,4869,1.5
Lexus,Model_2294,Midsize,17.5,33.3,28.3,30,46,None,5325,4.9
Honda,Model_2295,Large,22.5,29.8,45.2,19,45,Driver only,6491,2.7
BMW,Model_2296,Compact,10.5,35.6,21.3,35,31,Driver & Passenger,5562,4.2
Volkswagen,Model_2297,Compact,38.1,42.7,50.8,30,22,Driver & Passenger,5209,4.2
Volkswagen,Model_2298,SUV,44.4,44.9,28.2,31,44,Driver & Passenger,4151,1.5
Chevrolet,Model_2299,SUV,38.6,39.2,37.9,23,34,Driver & Passenger,5954,3.3
Toyota,Model_2300,Midsize,28.8,19.0,46.7,36,40,Driver & Passenger,5237,5.0
Lexus,Model_2301,Large,19.3,27.9,40.8,16,24,Driver & Passenger,5510,2.5
Subaru,Model_2302,Large,15.7,13.2,47.1,33,47,Driver only,5980,1.4
Mazda,Model_2303,SUV,21.8,30.3,29.1,31,24,Driver & Passenger,5900,4.1
Subaru,Model_2304,Small,32.8,53.7,63.1,19,36,None,6460,3.4
Mercedes-Benz,Model_2305,Sport,24.8,38.9,36.3,16,45,Driver & Passenger,5342,3.9
Nissan,Model_2306,Compact,42.6,17.0,29.1,25,21,None,5689,3.1
Hyundai,Model_2307,Small,39.7,22.1,27.7,15,20,Driver & Passenger,4904,2.1
Nissan,Model_2308,Compact,12.2,12.9,14.3,23,37,Driver & Passenger,5862,2.9
Volkswagen,Model_2309,Small,13.3,18.2,48.3,20,44,Driver & Passenger,4623,3.3
Honda,Model_2310,SUV,33.2,32.0,25.9,25,28,Driver & Passenger,4535,2.0
BMW,Model_2311,SUV,16.9,25.5,62.8,22,24,None,4686,4.4
Chevrolet,Model_2312,Sport,37.4,19.2,23.2,27,39,None,4737,2.6
Hyundai,Model_2313,Small,30.1,16.6,40.1,26,32,Driver & Passenger,5180,3.9
Nissan,Model_2314,Compact,16.9,39.5,51.0,23,21,Driver & Passenger,4787,4.8
Chevrolet,Model_2315,Large,26.0,35.1,58.1,29,41,Driver & Passenger,4772,2.7
Volkswagen,Model_2316,Compact,23.3,47.9,20.3,19,32,Driver only,4235,2.8
Toyota,Model_2317,Van,40.4,18.2,64.2,29,44,Driver & Passenger,6467,1.7
Kia,Model_2318,SUV,9.7,48.2,60.1,16,27,Driver & Passenger,4477,2.5
Subaru,Model_2319,Midsize,41.2,36.0,63.0,29,29,Driver & Passenger,4689,3.1
BMW,Model_2320,Midsize,32.3,22.0,57.2,34,39,Driver & Passenger,6172,1.9
Hyundai,Model_2321,SUV,35.4,22.3,58.5,17,25,Driver only,5492,1.1
Ford,Model_2322,Van,8.6,27.6,43.7,24,30,Driver & Passenger,5171,2.0
Mercedes-Benz,Model_2323,Midsize,31.4,30.7,56.8,21,33,Driver & Passenger,4773,3.7
Chevrolet,Model_2324,SUV,30.0,13.7,40.3,24,44,Driver & Passenger,5708,4.4
Toyota,Model_2325,Midsize,28.1,47.9,40.5,24,29,Driver only,6329,1.5
Hyundai,Model_2326,SUV,37.2,15.5,41.8,22,29,Driver & Passenger,4150,3.7
Mazda,Model_2327,Sport,28.8,31.8,64.8,27,30,Driver & Passenger,5412,2.4
Subaru,Model_2328,Large,39.8,27.2,17.5,35,23,Driver only,4920,2.2
Ford,Model_2329,Large,17.0,33.1,54.7,16,44,Driver only,5500,2.7
Hyundai,Model_2330,Compact,37.9,49.9,26.5,26,47,Driver & Passenger,4003,4.5
Subaru,Model_2331,Van,15.0,54.5,31.1,23,43,None,5882,3.3
Volkswagen,Model_2332,SUV,38.2,10.9,16.3,15,22,Driver only,5626,3.6
Mazda,Model_2333,Small,42.8,27.7,30.6,35,28,Driver & Passenger,5465,1.5
Subaru,Model_2334,Compact,20.8,46.8,64.5,26,47,Driver only,4125,1.5
Lexus,Model_2335,Compact,27.8,24.7,33.0,26,24,Driver & Passenger,4115,3.0
Hyundai,Model_2336,SUV,32.5,39.2,47.5,17,20,Driver & Passenger,5890,3.9
Toyota,Model_2337,SUV,11.4,54.7,18.4,22,30,Driver & Passenger,6234,1.8
Mercedes-Benz,Model_2338,Compact,26.5,39.1,60.9,27,27,None,5403,3.2
Nissan,Model_2339,Compact,21.7,15.0,55.9,31,40,Driver only,4032,4.7
Mazda,Model_2340,Large,40.3,47.9,32.5,34,24,Driver & Passenger,5847,3.1
Hyundai,Model_2341,Small,40.5,53.5,30.5,24,21,Driver & Passenger,4988,2.9
Volkswagen,Model_2342,Compact,34.1,42.1,34.9,29,28,Driver & Passenger,5904,3.3
Lexus,Model_2343,Large,32.4,28.9,33.3,23,25,Driver & Passenger,6060,3.8
Ford,Model_2344,Compact,35.3,52.7,25.7,32,30,Driver only,5948,2.2
Honda,Model_2345,Midsize,21.9,53.6,64.5,22,29,Driver only,4358,2.3
Audi,Model_2346,Compact,23.3,52.1,55.0,28,31,Driver only,4822,1.6
Chevrolet,Model_2347,SUV,28.7,28.5,26.2,25,22,None,6061,4.8
Mercedes-Benz,Model_2348,Van,42.7,45.5,64.0,27,26,None,4159,1.2
Subaru,Model_2349,Van,34.9,39.4,12.8,30,37,Driver & Passenger,4906,2.8
Nissan,Model_2350,Compact,28.6,18.1,35.2,28,42,Driver only,5713,3.7
Mazda,Model_2351,Sport,36.6,34.1,42.2,23,31,Driver & Passenger,5700,3.8
Subaru,Model_2352,Midsize,22.0,43.6,14.0,23,30,None,4332,3.5
Kia,Model_2353,Small,35.2,50.3,20.5,33,21,Driver & Passenger,5573,2.4
Chevrolet,Model_2354,Compact,23.5,48.8,25.7,19,46,Driver & Passenger,6151,1.3
Honda,Model_2355,Small,18.7,17.0,50.2,29,40,None,4154,4.7
Lexus,Model_2356,Midsize,30.8,32.0,61.8,25,29,None,4080,1.8
Hyundai,Model_2357,Compact,33.6,31.5,45.1,33,32,Driver & Passenger,4398,4.6
Hyundai,Model_2358,Sport,25.3,50.4,41.8,20,45,None,5341,1.9
Lexus,Model_2359,Large,29.1,10.1,40.4,24,32,None,4608,1.3
Lexus,Model_2360,Sport,33.8,43.2,30.6,30,34,Driver & Passenger,6077,1.3
Audi,Model_2361,SUV,36.5,37.8,55.9,19,44,Driver & Passenger,5183,2.4
Toyota,Model_2362,Sport,41.2,51.5,40.7,32,32,None,4433,1.6
Lexus,Model_2363,Large,21.4,30.6,24.2,33,28,Driver & Passenger,5030,2.9
Subaru,Model_2364,SUV,43.2,39.6,19.3,37,25,Driver & Passenger,5830,2.8
Honda,Model_2365,Large,31.8,53.8,64.2,24,22,Driver & Passenger,5468,4.3
Honda,Model_2366,Van,37.3,43.5,12.9,24,47,Driver only,4783,3.8
Hyundai,Model_2367,Large,34.0,13.0,61.5,26,39,Driver only,4714,3.8
BMW,Model_2368,Compact,16.0,17.5,23.6,35,39,Driver & Passenger,4932,3.4
Hyundai,Model_2369,Small,11.1,47.0,46.9,17,28,Driver & Passenger,4589,1.2
Subaru,Model_2370,Van,35.0,25.1,28.0,18,23,None,5401,4.0
Hyundai,Model_2371,Van,27.2,41.8,57.6,36,39,Driver only,4186,2.4
BMW,Model_2372,Small,34.1,41.5,40.8,26,24,None,5051,4.3
BMW,Model_2373,Van,25.9,54.7,19.5,21,41,None,4489,2.0
Nissan,Model_2374,Large,19.9,31.1,26.3,26,43,Driver & Passenger,5367,3.7
Nissan,Model_2375,Sport,18.9,43.2,29.0,17,31,None,4690,3.4
Ford,Model_2376,Midsize,35.2,12.2,59.0,32,36,Driver & Passenger,5745,1.4
Mazda,Model_2377,Large,18.6,30.8,52.6,33,24,None,6302,1.5
Mazda,Model_2378,SUV,34.6,18.4,56.0,19,44,None,4214,5.0
Volkswagen,Model_2379,SUV,22.5,47.8,14.8,28,45,Driver & Passenger,6162,2.3
Mercedes-Benz,Model_2380,Sport,36.6,47.8,42.7,37,23,Driver & Passenger,4802,2.6
Toyota,Model_2381,Sport,13.7,20.6,65.0,22,27,None,5162,4.4
Mazda,Model_2382,Van,16.0,24.3,53.6,36,28,Driver & Passenger,5552,3.5
Nissan,Model_2383,Compact,33.5,41.6,18.4,29,36,Driver & Passenger,5078,3.7
Ford,Model_2384,Compact,28.9,43.2,48.0,30,43,Driver only,4593,3.5
Lexus,Model_2385,Van,15.9,39.6,51.5,32,27,Driver & Passenger,4558,2.3
Ford,Model_2386,Van,41.5,54.9,39.3,25,24,Driver & Passenger,4509,4.3
Lexus,Model_2387,Small,18.6,49.1,16.2,16,29,None,4312,1.1
Hyundai,Model_2388,Small,23.9,28.8,13.8,24,37,Driver & Passenger,5967,2.5
Hyundai,Model_2389,Midsize,15.9,24.7,61.7,25,47,None,5691,4.8
BMW,Model_2390,Midsize,22.7,36.9,25.6,19,42,Driver & Passenger,6036,2.5
Volkswagen,Model_2391,Midsize,26.4,46.8,32.1,35,33,Driver & Passenger,5426,1.1
Mercedes-Benz,Model_2392,Midsize,19.3,31.4,54.1,31,46,Driver only,6048,1.8
Hyundai,Model_2393,Sport,36.6,43.2,48.5,15,46,Driver only,5791,4.8
Toyota,Model_2394,Sport,22.9,10.9,63.3,28,24,None,4033,4.4
Subaru,Model_2395,Small,35.1,51.7,16.9,29,34,Driver only,4869,1.8
BMW,Model_2396,Compact,16.1,44.8,49.5,21,47,None,6472,4.9
Hyundai,Model_2397,Van,22.3,27.7,16.4,22,24,Driver & Passenger,5088,1.6
Mazda,Model_2398,SUV,8.8,27.3,12.0,30,41,None,5790,5.0
Volkswagen,Model_2399,Compact,36.2,14.6,18.4,27,31,Driver & Passenger,5609,4.4
BMW,Model_2400,Large,31.3,46.7,44.7,19,29,Driver & Passenger,4515,4.7
Chevrolet,Model_2401,Sport,38.4,44.6,47.8,17,27,None,4958,1.6
Mazda,Model_2402,Midsize,25.1,38.4,35.2,27,46,None,5044,2.2
Hyundai,Model_2403,Midsize,37.7,14.6,14.4,33,20,Driver & Passenger,4831,3.8
Toyota,Model_2404,Large,32.1,21.8,45.6,26,22,Driver only,6201,3.0
Subaru,Model_2405,Compact,8.6,30.7,16.5,33,47,Driver & Passenger,6291,2.2
Hyundai,Model_2406,Midsize,17.8,22.0,19.5,31,35,Driver & Passenger,5092,3.8
Lexus,Model_2407,Compact,26.5,29.5,39.2,25,42,Driver only,5998,4.1
Hyundai,Model_2408,Van,31.1,20.2,30.0,17,30,None,4919,2.1
BMW,Model_2409,Large,10.9,25.7,36.6,16,28,Driver & Passenger,5545,1.3
BMW,Model_2410,SUV,34.2,39.4,45.7,28,29,Driver & Passenger,5634,3.3
Subaru,Model_2411,Compact,28.3,50.2,20.5,36,21,Driver & Passenger,4031,2.6
Honda,Model_2412,Van,27.7,27.3,59.3,35,39,Driver & Passenger,6462,4.5
Toyota,Model_2413,Compact,19.2,41.1,41.7,31,30,Driver & Passenger,6280,1.2
Kia,Model_2414,Compact,30.2,16.1,13.2,16,39,Driver only,4398,3.6
Mazda,Model_2415,Midsize,9.5,34.3,45.3,32,30,Driver & Passenger,4103,1.2
Ford,Model_2416,Small,10.9,51.5,36.5,37,26,Driver & Passenger,6082,1.5
Subaru,Model_2417,Sport,35.3,11.3,49.2,29,40,Driver only,4626,2.5
Toyota,Model_2418,Compact,20.2,22.0,53.6,26,47,Driver & Passenger,6357,1.9
Ford,Model_2419,Compact,21.2,16.0,61.8,30,30,None,5433,1.6
Toyota,Model_2420,Compact,16.1,34.0,64.9,30,24,Driver only,4594,4.2
Toyota,Model_2421,Small,24.8,40.6,41.1,21,42,Driver & Passenger,5826,1.9
Hyundai,Model_2422,Van,10.4,12.6,41.8,20,31,Driver & Passenger,4667,2.5
Mercedes-Benz,Model_2423,SUV,19.5,13.2,13.2,28,37,Driver & Passenger,6287,4.6
Lexus,Model_2424,SUV,27.7,49.1,57.9,22,43,Driver & Passenger,4378,4.1
Toyota,Model_2425,Large,25.5,30.5,13.5,34,41,None,4242,3.1
Mercedes-Benz,Model_2426,Midsize,45.0,30.8,45.5,33,24,Driver & Passenger,4068,1.4
Honda,Model_2427,Small,22.7,52.5,17.2,33,34,Driver & Passenger,4715,4.8
Kia,Model_2428,Van,22.6,24.4,27.1,26,31,Driver & Passenger,5035,3.8
BMW,Model_2429,Compact,26.9,50.4,19.4,23,20,Driver & Passenger,5116,1.1
Audi,Model_2430,Van,15.4,53.8,19.3,23,37,None,5443,4.8
Ford,Model_2431,Small,40.5,20.9,16.0,19,25,Driver & Passenger,4773,1.3
BMW,Model_2432,Small,29.4,33.1,28.8,28,25,Driver only,4687,3.4
Audi,Model_2433,Small,15.5,34.0,34.5,15,30,Driver & Passenger,4069,2.6
Kia,Model_2434,Large,37.5,49.0,36.6,17,44,Driver & Passenger,5590,4.9
Lexus,Model_2435,Sport,9.8,23.7,35.3,25,30,Driver & Passenger,5373,4.7
Kia,Model_2436,Midsize,44.4,45.9,39.8,35,35,Driver & Passenger,6108,3.4
Ford,Model_2437,Large,40.1,53.7,57.6,18,25,Driver only,6386,3.8
Hyundai,Model_2438,Large,29.7,47.8,45.5,34,20,Driver & Passenger,6008,4.3
Ford,Model_2439,Sport,12.6,50.9,12.9,15,47,None,6351,4.3
Kia,Model_2440,Large,16.4,41.9,21.2,20,42,Driver & Passenger,5901,3.4
Audi,Model_2441,Small,18.7,50.7,30.5,24,35,Driver & Passenger,5399,2.0
Subaru,Model_2442,Small,17.3,17.4,62.3,18,47,Driver only,6331,2.3
Toyota,Model_2443,Van,26.7,42.1,16.1,31,22,Driver & Passenger,4281,3.7
Mazda,Model_2444,Compact,43.0,42.9,49.6,36,43,Driver only,4661,3.8
Volkswagen,Model_2445,Large,24.7,29.8,13.8,35,25,Driver & Passenger,4479,2.5
Mercedes-Benz,Model_2446,Compact,32.6,13.6,31.2,19,22,None,5229,4.6
Chevrolet,Model_2447,Midsize,33.6,38.0,52.8,16,38,Driver & Passenger,4548,2.6
Volkswagen,Model_2448,SUV,40.3,12.3,30.2,15,27,Driver & Passenger,4642,3.8
BMW,Model_2449,Small,9.7,27.2,34.8,30,41,Driver & Passenger,4987,1.8
Hyundai,Model_2450,Van,23.3,27.7,60.0,21,21,None,5881,2.4
BMW,Model_2451,Midsize,37.1,55.0,15.5,35,38,Driver & Passenger,4363,3.2
Hyundai,Model_2452,Van,38.2,23.5,40.0,17,47,Driver only,6454,1.2
Audi,Model_2453,SUV,42.3,46.9,31.4,28,34,Driver & Passenger,5081,1.2
Hyundai,Model_2454,SUV,34.2,12.4,63.1,36,41,Driver only,5587,2.1
Hyundai,Model_2455,Sport,17.4,33.8,54.1,33,33,Driver & Passenger,5290,4.3
Ford,Model_2456,Small,27.0,34.2,18.5,30,33,Driver only,6312,1.9
Subaru,Model_2457,Midsize,9.7,38.3,61.2,36,42,Driver only,5349,4.5
Mazda,Model_2458,Sport,32.1,46.5,23.2,20,23,Driver only,5606,3.9
Mazda,Model_2459,SUV,28.7,44.3,16.5,15,43,Driver & Passenger,5169,3.8
Ford,Model_2460,Midsize,32.8,44.2,40.7,21,38,Driver & Passenger,5998,3.7
Subaru,Model_2461,Van,42.5,29.5,51.0,25,41,Driver & Passenger,6112,4.9
Lexus,Model_2462,Sport,33.6,42.7,50.0,32,26,Driver & Passenger,6415,3.5
Honda,Model_2463,Sport,20.2,32.1,40.3,23,35,Driver only,4590,3.6
Lexus,Model_2464,Small,15.8,13.0,38.1,36,27,Driver only,5845,2.8
Hyundai,Model_2465,Compact,39.7,50.1,63.4,17,46,Driver only,5416,4.5
Volkswagen,Model_2466,Van,15.6,50.1,55.5,37,34,Driver & Passenger,5862,1.2
Hyundai,Model_2467,Van,14.4,24.5,49.0,22,39,Driver & Passenger,4683,2.4
Audi,Model_2468,Sport,16.0,51.1,22.3,22,24,None,4130,2.1
Volkswagen,Model_2469,Sport,27.1,44.1,55.4,37,41,None,4716,2.6
Honda,Model_2470,Small,13.0,28.0,51.7,15,20,None,5972,2.9
Honda,Model_2471,Compact,42.7,24.9,64.6,24,31,Driver & Passenger,6481,4.8
BMW,Model_2472,Van,43.8,53.9,19.0,29,28,Driver & Passenger,6154,4.7
Kia,Model_2473,SUV,44.0,42.1,49.9,24,38,None,6073,3.4
BMW,Model_2474,Large,9.9,27.0,63.9,22,37,Driver only,6229,1.1
Kia,Model_2475,Large,43.0,38.9,36.5,35,46,Driver & Passenger,6425,3.2
Hyundai,Model_2476,Compact,44.9,35.7,50.9,16,26,Driver & Passenger,4268,1.3
Chevrolet,Model_2477,Midsize,42.9,33.6,63.7,32,30,Driver & Passenger,6378,2.4
Hyundai,Model_2478,Small,33.0,39.0,41.0,16,30,Driver & Passenger,4108,2.2
Hyundai,Model_2479,Compact,34.1,34.2,49.0,35,39,Driver only,4746,3.6
Subaru,Model_2480,Large,13.0,39.5,13.1,33,39,Driver & Passenger,5165,1.1
Kia,Model_2481,Sport,40.4,50.8,39.5,36,45,Driver & Passenger,4242,4.2
Lexus,Model_2482,Large,10.7,54.7,25.6,23,34,Driver & Passenger,4772,4.3
Volkswagen,Model_2483,Sport,20.1,41.9,19.0,24,44,Driver only,5774,1.1
Ford,Model_2484,Small,44.7,51.8,49.6,18,42,Driver only,6188,1.3
BMW,Model_2485,Sport,23.9,48.6,14.1,35,44,Driver & Passenger,5175,4.7
Subaru,Model_2486,Compact,13.3,23.3,60.0,15,36,Driver only,6447,3.5
Audi,Model_2487,Sport,43.9,52.0,39.4,25,22,Driver & Passenger,4540,4.8
Subaru,Model_2488,Midsize,44.4,13.2,46.4,36,45,Driver & Passenger,6066,2.8
Mercedes-Benz,Model_2489,Compact,15.3,24.8,25.4,16,30,Driver & Passenger,5981,1.8
Hyundai,Model_2490,Small,40.1,38.8,21.7,37,45,Driver & Passenger,4220,2.5
Mercedes-Benz,Model_2491,Compact,22.8,33.7,24.9,18,32,Driver only,6335,4.7
Chevrolet,Model_2492,Midsize,22.4,34.4,24.3,29,47,Driver & Passenger,4582,1.5
Kia,Model_2493,Small,18.1,45.8,57.8,34,25,Driver only,4324,4.6
Chevrolet,Model_2494,Large,10.1,18.8,53.7,27,33,Driver & Passenger,4983,3.1
Audi,Model_2495,Midsize,18.3,54.2,57.2,15,30,None,5440,1.3
Lexus,Model_2496,Small,10.5,29.7,50.9,36,32,Driver & Passenger,4495,2.6
Honda,Model_2497,SUV,42.2,52.7,46.1,16,36,Driver & Passenger,4022,2.0
Mercedes-Benz,Model_2498,Sport,32.7,27.2,40.0,20,33,Driver only,6426,3.3
Mazda,Model_2499,Compact,40.9,37.1,26.1,21,40,Driver & Passenger,5633,1.6
Mercedes-Benz,Model_2500,Small,34.7,30.3,49.4,33,33,Driver & Passenger,4188,4.8
Audi,Model_2501,Compact,13.3,40.4,19.2,18,23,Driver & Passenger,4448,1.8
Nissan,Model_2502,Sport,42.8,18.3,39.1,32,23,Driver & Passenger,4641,3.5
Audi,Model_2503,Small,41.3,28.0,22.3,37,33,Driver only,6396,4.3
Chevrolet,Model_2504,Large,21.2,13.1,38.8,23,33,None,4697,3.4
Subaru,Model_2505,SUV,12.6,36.9,27.6,35,47,Driver & Passenger,4840,3.6
Ford,Model_2506,SUV,34.2,53.3,14.8,25,26,Driver & Passenger,4027,2.6
BMW,Model_2507,Midsize,35.1,12.1,38.7,19,35,None,5910,1.4
Ford,Model_2508,Small,41.2,39.7,21.6,15,33,Driver & Passenger,5018,1.5
Chevrolet,Model_2509,Sport,10.4,44.9,20.5,16,24,Driver only,4556,3.8
BMW,Model_2510,Small,13.7,19.6,32.4,37,26,None,5241,4.2
Nissan,Model_2511,Compact,30.3,22.3,31.2,17,36,Driver & Passenger,6354,4.4
Mazda,Model_2512,Van,31.1,19.1,57.9,36,46,Driver & Passenger,4814,2.5
Hyundai,Model_2513,Small,9.7,23.4,41.9,31,34,Driver & Passenger,4828,4.9
Volkswagen,Model_2514,SUV,23.0,15.0,57.3,16,44,Driver & Passenger,5201,3.6
Chevrolet,Model_2515,SUV,29.8,26.7,19.8,15,43,Driver & Passenger,4546,1.6
Subaru,Model_2516,SUV,35.4,26.6,30.9,16,26,None,5934,1.3
Kia,Model_2517,Large,20.0,46.3,41.4,22,29,Driver only,6028,3.2
Chevrolet,Model_2518,Small,26.2,46.0,20.1,27,37,Driver & Passenger,5079,4.0
Chevrolet,Model_2519,Midsize,38.2,45.9,18.8,28,30,None,5594,1.1
Mercedes-Benz,Model_2520,Small,43.3,35.5,47.1,35,41,None,5944,1.1
Mercedes-Benz,Model_2521,Van,16.9,24.7,46.7,26,33,None,5555,3.3
BMW,Model_2522,SUV,17.7,28.5,24.4,23,23,Driver & Passenger,4687,5.0
Hyundai,Model_2523,Compact,42.8,24.3,24.0,33,22,Driver & Passenger,6133,4.0
Hyundai,Model_2524,SUV,23.0,36.2,51.5,34,43,Driver & Passenger,4659,1.6
Toyota,Model_2525,Small,34.7,52.2,18.2,21,33,Driver & Passenger,4573,1.3
Audi,Model_2526,Large,30.8,22.8,60.9,24,39,None,5037,4.3
Subaru,Model_2527,Sport,18.9,30.6,62.0,17,22,Driver & Passenger,5128,4.2
Toyota,Model_2528,Small,32.4,39.5,58.2,33,46,Driver & Passenger,6225,2.8
Lexus,Model_2529,Small,32.4,48.0,23.2,31,40,Driver & Passenger,6256,1.1
Nissan,Model_2530,Midsize,30.1,21.4,12.9,22,44,None,5092,4.1
Hyundai,Model_2531,Large,12.1,22.6,61.6,32,45,Driver & Passenger,4910,2.6
Kia,Model_2532,Van,44.8,49.8,30.2,21,22,Driver & Passenger,5015,4.3
Mercedes-Benz,Model_2533,Sport,23.1,13.6,28.5,21,44,None,5194,1.6
Mazda,Model_2534,SUV,31.8,37.2,25.9,37,39,Driver & Passenger,4794,2.9
Honda,Model_2535,Compact,40.8,48.7,25.0,34,31,None,6429,3.1
Nissan,Model_2536,Small,24.0,51.5,50.9,37,29,Driver only,5333,2.5
Honda,Model_2537,Van,36.7,10.6,60.1,30,39,Driver only,4166,5.0
Subaru,Model_2538,Sport,44.0,26.6,53.7,29,37,Driver & Passenger,6040,4.1
Subaru,Model_2539,Compact,21.6,21.6,47.7,28,31,Driver only,5023,4.3
Lexus,Model_2540,Van,23.3,35.6,27.3,30,43,Driver & Passenger,4628,2.0
Honda,Model_2541,Large,41.6,38.5,41.0,23,23,Driver only,4232,2.5
Subaru,Model_2542,Large,14.3,55.0,24.6,37,38,Driver only,4162,1.4
Mazda,Model_2543,Sport,9.5,33.1,17.9,36,38,Driver only,5898,5.0
Ford,Model_2544,SUV,41.7,34.8,18.4,35,36,None,5901,2.0
Toyota,Model_2545,Compact,38.5,28.6,44.0,24,27,Driver & Passenger,4505,1.4
Chevrolet,Model_2546,Large,44.0,16.6,14.0,29,30,Driver & Passenger,6107,1.8
Hyundai,Model_2547,Sport,10.6,23.6,63.6,37,24,None,5085,3.3
Honda,Model_2548,Large,14.2,21.1,64.8,24,24,Driver only,5859,2.3
Kia,Model_2549,Large,12.3,46.1,19.9,16,32,Driver only,5167,1.7
Nissan,Model_2550,Van,33.4,34.6,34.6,19,23,Driver only,4399,2.9
Ford,Model_2551,Van,30.6,23.3,52.7,22,32,Driver & Passenger,5887,3.7
Honda,Model_2552,Large,21.6,32.0,62.6,20,35,Driver & Passenger,4543,3.7
Ford,Model_2553,Midsize,10.6,19.8,59.2,20,31,Driver & Passenger,4357,1.1
Hyundai,Model_2554,Van,31.8,18.3,25.5,15,33,Driver & Passenger,4486,4.0
Ford,Model_2555,Compact,29.3,48.7,16.5,30,40,Driver & Passenger,4246,2.0
Honda,Model_2556,Sport,12.6,52.5,27.3,32,47,Driver & Passenger,5255,4.7
BMW,Model_2557,Sport,41.7,13.6,35.2,17,40,None,6085,1.6
Audi,Model_2558,SUV,15.8,44.4,31.1,21,28,Driver & Passenger,4678,2.6
Kia,Model_2559,Compact,35.6,30.4,53.0,26,46,Driver & Passenger,4445,2.2
Chevrolet,Model_2560,Compact,40.8,27.5,25.7,24,25,Driver & Passenger,5640,3.0
Chevrolet,Model_2561,Compact,29.7,41.0,57.5,36,44,Driver & Passenger,6063,2.3
Kia,Model_2562,SUV,17.5,22.0,24.0,35,27,None,4053,4.1
BMW,Model_2563,Compact,19.8,10.9,31.2,24,35,Driver & Passenger,4748,2.5
Mercedes-Benz,Model_2564,Small,40.8,19.6,35.7,37,38,Driver & Passenger,4017,2.4
Subaru,Model_2565,SUV,19.4,18.3,27.4,23,21,Driver only,4771,4.9
Chevrolet,Model_2566,Sport,35.7,11.5,52.6,25,25,None,5319,2.6
Mercedes-Benz,Model_2567,Small,44.6,24.5,33.7,33,21,Driver & Passenger,5598,1.5
Ford,Model_2568,SUV,45.0,31.4,59.0,22,38,Driver only,4018,2.1
Mazda,Model_2569,Large,28.0,43.1,63.1,32,38,None,4597,3.9
Nissan,Model_2570,Large,38.7,24.7,57.6,18,32,Driver & Passenger,5958,2.0
Hyundai,Model_2571,Sport,44.6,18.8,39.7,16,36,Driver & Passenger,4308,3.7
Toyota,Model_2572,Large,22.2,20.4,39.0,27,40,Driver & Passenger,6193,4.7
Chevrolet,Model_2573,Compact,17.7,50.1,23.4,37,27,Driver & Passenger,5979,2.5
Kia,Model_2574,SUV,12.7,19.2,43.4,28,28,Driver only,5484,1.8
Mazda,Model_2575,Small,13.6,49.6,62.5,34,42,None,4328,3.9
Honda,Model_2576,Compact,39.7,30.1,16.3,36,24,None,5360,2.8
Lexus,Model_2577,Large,30.0,52.0,51.9,29,27,None,5441,1.2
Audi,Model_2578,Van,40.4,28.4,58.1,27,28,Driver & Passenger,4782,3.3
Kia,Model_2579,Small,37.3,18.0,64.3,20,35,Driver & Passenger,5098,3.3
Subaru,Model_2580,Compact,33.1,34.7,29.7,34,35,None,4983,3.7
Lexus,Model_2581,SUV,30.7,36.4,30.8,20,31,Driver only,4337,3.9
Lexus,Model_2582,Sport,10.3,38.6,24.2,15,44,Driver & Passenger,4793,3.6
Ford,Model_2583,Compact,40.3,28.5,53.8,29,44,Driver & Passenger,6224,2.4
Audi,Model_2584,Van,23.8,12.2,19.4,20,30,Driver & Passenger,5781,4.3
Nissan,Model_2585,Large,28.9,38.2,26.2,29,37,None,4771,4.7
Nissan,Model_2586,Small,9.3,52.0,27.6,29,32,Driver & Passenger,4246,2.2
BMW,Model_2587,Sport,42.7,53.1,31.9,28,22,Driver & Passenger,6035,2.1
Mercedes-Benz,Model_2588,Small,41.5,36.9,34.3,24,37,Driver & Passenger,4588,3.1
Hyundai,Model_2589,Sport,28.3,10.9,41.6,22,30,Driver & Passenger,4713,4.9
Lexus,Model_2590,SUV,29.6,14.8,62.3,18,30,Driver only,5104,1.7
BMW,Model_2591,Small,34.2,47.5,25.1,36,24,Driver & Passenger,5236,3.0
Subaru,Model_2592,Large,18.2,47.3,53.3,20,47,None,4905,1.8
Mercedes-Benz,Model_2593,SUV,16.6,52.6,47.8,34,22,Driver & Passenger,4047,2.6
Hyundai,Model_2594,SUV,33.1,35.4,18.2,35,44,None,6223,2.5
Lexus,Model_2595,Sport,12.3,48.9,54.9,31,21,Driver & Passenger,4398,3.3
Mazda,Model_2596,Midsize,25.1,47.1,16.8,37,34,Driver & Passenger,6092,1.1
Audi,Model_2597,Small,26.5,36.5,51.2,36,24,Driver & Passenger,5281,4.2
Hyundai,Model_2598,Small,22.4,45.3,49.9,21,47,Driver & Passenger,6361,3.8
Honda,Model_2599,Compact,15.3,15.7,48.5,26,24,Driver only,4165,5.0
Ford,Model_2600,Sport,21.5,38.8,26.7,37,40,Driver only,5753,2.0
Audi,Model_2601,Van,20.8,52.9,42.4,18,35,None,5015,4.5
BMW,Model_2602,Midsize,26.7,17.3,52.4,28,36,Driver & Passenger,4480,3.4
Toyota,Model_2603,Large,33.1,43.5,45.8,18,45,Driver only,4880,1.9
Volkswagen,Model_2604,Compact,43.8,24.4,54.6,30,26,Driver & Passenger,5495,2.2
Hyundai,Model_2605,Midsize,13.8,46.8,48.5,15,21,Driver & Passenger,4698,1.1
Hyundai,Model_2606,Sport,40.4,41.4,26.5,32,47,Driver only,6238,2.4
Subaru,Model_2607,Midsize,18.9,51.7,20.1,33,33,None,5885,4.6
Ford,Model_2608,SUV,30.1,42.0,45.5,35,37,None,4042,1.3
Chevrolet,Model_2609,Small,28.5,28.5,52.3,24,44,Driver & Passenger,4236,4.7
Nissan,Model_2610,SUV,28.8,10.5,19.5,19,31,Driver & Passenger,4816,2.5
Nissan,Model_2611,Small,34.9,45.7,21.3,27,36,None,5983,4.0
Hyundai,Model_2612,Compact,22.4,28.4,12.6,20,44,Driver & Passenger,4531,3.6
Toyota,Model_2613,Sport,20.1,40.2,40.2,37,25,None,4684,3.7
Mazda,Model_2614,Sport,39.6,14.7,40.7,18,24,Driver & Passenger,4577,3.2
Subaru,Model_2615,Midsize,16.5,50.1,38.5,30,40,None,5249,2.9
Mazda,Model_2616,Compact,15.1,29.6,28.7,22,40,None,6481,4.7
Honda,Model_2617,Sport,9.1,51.4,34.7,30,41,Driver & Passenger,4641,3.7
Mercedes-Benz,Model_2618,Van,16.2,41.8,52.6,25,26,Driver & Passenger,6038,3.5
Audi,Model_2619,Van,27.4,15.5,21.6,36,46,Driver & Passenger,4426,2.7
Hyundai,Model_2620,SUV,28.2,36.1,22.7,15,44,Driver & Passenger,5424,1.9
Hyundai,Model_2621,Small,17.8,50.9,47.3,36,37,Driver & Passenger,6120,1.0
Volkswagen,Model_2622,Midsize,11.1,46.0,57.9,32,39,Driver & Passenger,5171,4.9
Kia,Model_2623,Large,35.7,28.8,30.0,18,30,None,6468,4.0
Chevrolet,Model_2624,Small,36.2,53.0,61.4,25,24,Driver & Passenger,4435,5.0
BMW,Model_2625,Compact,44.9,22.1,15.1,34,25,Driver only,6329,4.1
Lexus,Model_2626,Sport,41.4,26.9,18.3,24,26,None,4408,1.2
Kia,Model_2627,Small,42.3,43.7,36.4,30,22,Driver only,4319,2.8
Mercedes-Benz,Model_2628,Large,37.6,20.5,50.3,24,22,None,6416,1.5
Kia,Model_2629,Large,31.0,33.2,31.7,19,44,None,6441,4.2
Subaru,Model_2630,Van,13.2,42.8,41.4,32,44,None,5519,1.7
Lexus,Model_2631,Compact,31.2,39.0,13.5,36,21,Driver & Passenger,5495,3.6
Hyundai,Model_2632,Small,10.5,17.0,36.5,25,39,Driver & Passenger,5175,3.6
Toyota,Model_2633,Midsize,40.8,38.3,24.9,17,23,Driver & Passenger,5894,3.6
Nissan,Model_2634,Small,26.1,35.8,39.4,23,24,Driver only,5040,4.5
Honda,Model_2635,Van,34.0,35.1,39.9,29,21,Driver & Passenger,5636,3.9
Mazda,Model_2636,SUV,10.4,47.2,51.9,36,35,Driver only,5093,2.3
Volkswagen,Model_2637,Large,28.0,18.3,40.6,33,31,None,4511,2.3
Subaru,Model_2638,Compact,19.5,43.8,44.6,33,34,Driver only,6285,1.1
Toyota,Model_2639,Compact,18.9,44.2,40.1,19,46,Driver only,4414,4.6
Hyundai,Model_2640,Midsize,22.7,42.5,64.5,20,46,Driver & Passenger,6104,1.4
BMW,Model_2641,Compact,8.5,32.8,54.0,18,23,Driver & Passenger,5453,2.9
Honda,Model_2642,Van,25.5,27.8,52.0,26,46,None,4616,3.0
Subaru,Model_2643,Van,26.3,27.8,45.2,19,22,None,4049,2.8
Hyundai,Model_2644,Van,40.0,43.0,40.0,17,33,Driver & Passenger,4469,3.3
Volkswagen,Model_2645,Compact,24.9,32.4,30.3,24,32,Driver & Passenger,4808,3.9
Nissan,Model_2646,Compact,21.8,25.2,53.6,27,46,Driver & Passenger,6379,1.8
Hyundai,Model_2647,Van,44.8,38.1,22.0,18,25,Driver & Passenger,4965,1.3
Nissan,Model_2648,Compact,29.3,47.7,13.9,22,23,Driver & Passenger,4144,4.4
Subaru,Model_2649,Compact,25.8,12.8,49.0,15,20,Driver & Passenger,4205,3.0
Nissan,Model_2650,Large,26.6,53.7,19.7,34,22,None,4905,1.5
Toyota,Model_2651,Small,38.0,14.3,59.9,16,43,Driver & Passenger,6137,3.7
Toyota,Model_2652,Sport,20.9,33.0,52.8,18,31,Driver & Passenger,5906,1.9
Mazda,Model_2653,Compact,22.7,35.2,43.9,35,22,Driver & Passenger,5474,1.3
Subaru,Model_2654,Sport,36.1,16.2,28.6,15,42,None,4169,2.1
Mazda,Model_2655,SUV,11.2,51.2,45.8,35,37,Driver & Passenger,5261,2.2
Subaru,Model_2656,Sport,40.1,31.2,37.3,21,33,Driver & Passenger,5423,4.5
Hyundai,Model_2657,Large,24.2,16.4,27.4,19,24,Driver & Passenger,5189,2.2
Hyundai,Model_2658,Compact,29.7,42.0,62.1,37,42,Driver & Passenger,4419,4.1
BMW,Model_2659,Van,36.1,39.9,20.6,27,20,None,4396,3.3
Subaru,Model_2660,Sport,18.2,53.3,51.9,27,33,Driver & Passenger,5690,1.4
Volkswagen,Model_2661,Compact,41.0,29.9,54.4,22,46,Driver & Passenger,5110,1.6
Mercedes-Benz,Model_2662,Midsize,44.2,22.1,62.4,31,31,Driver & Passenger,5256,1.3
Honda,Model_2663,SUV,26.5,12.7,41.1,24,20,None,6356,2.6
Ford,Model_2664,Van,42.7,43.0,40.3,24,46,Driver & Passenger,4714,4.9
Lexus,Model_2665,Midsize,8.5,37.8,60.8,16,43,Driver & Passenger,6180,1.7
Ford,Model_2666,Midsize,41.1,53.8,54.5,20,21,Driver & Passenger,5668,2.4
Hyundai,Model_2667,Sport,19.9,42.0,52.5,35,31,Driver & Passenger,5873,4.3
Hyundai,Model_2668,Midsize,19.9,52.0,53.8,15,32,Driver & Passenger,4303,4.5
Nissan,Model_2669,Large,16.8,54.6,38.1,32,46,Driver & Passenger,5782,3.9
Honda,Model_2670,Large,20.1,29.3,14.2,17,39,Driver & Passenger,4279,2.9
Kia,Model_2671,Sport,16.3,16.8,22.5,35,34,Driver & Passenger,4200,3.6
Mercedes-Benz,Model_2672,Compact,41.6,18.8,46.1,21,35,Driver only,4490,2.8
Toyota,Model_2673,Small,41.3,24.3,33.0,30,38,Driver & Passenger,5994,4.4
Audi,Model_2674,Compact,12.2,32.9,44.2,36,24,Driver & Passenger,5741,2.6
Chevrolet,Model_2675,Compact,13.7,15.5,41.2,17,21,Driver only,4297,4.3
BMW,Model_2676,Compact,40.0,23.6,35.2,20,25,Driver & Passenger,5160,3.3
Nissan,Model_2677,Compact,23.1,23.9,24.4,18,27,Driver only,4447,3.1
Nissan,Model_2678,Van,14.7,10.2,50.1,30,40,Driver only,6244,3.6
Volkswagen,Model_2679,Small,27.1,25.9,60.2,17,26,Driver & Passenger,5913,2.2
Nissan,Model_2680,Van,23.7,15.2,52.8,18,40,Driver & Passenger,6108,2.6
Toyota,Model_2681,Midsize,16.5,29.3,18.4,25,32,Driver only,4850,4.2
Toyota,Model_2682,SUV,34.8,18.8,40.5,31,25,Driver & Passenger,4071,2.5
Chevrolet,Model_2683,Compact,31.5,47.0,56.3,33,28,Driver & Passenger,4451,3.6
Lexus,Model_2684,SUV,12.1,13.6,43.3,22,31,Driver only,5662,3.7
Subaru,Model_2685,Large,42.3,49.0,35.3,28,46,Driver & Passenger,4198,4.5
Kia,Model_2686,Sport,28.9,36.1,27.1,30,29,Driver & Passenger,4282,2.8
Honda,Model_2687,Sport,17.6,30.6,29.5,33,30,Driver & Passenger,6023,4.6
Nissan,Model_2688,Van,16.0,34.7,24.8,30,20,Driver & Passenger,5778,5.0
Ford,Model_2689,Van,13.5,26.9,22.4,24,29,Driver only,5174,1.7
Mazda,Model_2690,Large,24.0,15.7,43.2,29,44,Driver & Passenger,4370,3.9
Volkswagen,Model_2691,Compact,13.4,44.5,39.0,18,35,Driver only,6040,3.8
Volkswagen,Model_2692,SUV,23.7,51.8,50.9,18,38,Driver & Passenger,4476,2.8
Lexus,Model_2693,SUV,13.9,52.8,28.3,27,29,None,4057,2.2
Ford,Model_2694,Small,32.5,40.2,36.4,26,34,Driver & Passenger,4713,1.1
Hyundai,Model_2695,Midsize,37.2,28.5,48.1,29,33,None,6463,3.5
Ford,Model_2696,Sport,28.6,31.5,63.1,37,22,None,6286,2.3
Mercedes-Benz,Model_2697,Midsize,33.3,39.6,30.5,27,23,None,6431,3.2
Hyundai,Model_2698,Small,42.8,47.0,27.8,20,27,Driver & Passenger,4406,1.5
Audi,Model_2699,Van,31.8,26.9,35.8,28,20,Driver only,6158,1.2
Hyundai,Model_2700,SUV,21.8,51.3,50.4,17,39,None,5455,4.2
Mazda,Model_2701,Sport,24.9,24.6,63.0,22,34,Driver & Passenger,5748,1.5
Hyundai,Model_2702,Midsize,39.9,33.9,40.4,26,26,Driver only,5702,1.5
Volkswagen,Model_2703,Van,13.3,53.3,55.1,28,31,Driver only,6332,3.3
Ford,Model_2704,Small,20.4,52.2,36.6,19,22,Driver only,6348,3.9
Audi,Model_2705,Midsize,29.6,41.3,14.1,16,42,None,4581,1.0
Subaru,Model_2706,SUV,33.2,24.6,59.4,24,46,Driver & Passenger,5752,2.8
BMW,Model_2707,Compact,36.4,19.9,27.4,17,24,Driver & Passenger,5094,3.5
Honda,Model_2708,Van,20.1,13.6,19.3,37,45,Driver & Passenger,6041,4.0
Audi,Model_2709,Small,13.8,41.9,64.8,24,46,Driver & Passenger,6401,4.8
Lexus,Model_2710,Midsize,43.4,32.7,30.4,23,44,Driver & Passenger,4640,1.1
Mercedes-Benz,Model_2711,SUV,11.3,35.8,19.2,31,27,Driver & Passenger,4632,4.6
Honda,Model_2712,Compact,12.0,31.3,28.5,20,30,Driver only,6229,4.9
Ford,Model_2713,Compact,26.6,31.7,39.2,23,38,None,4109,4.5
Kia,Model_2714,Small,38.4,35.7,16.7,37,31,None,6211,4.8
Subaru,Model_2715,Large,36.8,51.1,30.7,17,39,Driver only,5563,1.5
Audi,Model_2716,SUV,42.7,11.3,47.4,21,26,Driver & Passenger,6150,5.0
Mazda,Model_2717,SUV,13.7,46.1,60.5,26,33,None,4403,4.1
Ford,Model_2718,Sport,22.2,27.6,33.1,32,21,None,5594,1.3
Nissan,Model_2719,Small,18.8,43.5,41.9,24,45,Driver & Passenger,5163,3.7
Toyota,Model_2720,Compact,39.9,52.7,45.7,16,46,Driver & Passenger,6296,3.8
Audi,Model_2721,Compact,26.3,23.8,15.7,31,41,None,4805,3.5
Mazda,Model_2722,Small,9.5,14.0,30.1,17,44,Driver only,4542,4.5
Mercedes-Benz,Model_2723,Large,34.3,20.5,48.3,15,31,Driver & Passenger,4529,4.0
BMW,Model_2724,Sport,22.7,20.0,51.0,22,28,Driver only,5692,1.6
Nissan,Model_2725,Midsize,27.9,43.4,30.9,27,41,Driver & Passenger,5761,2.0
Hyundai,Model_2726,Small,41.1,12.8,12.4,25,31,None,6460,2.9
BMW,Model_2727,Sport,17.9,12.3,12.4,22,25,Driver only,5626,2.6
Hyundai,Model_2728,SUV,17.3,41.2,40.5,34,25,None,4990,3.7
Ford,Model_2729,Sport,18.1,35.1,41.2,15,46,Driver & Passenger,4830,1.5
Toyota,Model_2730,Van,20.8,28.8,41.5,16,45,Driver & Passenger,5782,2.4
Audi,Model_2731,Compact,12.4,35.9,50.3,32,41,Driver & Passenger,4531,2.0
Audi,Model_2732,Midsize,33.9,43.1,60.8,32,38,None,5694,2.2
Kia,Model_2733,Small,16.1,14.7,64.5,23,39,Driver & Passenger,5054,3.8
Volkswagen,Model_2734,Compact,42.3,34.9,49.2,21,25,None,4697,1.3
Kia,Model_2735,Van,16.4,47.1,39.2,23,45,Driver & Passenger,5876,4.5
Lexus,Model_2736,Van,17.8,26.3,19.5,24,36,Driver only,4390,3.6
Ford,Model_2737,Compact,19.3,44.3,32.4,16,36,Driver & Passenger,6271,2.6
Ford,Model_2738,Large,36.6,48.0,42.3,19,42,Driver only,5526,2.9
Toyota,Model_2739,Sport,24.1,46.9,65.0,31,36,Driver & Passenger,4982,3.8
Kia,Model_2740,Small,38.4,39.3,18.7,16,40,Driver & Passenger,6096,3.9
Mazda,Model_2741,Small,37.1,42.3,54.0,34,29,Driver & Passenger,5386,4.2
Hyundai,Model_2742,Small,42.4,45.4,64.9,24,30,Driver & Passenger,4807,2.1
Mazda,Model_2743,Compact,36.1,43.0,54.7,15,27,Driver & Passenger,4709,4.4
Toyota,Model_2744,SUV,10.4,30.3,52.7,26,41,None,5951,4.3
Subaru,Model_2745,Large,39.1,17.2,25.7,29,33,Driver & Passenger,4345,4.4
Volkswagen,Model_2746,Midsize,42.7,23.9,12.2,20,38,Driver & Passenger,5491,1.3
Mazda,Model_2747,Van,44.8,19.3,24.0,28,37,Driver & Passenger,6286,1.6
Hyundai,Model_2748,Compact,13.1,26.3,53.9,28,34,Driver only,4665,3.5
Lexus,Model_2749,SUV,30.9,32.0,17.7,29,37,None,4925,4.8
Honda,Model_2750,Midsize,15.8,53.2,27.7,15,39,None,6124,1.4
Toyota,Model_2751,Van,18.1,53.2,41.8,31,44,Driver only,6280,4.0
Toyota,Model_2752,Van,35.7,44.6,42.7,25,44,None,5469,1.5
Chevrolet,Model_2753,Large,44.2,54.1,40.8,29,36,Driver & Passenger,6218,4.8
Hyundai,Model_2754,Sport,30.2,54.9,64.0,34,24,Driver only,4746,4.2
Lexus,Model_2755,Small,39.5,49.8,12.7,30,44,Driver & Passenger,5000,2.2
Nissan,Model_2756,Midsize,8.8,13.6,37.8,35,23,None,4272,1.2
Nissan,Model_2757,Compact,9.8,29.2,38.7,23,30,None,5942,2.7
Hyundai,Model_2758,Midsize,30.3,34.0,27.5,26,35,None,5048,3.1
Kia,Model_2759,Sport,22.7,15.6,39.8,16,26,None,4756,3.1
Lexus,Model_2760,Small,41.0,46.4,47.7,29,46,Driver & Passenger,4548,4.4
Subaru,Model_2761,Midsize,19.5,16.7,47.7,23,35,None,5378,4.9
Ford,Model_2762,Sport,24.3,27.2,16.7,30,25,None,5744,2.7
Ford,Model_2763,Compact,27.8,13.1,54.5,31,39,Driver only,5482,1.7
BMW,Model_2764,Large,18.5,33.6,61.3,34,29,Driver only,6105,2.5
Hyundai,Model_2765,SUV,41.7,36.9,18.6,37,30,Driver only,6219,3.8
Hyundai,Model_2766,Van,25.5,43.1,34.1,18,34,Driver & Passenger,6320,3.3
Toyota,Model_2767,Compact,24.0,25.3,39.1,22,31,Driver & Passenger,6193,1.3
Hyundai,Model_2768,Small,39.5,36.6,19.1,21,42,Driver & Passenger,5460,1.8
Hyundai,Model_2769,Van,19.9,43.0,38.7,20,35,Driver & Passenger,4853,3.8
Mercedes-Benz,Model_2770,SUV,38.3,44.3,23.0,19,42,Driver & Passenger,4828,3.8
Hyundai,Model_2771,Compact,13.0,23.6,61.6,24,37,Driver only,5592,3.4
Nissan,Model_2772,Compact,15.2,13.0,35.8,17,26,Driver & Passenger,6347,2.2
Mercedes-Benz,Model_2773,Compact,43.2,11.7,64.7,34,33,Driver only,6194,1.7
Hyundai,Model_2774,Compact,39.2,44.6,14.5,31,28,Driver & Passenger,4548,1.9
Hyundai,Model_2775,Van,22.7,27.3,18.8,30,41,Driver & Passenger,5081,4.2
Volkswagen,Model_2776,Small,31.8,16.0,35.5,25,47,Driver & Passenger,5291,3.0
Honda,Model_2777,SUV,42.9,18.3,58.3,27,25,None,4031,2.4
Ford,Model_2778,Sport,16.2,44.5,41.4,32,30,Driver & Passenger,6457,1.5
Mercedes-Benz,Model_2779,Midsize,10.7,37.0,50.8,28,32,None,6478,2.6
BMW,Model_2780,Large,28.1,32.6,34.4,16,41,Driver & Passenger,5961,2.7
Lexus,Model_2781,SUV,13.7,38.0,14.1,26,47,Driver & Passenger,6011,4.5
Honda,Model_2782,Midsize,15.3,16.2,46.3,36,37,Driver & Passenger,5624,4.8
BMW,Model_2783,Midsize,41.0,24.4,45.6,35,31,Driver only,4221,4.4
Chevrolet,Model_2784,Large,8.8,26.8,15.8,24,25,Driver & Passenger,6098,2.6
BMW,Model_2785,SUV,38.3,24.2,21.1,21,41,None,4808,3.2
Ford,Model_2786,Van,27.4,48.9,37.2,16,28,Driver & Passenger,4704,4.4
Ford,Model_2787,Small,28.9,36.2,35.7,32,37,Driver only,5888,1.2
Mercedes-Benz,Model_2788,Large,33.0,42.8,51.9,31,44,Driver only,4572,3.1
Hyundai,Model_2789,Small,24.2,20.7,32.5,30,40,Driver & Passenger,4894,2.6
Audi,Model_2790,Van,12.7,21.9,47.2,16,34,Driver only,4802,2.5
Chevrolet,Model_2791,Midsize,12.3,20.1,49.3,25,28,None,5301,2.4
Mercedes-Benz,Model_2792,Small,36.0,41.0,46.2,33,29,None,5476,3.6
Volkswagen,Model_2793,Van,16.6,25.7,43.6,36,45,Driver only,5589,2.7
Toyota,Model_2794,Van,9.5,28.2,54.7,21,21,Driver only,5188,2.3
Mazda,Model_2795,Sport,44.3,41.9,46.8,36,33,None,4939,3.3
Lexus,Model_2796,Large,44.3,53.7,56.2,31,40,Driver & Passenger,6294,2.5
BMW,Model_2797,Sport,22.3,17.3,45.7,29,30,Driver only,6385,1.1
Audi,Model_2798,Midsize,9.4,12.8,20.4,23,32,None,5908,2.7
Hyundai,Model_2799,Large,35.0,18.8,28.4,26,21,Driver only,5428,1.8
Nissan,Model_2800,Midsize,38.8,43.1,29.5,22,40,Driver & Passenger,4039,1.4
Hyundai,Model_2801,Sport,13.1,18.8,17.0,16,26,Driver & Passenger,5053,4.5
Toyota,Model_2802,SUV,13.4,36.3,48.7,31,47,Driver & Passenger,4831,3.8
Subaru,Model_2803,Van,38.5,36.6,43.5,30,34,Driver & Passenger,4296,2.5
Kia,Model_2804,Midsize,42.1,23.2,43.3,37,26,None,6350,4.9
Audi,Model_2805,Large,37.4,13.1,37.4,30,31,Driver & Passenger,5283,2.5
Hyundai,Model_2806,Large,15.8,28.0,40.8,17,46,Driver & Passenger,5947,2.0
Nissan,Model_2807,Midsize,23.5,18.4,12.4,33,26,Driver & Passenger,4605,2.9
Chevrolet,Model_2808,Large,30.4,18.3,17.1,30,24,Driver & Passenger,6479,4.8
Subaru,Model_2809,Van,14.4,33.5,48.2,25,34,Driver & Passenger,5336,3.7
Mercedes-Benz,Model_2810,SUV,16.2,40.3,25.9,23,26,Driver & Passenger,6289,3.9
Hyundai,Model_2811,Van,18.8,13.4,17.7,28,41,None,5551,1.7
Toyota,Model_2812,Large,27.1,36.0,29.4,16,42,None,4863,1.2
Toyota,Model_2813,Midsize,27.1,21.1,25.5,27,40,Driver only,4491,3.1
Toyota,Model_2814,Sport,38.2,40.3,13.6,19,47,Driver & Passenger,4310,2.3
Chevrolet,Model_2815,Large,36.0,46.5,33.8,34,21,Driver & Passenger,5934,1.2
Subaru,Model_2816,Large,41.9,46.3,13.4,28,44,Driver & Passenger,6193,4.6
BMW,Model_2817,Large,38.9,26.6,12.0,15,21,Driver & Passenger,4729,1.1
Kia,Model_2818,Large,17.8,35.5,54.0,20,38,Driver only,5994,1.1
Volkswagen,Model_2819,Midsize,20.6,45.7,28.7,36,28,Driver & Passenger,4989,2.2
Chevrolet,Model_2820,Sport,26.8,12.7,42.1,25,21,Driver & Passenger,4923,3.0
Mazda,Model_2821,Sport,9.0,37.3,27.8,31,33,Driver & Passenger,5975,2.8
Lexus,Model_2822,Small,41.5,47.6,61.3,37,34,None,6198,2.4
Lexus,Model_2823,Large,10.1,26.8,50.6,36,43,None,4462,4.5
Kia,Model_2824,Large,20.3,30.5,31.6,28,31,Driver & Passenger,5903,2.2
Ford,Model_2825,Small,29.3,41.4,23.2,28,38,Driver & Passenger,4010,3.6
Lexus,Model_2826,Sport,27.4,13.1,19.3,34,34,Driver & Passenger,6474,2.6
Hyundai,Model_2827,Compact,32.4,27.4,52.4,21,25,None,6348,2.6
Chevrolet,Model_2828,Van,27.8,23.3,36.0,33,44,Driver only,4038,4.7
Nissan,Model_2829,Compact,16.9,10.8,24.3,36,29,None,4590,3.8
Kia,Model_2830,Sport,15.8,18.8,60.7,20,29,Driver & Passenger,5488,3.2
Mazda,Model_2831,SUV,41.6,27.8,32.7,27,22,Driver & Passenger,4984,1.7
Ford,Model_2832,Large,18.1,18.9,40.8,24,28,None,5018,1.6
BMW,Model_2833,Compact,18.8,37.1,57.5,36,42,Driver only,4940,1.8
Subaru,Model_2834,Midsize,23.6,30.2,56.2,33,24,Driver & Passenger,5888,3.5
Nissan,Model_2835,Midsize,13.6,11.8,45.8,24,43,Driver & Passenger,4875,1.2
Mercedes-Benz,Model_2836,Small,27.0,22.4,59.1,19,41,Driver & Passenger,4704,2.9
Kia,Model_2837,Sport,32.8,10.9,62.5,27,26,Driver & Passenger,4613,2.8
Hyundai,Model_2838,Sport,37.2,26.1,61.6,31,38,Driver & Passenger,4906,4.7
Subaru,Model_2839,Compact,34.5,21.7,30.5,36,29,Driver & Passenger,4596,2.5
Nissan,Model_2840,Large,13.9,41.0,33.1,37,30,Driver & Passenger,5688,4.6
Ford,Model_2841,Sport,25.1,23.8,24.7,19,25,Driver only,4347,3.5
Nissan,Model_2842,Compact,9.9,26.9,56.4,35,46,Driver & Passenger,6309,2.6
Hyundai,Model_2843,Compact,9.1,42.6,18.5,36,38,Driver & Passenger,4709,3.1
Subaru,Model_2844,Van,24.6,31.6,30.8,21,26,Driver & Passenger,5806,1.4
Honda,Model_2845,Van,17.7,35.0,12.5,34,35,Driver & Passenger,5653,4.6
Hyundai,Model_2846,Sport,33.4,47.9,43.5,21,45,Driver & Passenger,5468,3.5
Volkswagen,Model_2847,Compact,34.9,19.3,46.9,29,41,Driver & Passenger,4288,2.7
Audi,Model_2848,Small,41.2,54.5,25.2,29,45,Driver & Passenger,5404,4.1
BMW,Model_2849,Small,36.3,50.5,51.0,35,31,Driver only,6443,2.6
Lexus,Model_2850,Van,10.3,22.9,32.2,37,43,Driver & Passenger,6045,2.8
Ford,Model_2851,Sport,22.1,50.2,28.5,15,43,Driver & Passenger,4286,2.7
Subaru,Model_2852,Large,18.5,43.9,62.7,26,41,Driver & Passenger,4031,5.0
Volkswagen,Model_2853,SUV,22.6,51.9,43.2,16,37,Driver only,5558,4.1
Volkswagen,Model_2854,Small,14.3,41.1,25.4,32,33,Driver & Passenger,5637,4.7
Mercedes-Benz,Model_2855,Small,12.1,40.4,64.1,29,45,Driver & Passenger,4551,2.5
Nissan,Model_2856,Van,27.5,10.2,32.5,21,35,Driver & Passenger,5419,3.0
Audi,Model_2857,Van,34.8,31.4,46.3,23,45,Driver & Passenger,4297,1.8
Volkswagen,Model_2858,Sport,34.1,19.0,50.4,37,25,None,5939,1.0
Audi,Model_2859,Van,25.0,24.6,34.4,36,20,Driver & Passenger,5293,1.8
Hyundai,Model_2860,Midsize,27.6,54.0,40.4,17,32,Driver & Passenger,4842,4.7
Nissan,Model_2861,SUV,27.3,13.8,24.7,35,25,Driver & Passenger,5502,2.8
Subaru,Model_2862,Compact,33.7,42.5,36.7,24,25,Driver & Passenger,5650,1.5
Hyundai,Model_2863,Small,10.2,17.8,28.5,16,25,Driver & Passenger,5248,2.8
Hyundai,Model_2864,Midsize,34.4,10.3,41.0,36,31,None,5625,4.2
Honda,Model_2865,Large,29.8,32.6,47.5,26,28,None,6462,3.0
Volkswagen,Model_2866,Midsize,15.7,17.3,44.5,21,39,Driver & Passenger,5058,4.7
Chevrolet,Model_2867,Sport,10.3,53.4,53.2,19,46,Driver only,6074,4.6
Hyundai,Model_2868,Large,12.5,19.2,14.2,18,26,Driver & Passenger,4644,2.9
Honda,Model_2869,Large,27.7,18.6,16.2,15,46,Driver & Passenger,4946,1.3
Nissan,Model_2870,Van,36.2,11.4,22.9,29,22,None,4742,3.8
Mercedes-Benz,Model_2871,Midsize,20.7,24.8,64.2,23,43,Driver only,5395,2.4
BMW,Model_2872,Sport,22.3,11.1,54.4,20,34,Driver & Passenger,4345,4.1
Chevrolet,Model_2873,Small,42.6,32.4,61.0,28,21,Driver & Passenger,5367,2.2
Ford,Model_2874,SUV,16.3,32.8,26.4,16,37,Driver & Passenger,6243,2.3
Lexus,Model_2875,Van,12.3,12.4,42.4,26,40,None,6257,3.2
Mercedes-Benz,Model_2876,Midsize,21.0,20.8,41.4,37,20,Driver & Passenger,5654,1.1
Honda,Model_2877,Small,35.7,47.4,42.2,20,20,Driver only,5321,1.7
Nissan,Model_2878,Midsize,31.4,30.8,50.0,27,30,None,6451,4.4
Honda,Model_2879,Van,23.7,29.6,32.9,18,22,Driver only,4189,4.8
Lexus,Model_2880,Small,43.7,41.4,47.9,36,41,Driver & Passenger,5395,1.8
Volkswagen,Model_2881,Van,35.3,42.2,53.8,30,29,Driver & Passenger,4106,4.1
Mercedes-Benz,Model_2882,Midsize,10.8,44.3,27.3,25,31,Driver & Passenger,4667,1.4
Hyundai,Model_2883,Large,35.7,47.4,62.1,20,25,Driver only,6491,2.9
Subaru,Model_2884,SUV,9.4,20.5,39.5,19,43,Driver & Passenger,5320,3.0
Chevrolet,Model_2885,Compact,32.2,13.0,50.8,15,26,Driver & Passenger,5408,3.3
Mazda,Model_2886,SUV,16.2,27.1,50.6,33,36,None,5333,2.4
Kia,Model_2887,Large,33.9,48.5,42.0,21,36,Driver & Passenger,5217,4.4
Honda,Model_2888,Van,19.8,13.5,29.1,32,23,Driver only,5773,2.2
Lexus,Model_2889,SUV,40.4,35.9,47.3,24,20,None,4808,2.9
Ford,Model_2890,Van,20.8,41.5,16.6,24,20,Driver & Passenger,4062,1.8
Ford,Model_2891,Van,31.1,31.7,64.0,31,45,Driver & Passenger,6317,3.3
Toyota,Model_2892,Small,18.9,21.5,21.8,21,36,Driver only,5195,1.8
Mercedes-Benz,Model_2893,Sport,42.0,24.7,26.6,36,30,Driver & Passenger,5706,2.0
Honda,Model_2894,Van,37.0,13.2,62.6,35,22,Driver & Passenger,5152,2.7
Kia,Model_2895,SUV,17.4,23.2,21.9,36,29,Driver only,4885,2.1
Hyundai,Model_2896,SUV,43.1,12.0,21.0,15,21,Driver & Passenger,6400,1.2
Lexus,Model_2897,SUV,21.5,42.7,54.6,26,35,Driver only,4639,4.2
Volkswagen,Model_2898,Large,32.3,50.4,25.3,31,35,Driver & Passenger,6195,4.3
Audi,Model_2899,Compact,35.6,38.5,17.0,30,46,Driver & Passenger,4760,4.6
Hyundai,Model_2900,Van,9.3,39.6,24.0,34,45,Driver & Passenger,5243,4.9
Subaru,Model_2901,Van,43.5,31.2,59.1,29,27,Driver & Passenger,6452,1.5
Kia,Model_2902,Van,21.1,17.0,26.9,33,26,Driver & Passenger,6451,2.1
Audi,Model_2903,Small,15.4,10.3,48.8,34,29,None,4116,3.5
Mercedes-Benz,Model_2904,Van,39.6,25.5,32.9,31,43,None,5614,4.5
Hyundai,Model_2905,Large,34.2,43.8,25.9,18,23,Driver & Passenger,6221,1.6
Audi,Model_2906,Midsize,11.7,53.2,19.6,18,28,Driver & Passenger,5120,2.9
Hyundai,Model_2907,Sport,12.8,29.4,63.5,17,24,Driver & Passenger,4547,4.9
Mazda,Model_2908,SUV,34.6,26.4,39.6,22,26,None,5636,2.3
Toyota,Model_2909,Van,11.2,30.1,18.1,37,23,Driver & Passenger,4872,3.0
Kia,Model_2910,Small,42.0,29.2,22.5,23,20,Driver only,5445,3.8
Mercedes-Benz,Model_2911,Large,35.6,38.2,33.6,16,46,Driver & Passenger,5348,2.7
Kia,Model_2912,Van,20.7,43.0,40.8,33,31,Driver & Passenger,4880,3.9
Mazda,Model_2913,Small,21.7,45.3,21.6,36,35,Driver & Passenger,5492,1.6
Honda,Model_2914,Midsize,27.0,39.2,26.7,32,35,Driver & Passenger,4325,1.9
Honda,Model_2915,Compact,21.7,29.7,53.5,30,27,None,6056,2.5
Honda,Model_2916,Van,37.1,52.8,34.1,32,44,Driver & Passenger,5114,4.9
BMW,Model_2917,Large,44.1,42.0,12.1,32,32,Driver & Passenger,4704,2.4
Audi,Model_2918,Small,29.8,29.2,14.9,26,28,None,6333,4.7
BMW,Model_2919,Small,24.8,30.1,35.3,16,29,Driver & Passenger,5166,4.5
Toyota,Model_2920,Van,16.6,46.8,15.2,35,27,Driver & Passenger,6463,4.0
Subaru,Model_2921,Small,32.4,29.8,21.2,15,20,Driver only,4723,2.5
Mazda,Model_2922,Compact,33.5,33.2,50.6,37,22,Driver only,5923,2.3
Mercedes-Benz,Model_2923,Small,33.5,23.1,37.5,30,24,Driver & Passenger,4950,3.6
Kia,Model_2924,SUV,9.5,47.8,37.6,31,26,Driver & Passenger,5825,1.9
Hyundai,Model_2925,Sport,41.3,33.5,43.7,15,47,Driver & Passenger,5655,2.4
Volkswagen,Model_2926,SUV,20.8,34.9,53.8,35,35,Driver & Passenger,5084,4.3
Mercedes-Benz,Model_2927,Sport,35.7,49.6,20.4,37,27,Driver & Passenger,6341,1.8
Audi,Model_2928,Small,36.2,51.4,21.2,17,20,Driver & Passenger,6387,4.3
BMW,Model_2929,Van,32.2,47.1,18.4,37,40,None,4878,3.2
BMW,Model_2930,Sport,22.9,12.9,61.7,34,22,Driver & Passenger,4185,3.0
Nissan,Model_2931,Large,30.7,30.0,42.6,30,42,Driver only,5254,3.5
BMW,Model_2932,Sport,10.0,25.4,16.9,35,25,Driver only,5162,3.5
Subaru,Model_2933,SUV,36.3,19.6,23.7,28,31,Driver & Passenger,4881,3.2
Hyundai,Model_2934,Small,12.1,50.9,50.5,30,34,None,4775,3.8
Kia,Model_2935,Van,23.0,50.1,13.5,23,36,Driver & Passenger,4801,2.4
Hyundai,Model_2936,Midsize,12.3,30.9,50.5,35,46,Driver & Passenger,4661,4.2
Hyundai,Model_2937,Van,39.1,16.1,60.3,35,37,Driver only,4189,1.9
Kia,Model_2938,Van,28.6,10.6,15.0,16,40,Driver only,5607,3.9
Mazda,Model_2939,Van,33.7,29.7,21.9,27,40,None,4352,2.5
Kia,Model_2940,Large,33.4,11.8,12.1,36,36,Driver & Passenger,6086,3.8
Hyundai,Model_2941,Compact,39.2,37.4,17.8,19,46,Driver only,5096,1.1
Mercedes-Benz,Model_2942,SUV,13.3,37.4,44.7,35,31,Driver only,4021,2.6
Kia,Model_2943,Small,32.6,50.5,14.4,34,35,Driver & Passenger,4712,4.9
Mazda,Model_2944,Compact,29.5,18.6,34.6,31,31,Driver & Passenger,4030,3.3
Mazda,Model_2945,Midsize,9.6,26.7,38.7,20,23,Driver & Passenger,5799,3.0
Toyota,Model_2946,Compact,15.9,48.7,60.1,31,47,None,5460,2.0
Kia,Model_2947,Small,18.3,31.3,37.1,16,44,Driver only,5384,3.0
Volkswagen,Model_2948,SUV,11.1,12.7,19.6,21,28,Driver & Passenger,6018,4.3
Nissan,Model_2949,SUV,21.4,15.0,27.3,31,34,None,4053,2.4
Honda,Model_2950,Small,9.5,46.6,47.6,22,24,None,4370,3.3
Ford,Model_2951,Midsize,28.7,43.5,17.9,37,42,Driver only,4096,3.7
Mazda,Model_2952,Small,16.2,49.4,24.3,37,30,Driver & Passenger,4884,2.6
Chevrolet,Model_2953,Midsize,19.0,15.3,64.8,15,37,Driver only,4529,2.1
Honda,Model_2954,Midsize,41.7,44.2,12.3,33,20,Driver & Passenger,5059,1.6
Subaru,Model_2955,Small,26.9,39.5,20.1,19,35,Driver & Passenger,6365,1.4
Audi,Model_2956,Sport,18.3,20.5,56.7,19,47,Driver & Passenger,5393,2.0
Kia,Model_2957,SUV,30.3,53.8,17.4,37,37,Driver only,6334,1.1
Hyundai,Model_2958,Midsize,15.9,35.7,13.8,36,32,Driver & Passenger,4649,4.0
Ford,Model_2959,Small,11.2,50.8,18.4,35,39,Driver & Passenger,4242,1.4
Chevrolet,Model_2960,Sport,9.3,48.7,48.8,15,35,Driver & Passenger,5314,4.6
Honda,Model_2961,SUV,43.2,25.0,64.6,24,41,Driver only,4412,3.0
Kia,Model_2962,Midsize,34.9,34.1,43.3,24,35,Driver & Passenger,6269,2.8
Toyota,Model_2963,SUV,37.7,29.4,18.6,36,22,Driver & Passenger,5054,1.3
Audi,Model_2964,Sport,44.3,41.9,21.7,17,37,None,5888,1.5
Ford,Model_2965,SUV,42.5,36.5,40.5,26,42,Driver & Passenger,4871,4.4
Nissan,Model_2966,Large,35.4,45.3,49.9,26,43,Driver & Passenger,5776,3.7
Hyundai,Model_2967,Van,33.8,10.5,47.1,21,44,Driver only,5505,1.4
Toyota,Model_2968,Large,20.8,41.0,42.5,30,30,None,4095,3.7
Chevrolet,Model_2969,Sport,12.3,24.4,64.3,34,47,Driver only,4224,1.5
Subaru,Model_2970,Midsize,29.4,20.1,22.5,17,45,Driver & Passenger,5572,3.9
Ford,Model_2971,Small,29.5,46.1,21.2,21,32,None,4734,4.8
Toyota,Model_2972,Compact,43.3,14.0,57.5,36,43,None,4222,4.0
Audi,Model_2973,Small,24.7,20.3,27.4,28,21,Driver only,4990,4.3
Nissan,Model_2974,SUV,33.7,19.2,29.6,18,22,Driver & Passenger,5701,3.5
Toyota,Model_2975,Compact,29.5,28.9,41.1,24,20,Driver & Passenger,6167,1.0
BMW,Model_2976,Compact,15.0,24.5,32.2,16,20,Driver & Passenger,4137,4.1
Nissan,Model_2977,SUV,30.1,42.4,27.2,36,34,Driver only,6375,2.6
Hyundai,Model_2978,SUV,28.2,41.5,60.6,30,41,Driver only,4594,4.5
Chevrolet,Model_2979,Midsize,26.5,24.6,18.9,17,22,Driver & Passenger,4539,3.3
Subaru,Model_2980,Sport,27.2,29.7,33.4,29,23,None,5414,1.8
Audi,Model_2981,Small,14.5,19.4,12.2,22,45,Driver only,4339,1.2
Volkswagen,Model_2982,Sport,25.4,40.2,54.8,30,31,Driver only,5537,3.2
Kia,Model_2983,Large,30.6,27.8,20.9,25,43,Driver only,6129,3.3
Hyundai,Model_2984,Midsize,26.4,16.0,53.0,25,40,Driver only,4865,4.4
Lexus,Model_2985,Midsize,26.3,15.7,19.9,25,31,Driver & Passenger,4397,1.2
Mercedes-Benz,Model_2986,Large,11.3,24.5,34.1,15,33,Driver only,4713,4.3
Mercedes-Benz,Model_2987,Small,15.5,43.6,50.6,16,30,Driver only,6405,2.6
Hyundai,Model_2988,Van,20.2,11.1,26.4,34,25,Driver only,4180,3.1
Lexus,Model_2989,Large,23.8,21.6,28.6,15,44,Driver & Passenger,5538,3.1
Hyundai,Model_2990,Small,30.2,17.3,47.4,33,33,Driver & Passenger,5014,2.5
Ford,Model_2991,Compact,40.0,53.0,21.9,34,46,Driver & Passenger,5159,1.7
Chevrolet,Model_2992,SUV,14.3,41.7,62.4,24,46,Driver only,5288,1.3
Audi,Model_2993,Midsize,9.1,20.5,22.0,33,21,Driver & Passenger,4202,1.8
Nissan,Model_2994,Small,24.9,19.3,51.7,35,22,None,4783,3.9
Ford,Model_2995,Sport,24.3,48.6,54.5,25,40,Driver & Passenger,5505,3.7
Chevrolet,Model_2996,SUV,28.6,18.6,31.8,26,37,Driver & Passenger,5879,3.7
Kia,Model_2997,Sport,38.9,54.9,20.3,24,27,None,6334,4.6
BMW,Model_2998,SUV,37.8,22.7,20.8,21,21,Driver & Passenger,6180,2.8
Mercedes-Benz,Model_2999,Midsize,12.2,13.8,64.2,22,39,Driver & Passenger,5120,4.0
Audi,Model_3000,Large,42.6,41.1,50.4,25,35,Driver only,5117,3.7
Hyundai,Model_3001,Van,12.5,37.4,35.9,32,33,None,4093,4.7
Toyota,Model_3002,Large,31.7,55.0,25.6,30,38,Driver only,5318,3.7
Volkswagen,Model_3003,Small,33.0,46.1,13.0,15,39,Driver & Passenger,5039,1.7
Audi,Model_3004,Large,33.3,29.3,47.5,20,23,Driver only,4473,4.0
Mazda,Model_3005,Midsize,18.2,40.4,62.7,31,25,Driver only,5483,2.4
Subaru,Model_3006,Small,20.6,46.8,17.7,36,45,Driver only,4210,2.0
Lexus,Model_3007,Compact,28.5,33.1,52.0,27,47,Driver & Passenger,6490,2.1
Chevrolet,Model_3008,Large,15.8,22.3,20.1,37,31,None,4098,4.3
Honda,Model_3009,Large,9.2,19.5,54.0,24,45,Driver & Passenger,4019,2.8
Kia,Model_3010,Van,29.0,23.3,31.6,24,29,Driver & Passenger,4020,2.9
BMW,Model_3011,Small,25.5,48.2,49.7,15,28,Driver & Passenger,5870,1.0
Kia,Model_3012,Sport,32.5,27.1,61.1,21,22,Driver & Passenger,4560,2.1
Audi,Model_3013,Large,13.9,22.9,44.9,34,20,Driver & Passenger,5046,4.5
Mercedes-Benz,Model_3014,Midsize,39.2,46.3,60.8,23,33,Driver & Passenger,4107,3.0
Lexus,Model_3015,Large,13.8,11.4,24.5,25,27,Driver & Passenger,4835,2.7
Honda,Model_3016,Van,41.0,36.7,63.8,34,42,None,5700,1.3
Mazda,Model_3017,Compact,24.9,49.3,58.3,16,37,Driver & Passenger,6071,2.2
Nissan,Model_3018,Van,28.6,28.5,17.7,15,40,Driver & Passenger,5771,1.5
Toyota,Model_3019,Large,41.2,22.1,33.9,37,31,Driver & Passenger,5642,1.7
Honda,Model_3020,Sport,19.4,32.1,61.1,26,31,Driver & Passenger,5564,2.4
Chevrolet,Model_3021,SUV,15.1,42.3,16.1,21,29,None,6162,1.3
Hyundai,Model_3022,Large,24.8,33.2,36.0,33,23,Driver & Passenger,6441,4.1
Mazda,Model_3023,Small,17.4,10.3,50.4,19,44,Driver & Passenger,4951,3.5
Toyota,Model_3024,Large,27.8,13.5,13.8,26,39,Driver only,5905,4.2
Volkswagen,Model_3025,Sport,18.5,42.5,51.9,28,24,Driver & Passenger,5608,2.4
BMW,Model_3026,Small,40.1,28.0,31.1,21,27,None,4777,1.9
Hyundai,Model_3027,Midsize,30.7,45.3,25.2,22,38,Driver & Passenger,5427,3.4
Audi,Model_3028,Small,8.5,39.2,42.5,28,41,Driver & Passenger,5626,1.1
Honda,Model_3029,Van,37.9,36.2,40.8,26,25,Driver & Passenger,5012,1.4
Mercedes-Benz,Model_3030,Compact,20.6,50.6,58.3,23,35,Driver & Passenger,4265,4.0
Toyota,Model_3031,Van,20.2,11.0,47.8,24,42,None,4082,4.5
Subaru,Model_3032,SUV,22.5,17.0,34.4,24,28,None,4936,1.8
Ford,Model_3033,Small,31.5,38.1,46.5,15,30,Driver & Passenger,5743,4.2
Subaru,Model_3034,Midsize,24.6,13.0,51.8,36,22,Driver only,5995,2.5
Nissan,Model_3035,Large,31.4,39.0,61.7,20,33,None,4245,2.7
Subaru,Model_3036,Small,13.9,54.3,49.3,28,24,Driver & Passenger,5284,4.5
Volkswagen,Model_3037,Van,43.9,49.5,40.8,37,40,Driver only,4810,3.5
Nissan,Model_3038,Small,35.1,36.6,31.8,23,40,Driver & Passenger,5010,4.2
Mazda,Model_3039,Small,17.6,50.2,59.2,37,25,Driver & Passenger,5730,4.1
BMW,Model_3040,Small,34.9,15.2,54.0,37,20,None,5175,3.3
Mazda,Model_3041,Midsize,29.5,30.5,16.1,26,32,Driver & Passenger,5397,4.0
Ford,Model_3042,Sport,12.5,29.3,49.1,33,28,None,4670,3.8
Chevrolet,Model_3043,Sport,15.0,25.1,40.6,34,47,Driver only,5850,2.9
BMW,Model_3044,Small,10.0,10.0,17.5,36,22,Driver & Passenger,5141,1.6
Subaru,Model_3045,Midsize,38.0,50.1,41.9,37,25,Driver only,4627,2.1
Mercedes-Benz,Model_3046,Midsize,28.6,45.0,22.2,26,39,Driver only,4706,2.5
Kia,Model_3047,SUV,20.1,39.4,49.5,27,42,Driver & Passenger,6176,3.3
Chevrolet,Model_3048,Small,13.1,15.8,26.8,17,27,None,4198,2.2
BMW,Model_3049,Van,26.2,27.0,20.0,25,23,Driver & Passenger,4766,1.8
BMW,Model_3050,Van,27.7,51.6,16.3,16,45,Driver only,5100,1.1
Ford,Model_3051,Compact,34.1,37.8,38.0,32,25,Driver & Passenger,5470,1.9
Audi,Model_3052,Small,43.9,37.2,22.6,32,31,Driver only,5694,3.2
Subaru,Model_3053,Compact,24.4,51.1,57.3,23,31,Driver only,5075,1.6
Ford,Model_3054,Van,23.3,35.2,12.2,15,45,Driver & Passenger,6225,1.1
BMW,Model_3055,Van,22.0,36.9,56.7,30,26,Driver & Passenger,5804,1.3
Toyota,Model_3056,Small,38.7,25.6,39.6,15,47,Driver & Passenger,5472,4.8
Chevrolet,Model_3057,Compact,14.2,26.7,60.9,35,45,Driver & Passenger,5259,1.1
Ford,Model_3058,Compact,21.0,40.9,22.8,34,35,None,5910,2.9
Audi,Model_3059,Small,35.0,24.4,17.4,19,26,Driver & Passenger,5189,3.8
Lexus,Model_3060,SUV,9.1,35.2,45.1,31,44,Driver & Passenger,5574,1.9
Honda,Model_3061,Compact,19.1,22.6,49.5,22,43,None,5888,4.9
Mazda,Model_3062,SUV,31.9,17.5,31.7,20,22,None,6046,1.1
BMW,Model_3063,Large,15.3,30.4,12.7,15,32,Driver only,4297,4.5
Subaru,Model_3064,Van,19.5,19.8,33.6,27,39,Driver & Passenger,4379,2.6
Kia,Model_3065,Sport,26.2,50.4,24.4,32,28,None,4166,2.5
Honda,Model_3066,SUV,23.9,23.7,30.4,18,30,Driver & Passenger,6409,2.9
Nissan,Model_3067,SUV,12.4,36.9,38.9,29,26,Driver & Passenger,4840,4.9
Mercedes-Benz,Model_3068,SUV,42.7,21.9,49.2,28,42,Driver & Passenger,4503,3.5
Mercedes-Benz,Model_3069,Midsize,10.1,21.6,63.1,30,34,Driver only,5640,4.5
Hyundai,Model_3070,Compact,35.9,25.8,19.6,19,20,Driver & Passenger,4456,1.1
Hyundai,Model_3071,Compact,11.1,51.2,48.0,15,21,None,4858,4.6
Hyundai,Model_3072,Midsize,25.6,27.6,24.4,37,20,Driver & Passenger,4924,1.9
Audi,Model_3073,Compact,14.9,47.0,23.7,18,34,Driver only,4707,2.3
Kia,Model_3074,Midsize,13.7,18.9,45.6,31,23,Driver only,5688,1.3
Lexus,Model_3075,SUV,13.1,12.2,53.1,20,23,Driver only,5807,4.7
Lexus,Model_3076,Small,25.0,45.2,63.8,18,33,Driver only,6232,3.1
Hyundai,Model_3077,Large,27.3,34.4,52.7,21,24,None,4417,1.4
Audi,Model_3078,SUV,13.4,32.7,20.3,15,40,Driver & Passenger,4714,2.6
Subaru,Model_3079,Large,44.2,22.2,23.9,24,47,Driver & Passenger,4794,2.5
Toyota,Model_3080,Van,17.9,13.3,52.4,27,20,Driver only,4940,1.2
Subaru,Model_3081,SUV,25.2,31.7,39.9,23,34,Driver & Passenger,4122,2.4
Mazda,Model_3082,Sport,16.4,49.0,27.7,28,26,Driver & Passenger,6034,2.2
Honda,Model_3083,Compact,26.5,15.4,37.0,15,35,Driver & Passenger,5450,4.7
Chevrolet,Model_3084,Sport,36.1,51.8,60.5,23,41,Driver & Passenger,4060,4.2
Lexus,Model_3085,Small,27.5,22.4,52.0,20,43,Driver & Passenger,5732,1.6
Mercedes-Benz,Model_3086,Large,18.9,33.9,35.9,24,33,Driver only,4091,4.7
Audi,Model_3087,SUV,17.6,13.0,64.0,25,34,Driver only,4897,4.0
Subaru,Model_3088,Small,36.2,29.1,54.1,21,34,Driver & Passenger,4233,3.0
Chevrolet,Model_3089,Small,12.8,15.7,12.3,34,39,Driver & Passenger,4969,2.7
Mazda,Model_3090,Compact,22.0,12.2,18.0,36,20,Driver & Passenger,5855,4.7
BMW,Model_3091,Small,14.0,53.5,41.4,26,47,Driver & Passenger,5017,2.2
Nissan,Model_3092,SUV,17.9,42.9,30.5,36,38,Driver & Passenger,4787,2.5
Honda,Model_3093,SUV,14.1,42.4,55.1,26,44,Driver & Passenger,5019,3.8
Mazda,Model_3094,Large,40.9,14.1,59.5,28,45,Driver & Passenger,5979,4.0
Mazda,Model_3095,SUV,35.2,51.8,24.8,24,26,Driver & Passenger,5653,2.3
Subaru,Model_3096,Sport,29.0,31.1,52.5,30,37,Driver only,5260,4.7
Toyota,Model_3097,Large,16.7,48.4,40.4,36,34,Driver & Passenger,5384,2.0
Hyundai,Model_3098,Compact,27.1,10.6,32.8,18,32,Driver only,6289,2.4
Lexus,Model_3099,Large,27.5,23.4,53.7,37,38,Driver & Passenger,4291,1.8
Nissan,Model_3100,Midsize,30.0,54.8,41.9,28,37,Driver & Passenger,6484,3.1
Honda,Model_3101,Sport,10.7,29.3,45.7,16,23,None,4759,5.0
BMW,Model_3102,Midsize,44.0,50.0,15.3,16,37,Driver & Passenger,4049,3.9
BMW,Model_3103,Midsize,25.5,24.8,43.1,25,23,None,6236,2.9
Ford,Model_3104,Van,42.3,33.6,27.9,25,46,Driver & Passenger,6006,4.9
Mazda,Model_3105,SUV,8.9,48.4,38.1,20,35,Driver & Passenger,6266,1.2
Audi,Model_3106,Compact,17.5,37.3,23.8,17,33,Driver & Passenger,5279,2.1
Toyota,Model_3107,Small,12.3,42.6,44.6,37,33,Driver & Passenger,6405,4.4
Nissan,Model_3108,Midsize,36.6,20.3,19.8,23,26,None,6237,3.1
Subaru,Model_3109,Large,20.2,17.0,18.5,17,32,None,5871,1.0
BMW,Model_3110,Small,39.2,20.4,22.0,15,43,None,5483,2.8
Honda,Model_3111,Large,38.9,32.2,55.3,16,33,Driver & Passenger,5032,1.1
Ford,Model_3112,Large,32.9,46.0,13.8,29,29,None,4774,3.3
Mercedes-Benz,Model_3113,Small,32.8,25.9,50.7,25,32,Driver & Passenger,5703,3.5
Lexus,Model_3114,Small,34.1,35.4,15.0,22,25,Driver & Passenger,5011,1.8
Honda,Model_3115,SUV,33.1,46.2,43.4,30,30,Driver & Passenger,5508,4.9
Toyota,Model_3116,Large,22.6,20.7,53.0,37,44,Driver only,5212,4.3
Audi,Model_3117,Compact,33.4,49.7,24.2,31,25,Driver & Passenger,4296,2.9
Ford,Model_3118,SUV,41.3,52.9,22.4,17,46,Driver & Passenger,6375,2.2
Mercedes-Benz,Model_3119,Sport,20.6,11.8,27.3,22,30,Driver & Passenger,4979,1.0
Ford,Model_3120,Van,43.0,12.7,49.1,21,38,Driver & Passenger,5775,3.8
Hyundai,Model_3121,Sport,9.0,14.1,25.5,35,36,Driver & Passenger,4010,2.1
Nissan,Model_3122,Compact,21.2,45.0,38.6,17,44,Driver only,4811,2.6
Ford,Model_3123,SUV,13.3,18.5,19.1,21,22,None,5348,2.7
Volkswagen,Model_3124,Van,13.1,42.7,36.4,19,20,Driver & Passenger,5146,4.4
Hyundai,Model_3125,SUV,38.3,29.9,45.1,15,35,None,4443,4.4
Hyundai,Model_3126,Small,42.0,47.6,15.8,19,31,None,4899,4.1
Toyota,Model_3127,Van,36.9,46.4,55.2,17,46,None,5262,4.1
Volkswagen,Model_3128,Large,44.1,53.2,61.7,32,33,None,6202,3.0
Chevrolet,Model_3129,Sport,16.4,21.3,22.3,33,37,Driver & Passenger,5030,4.2
Honda,Model_3130,Van,13.6,20.3,52.2,24,47,None,4437,4.4
Lexus,Model_3131,Large,27.5,11.4,28.6,18,22,Driver & Passenger,5480,3.0
Audi,Model_3132,SUV,38.8,28.5,47.9,27,43,Driver & Passenger,5761,4.6
Kia,Model_3133,Compact,10.0,30.7,28.3,15,27,Driver & Passenger,4862,5.0
Honda,Model_3134,Van,44.8,53.4,57.7,18,37,Driver only,4614,1.7
Ford,Model_3135,Large,30.5,47.4,30.4,23,35,Driver & Passenger,5878,4.9
Audi,Model_3136,SUV,44.2,17.5,57.0,31,34,Driver & Passenger,4102,2.0
BMW,Model_3137,SUV,21.8,45.9,52.6,25,41,Driver & Passenger,4659,4.7
Chevrolet,Model_3138,SUV,25.2,18.0,22.4,21,21,Driver & Passenger,5209,4.4
BMW,Model_3139,Compact,36.0,13.5,20.3,21,35,None,4687,4.7
Volkswagen,Model_3140,Small,37.4,47.7,53.3,27,42,Driver & Passenger,6465,2.8
Hyundai,Model_3141,Compact,17.0,53.9,32.7,33,29,Driver & Passenger,5951,1.6
BMW,Model_3142,Compact,42.4,14.0,62.3,31,46,Driver & Passenger,5376,1.9
Subaru,Model_3143,Sport,40.2,46.6,62.0,32,30,None,4295,2.2
Nissan,Model_3144,SUV,9.2,48.7,48.8,27,38,None,4521,2.0
Honda,Model_3145,Large,13.2,15.3,38.5,31,43,Driver only,5245,4.9
Kia,Model_3146,Van,26.6,22.7,22.3,32,38,Driver only,4685,1.6
Subaru,Model_3147,Sport,25.3,43.0,58.8,35,29,Driver & Passenger,5980,3.7
Hyundai,Model_3148,SUV,34.4,46.3,16.3,34,41,Driver & Passenger,5620,3.0
Toyota,Model_3149,Midsize,11.8,25.9,31.6,16,36,Driver & Passenger,5905,1.1
Kia,Model_3150,Compact,32.0,17.2,28.9,33,43,None,4504,1.8
BMW,Model_3151,Midsize,31.0,39.2,62.8,29,42,Driver & Passenger,6102,4.7
Ford,Model_3152,SUV,17.0,41.6,18.3,23,20,None,4647,4.3
Mercedes-Benz,Model_3153,Sport,28.3,32.7,59.2,28,26,Driver & Passenger,4627,3.3
Chevrolet,Model_3154,Large,16.6,16.5,36.2,33,35,None,4950,1.3
Lexus,Model_3155,Sport,13.9,48.0,14.5,22,30,None,5773,1.6
Mazda,Model_3156,Large,29.4,39.0,50.6,26,40,Driver & Passenger,4810,3.9
Kia,Model_3157,Large,44.2,49.1,17.3,31,37,Driver only,5866,4.0
Lexus,Model_3158,SUV,17.1,52.0,24.6,26,20,Driver only,4055,4.8
Lexus,Model_3159,Small,21.5,46.3,54.4,29,21,Driver only,4163,1.8
BMW,Model_3160,SUV,17.9,53.1,20.2,19,41,Driver only,6055,3.6
Chevrolet,Model_3161,Compact,18.2,52.9,29.2,16,21,None,4146,2.7
Audi,Model_3162,Sport,23.3,37.9,31.1,34,25,Driver & Passenger,5429,1.5
Honda,Model_3163,Large,34.1,42.8,43.2,32,47,Driver & Passenger,6113,2.3
Lexus,Model_3164,SUV,9.9,41.5,53.9,17,43,Driver & Passenger,6186,2.5
Hyundai,Model_3165,SUV,43.4,38.0,24.2,19,27,Driver only,4194,2.8
Hyundai,Model_3166,Sport,10.2,10.9,22.9,16,41,Driver & Passenger,6336,2.2
Nissan,Model_3167,Sport,40.7,26.0,23.8,23,40,Driver & Passenger,4457,3.2
Chevrolet,Model_3168,Large,41.1,14.5,32.2,19,39,Driver only,4428,3.4
Ford,Model_3169,Van,27.6,23.5,40.4,31,33,Driver & Passenger,4194,2.7
Volkswagen,Model_3170,Midsize,13.5,13.1,12.7,35,41,Driver & Passenger,5658,2.5
Ford,Model_3171,Compact,29.1,51.4,53.4,34,40,Driver & Passenger,4294,3.6
Chevrolet,Model_3172,Compact,31.4,30.3,61.1,29,45,Driver & Passenger,6097,1.2
Ford,Model_3173,Van,39.8,18.5,56.7,27,39,Driver & Passenger,4819,4.5
Lexus,Model_3174,Small,28.6,36.3,14.0,23,41,Driver only,6425,4.9
Honda,Model_3175,Van,23.5,18.8,39.8,16,44,Driver & Passenger,5627,1.2
Ford,Model_3176,Small,39.1,46.2,55.1,37,44,Driver & Passenger,4157,3.8
Kia,Model_3177,Small,44.3,23.8,30.2,16,27,Driver only,4120,2.0
Hyundai,Model_3178,Van,32.0,24.2,59.5,25,45,Driver & Passenger,4100,2.7
Ford,Model_3179,Compact,40.4,49.1,59.0,17,36,None,5356,2.1
Hyundai,Model_3180,Midsize,30.4,35.2,19.5,17,44,Driver & Passenger,5318,1.9
Mercedes-Benz,Model_3181,Compact,33.7,49.9,38.2,24,24,None,5449,2.8
BMW,Model_3182,SUV,33.6,28.6,13.4,16,46,None,4870,2.5
Toyota,Model_3183,Compact,34.2,25.5,26.9,15,22,Driver & Passenger,6102,2.7
Honda,Model_3184,Compact,20.2,32.8,55.0,20,43,Driver & Passenger,4241,4.2
Hyundai,Model_3185,Van,29.5,12.8,63.7,20,43,Driver & Passenger,6193,4.9
Lexus,Model_3186,Van,30.2,16.9,60.4,25,44,Driver only,5697,1.6
Toyota,Model_3187,SUV,20.0,19.9,14.3,30,37,Driver only,4696,4.0
Lexus,Model_3188,SUV,21.3,46.8,61.1,15,29,Driver & Passenger,6415,3.2
BMW,Model_3189,Van,36.3,43.0,55.6,19,23,Driver & Passenger,5196,2.5
Lexus,Model_3190,Compact,29.8,18.7,58.0,24,29,Driver only,5616,3.6
Mercedes-Benz,Model_3191,Midsize,13.9,22.5,60.5,35,37,None,5957,4.5
Honda,Model_3192,Small,39.1,52.5,37.9,37,32,Driver & Passenger,5416,3.6
Chevrolet,Model_3193,Sport,40.7,13.9,23.2,20,41,Driver & Passenger,5432,3.8
Chevrolet,Model_3194,Small,25.5,34.6,13.1,25,36,Driver only,5949,1.6
Hyundai,Model_3195,SUV,16.1,33.5,13.2,30,33,Driver & Passenger,4260,3.9
BMW,Model_3196,SUV,43.1,42.7,46.1,34,45,Driver only,4667,4.9
Hyundai,Model_3197,Small,40.7,21.8,29.9,27,38,None,5897,4.8
Mercedes-Benz,Model_3198,Sport,17.4,52.1,38.3,26,37,None,5269,2.6
Nissan,Model_3199,Compact,12.0,28.5,19.0,32,42,Driver & Passenger,4887,4.5
Ford,Model_3200,Midsize,24.6,22.9,63.7,27,27,Driver & Passenger,5449,3.4
Mazda,Model_3201,Midsize,33.2,25.2,18.9,19,37,Driver & Passenger,4809,1.5
Nissan,Model_3202,Small,14.9,25.7,35.6,27,35,Driver & Passenger,4850,4.9
Ford,Model_3203,Sport,27.2,19.0,35.5,27,44,None,6495,3.5
Honda,Model_3204,SUV,24.0,51.8,12.5,33,30,None,4216,1.4
Hyundai,Model_3205,Large,41.0,17.9,47.4,33,36,Driver & Passenger,4529,3.3
Hyundai,Model_3206,Compact,24.2,49.7,40.5,27,37,Driver only,6164,3.9
Honda,Model_3207,Small,28.0,28.2,38.4,25,38,Driver & Passenger,6286,1.9
Mercedes-Benz,Model_3208,Midsize,43.4,22.1,55.4,30,37,Driver & Passenger,5299,3.7
Subaru,Model_3209,SUV,19.4,18.9,24.8,37,33,Driver & Passenger,4763,4.9
Subaru,Model_3210,Van,19.0,32.7,57.6,28,36,None,6422,1.9
Subaru,Model_3211,Van,37.7,40.1,57.8,24,27,Driver & Passenger,4289,3.0
Mercedes-Benz,Model_3212,Sport,18.6,50.4,55.8,16,34,Driver & Passenger,5148,2.3
Hyundai,Model_3213,Sport,38.9,39.4,30.1,22,36,None,4162,2.6
Lexus,Model_3214,Small,12.0,31.8,20.6,37,40,Driver & Passenger,4893,4.3
Honda,Model_3215,Large,12.6,11.5,37.2,22,30,Driver & Passenger,6244,4.3
Ford,Model_3216,Midsize,41.4,51.2,25.8,36,25,None,5563,1.0
Mercedes-Benz,Model_3217,Small,28.2,50.6,14.8,35,42,None,4011,1.5
Subaru,Model_3218,Large,34.7,27.0,26.8,34,38,None,4194,2.4
Hyundai,Model_3219,SUV,16.7,11.3,36.9,28,35,Driver & Passenger,5289,2.2
BMW,Model_3220,Sport,14.6,43.0,18.0,28,31,None,4867,1.4
Mercedes-Benz,Model_3221,Van,39.0,45.6,62.0,32,34,None,5798,3.8
Volkswagen,Model_3222,Compact,21.6,34.4,46.8,29,30,Driver only,5706,3.6
Lexus,Model_3223,SUV,25.1,28.1,19.2,36,26,None,6384,2.0
Ford,Model_3224,Van,9.5,48.3,55.0,30,43,Driver & Passenger,6323,2.4
Subaru,Model_3225,Midsize,22.6,18.7,61.2,28,29,Driver only,4814,3.0
Audi,Model_3226,Midsize,36.6,29.8,25.9,24,38,None,4752,1.2
Chevrolet,Model_3227,Van,38.5,11.1,19.6,36,24,Driver only,5517,1.6
Hyundai,Model_3228,SUV,34.0,17.4,29.1,35,36,Driver & Passenger,6360,3.6
Chevrolet,Model_3229,Van,33.8,52.3,56.1,16,44,Driver & Passenger,6412,2.9
Nissan,Model_3230,Large,27.0,36.0,21.3,19,43,Driver & Passenger,4946,3.4
Chevrolet,Model_3231,Small,28.1,46.3,53.3,17,38,Driver & Passenger,4971,4.9
Ford,Model_3232,Sport,35.6,31.9,50.0,37,23,Driver & Passenger,5415,4.0
Kia,Model_3233,Large,17.5,47.6,46.5,21,20,None,4871,4.9
Hyundai,Model_3234,Compact,17.0,34.3,35.0,26,33,Driver & Passenger,6002,3.4
Ford,Model_3235,Van,43.2,10.2,31.4,24,36,Driver only,6147,1.0
Lexus,Model_3236,Compact,9.5,50.5,16.5,25,33,None,4965,1.4
Volkswagen,Model_3237,Compact,13.6,16.7,30.9,31,25,Driver & Passenger,5782,3.8
Ford,Model_3238,Large,29.3,30.3,43.9,18,41,Driver & Passenger,6011,2.2
Mercedes-Benz,Model_3239,Sport,35.4,31.5,59.6,20,44,None,6091,2.7
Hyundai,Model_3240,SUV,28.1,12.1,56.2,21,47,Driver & Passenger,6112,3.7
Mazda,Model_3241,Midsize,21.5,12.4,13.7,19,24,Driver & Passenger,5170,2.3
Hyundai,Model_3242,Small,44.2,44.3,19.4,20,22,Driver & Passenger,4560,4.5
Hyundai,Model_3243,Midsize,34.2,23.5,57.0,31,41,Driver & Passenger,5090,2.5
Audi,Model_3244,Sport,38.8,28.4,61.8,28,43,Driver & Passenger,4995,1.2
Chevrolet,Model_3245,Midsize,10.0,35.4,15.0,25,47,Driver & Passenger,5370,4.9
Hyundai,Model_3246,Van,17.1,26.8,49.2,19,34,None,6093,3.0
Chevrolet,Model_3247,Van,22.2,44.9,31.4,16,26,Driver & Passenger,5093,2.4
Nissan,Model_3248,Large,15.2,49.8,31.3,28,30,Driver only,5477,4.6
Hyundai,Model_3249,Compact,11.2,12.7,46.1,30,29,Driver & Passenger,4208,4.4
Subaru,Model_3250,Sport,16.7,38.6,54.9,16,33,None,4989,1.2
Lexus,Model_3251,Sport,28.0,24.3,26.6,31,22,Driver & Passenger,4380,4.2
Lexus,Model_3252,Midsize,33.9,36.2,49.4,30,33,Driver & Passenger,4285,3.0
Chevrolet,Model_3253,Large,36.8,31.8,45.7,23,36,None,5658,3.7
Audi,Model_3254,Midsize,10.1,25.0,39.4,34,23,Driver & Passenger,4417,1.6
Subaru,Model_3255,Midsize,24.1,14.3,43.9,34,25,Driver & Passenger,5261,3.7
Toyota,Model_3256,Sport,13.0,35.2,13.0,23,39,Driver & Passenger,4345,1.9
Honda,Model_3257,Midsize,24.2,15.1,12.2,19,24,Driver only,4365,1.5
Honda,Model_3258,Compact,24.3,17.0,41.2,18,29,Driver only,4356,1.5
Audi,Model_3259,Midsize,26.7,54.2,39.8,21,26,Driver & Passenger,4060,2.2
Mazda,Model_3260,Compact,41.1,24.3,15.8,19,34,Driver & Passenger,6431,5.0
Toyota,Model_3261,Sport,37.9,36.3,38.1,17,40,None,5769,1.2
Nissan,Model_3262,Large,31.7,22.3,52.1,22,40,Driver & Passenger,4577,2.3
Audi,Model_3263,Van,40.8,48.9,40.7,30,37,Driver & Passenger,6060,3.1
Subaru,Model_3264,Compact,33.3,22.8,39.4,20,20,Driver & Passenger,4362,1.8
Honda,Model_3265,Large,38.4,26.5,50.0,23,23,Driver & Passenger,5288,4.8
Mercedes-Benz,Model_3266,Large,29.1,37.4,21.1,36,30,Driver & Passenger,5940,2.8
Honda,Model_3267,Compact,27.7,49.1,36.2,34,29,Driver & Passenger,5960,3.8
Honda,Model_3268,Sport,34.9,46.7,19.8,32,32,Driver & Passenger,4832,2.4
Subaru,Model_3269,Small,9.2,21.9,39.8,25,43,Driver only,4267,1.8
BMW,Model_3270,Large,33.7,47.3,43.4,33,38,Driver only,6282,2.2
Audi,Model_3271,Large,42.6,41.6,18.4,21,41,Driver only,4916,2.1
Ford,Model_3272,Sport,34.6,54.5,16.0,24,29,Driver & Passenger,5852,4.4
Hyundai,Model_3273,Sport,9.8,52.1,20.8,19,37,None,5647,1.1
Nissan,Model_3274,Midsize,22.3,34.0,43.1,21,28,Driver & Passenger,5830,4.6
Honda,Model_3275,Sport,38.0,43.7,22.0,37,28,Driver & Passenger,6262,2.6
Hyundai,Model_3276,Large,43.5,35.7,26.6,20,39,Driver & Passenger,4455,3.5
Lexus,Model_3277,Compact,22.0,36.8,49.2,32,47,Driver only,5301,4.2
Mercedes-Benz,Model_3278,Small,39.2,14.6,25.2,35,46,Driver & Passenger,6386,2.8
Chevrolet,Model_3279,SUV,40.0,10.1,33.1,29,31,Driver only,4718,1.4
Audi,Model_3280,Midsize,13.0,12.2,61.2,24,43,None,5188,3.2
Volkswagen,Model_3281,SUV,39.4,53.5,55.7,20,33,None,5064,1.5
Subaru,Model_3282,Compact,20.3,15.7,25.5,15,21,None,5236,4.3
BMW,Model_3283,Small,30.2,12.0,43.7,24,29,Driver & Passenger,6162,3.6
Lexus,Model_3284,Small,28.2,23.9,47.3,37,37,Driver only,5484,3.4
Audi,Model_3285,Small,32.7,36.5,59.7,29,25,None,5368,1.0
Nissan,Model_3286,Van,35.5,52.7,41.0,28,21,Driver & Passenger,6080,4.8
Mercedes-Benz,Model_3287,Compact,24.6,41.5,41.7,30,36,Driver & Passenger,4514,1.5
BMW,Model_3288,Midsize,40.9,22.4,59.1,19,45,None,4931,1.7
Nissan,Model_3289,Midsize,38.0,52.3,14.9,28,37,None,5012,4.9
Lexus,Model_3290,Small,37.2,11.6,45.3,30,37,Driver & Passenger,4679,1.4
Audi,Model_3291,Compact,25.2,54.1,34.1,28,40,None,4499,4.0
Ford,Model_3292,Van,9.9,12.6,60.2,21,33,Driver & Passenger,5521,1.4
Lexus,Model_3293,Small,26.5,43.9,62.9,33,41,None,5302,3.9
Volkswagen,Model_3294,Sport,41.3,12.0,21.0,18,30,Driver only,4301,4.6
Nissan,Model_3295,SUV,15.5,51.9,26.9,32,38,Driver & Passenger,4823,2.4
BMW,Model_3296,Midsize,44.4,14.9,26.5,36,35,Driver & Passenger,5300,2.2
BMW,Model_3297,SUV,38.0,12.3,17.3,35,27,Driver & Passenger,5103,4.7
Hyundai,Model_3298,Large,34.4,50.0,37.6,29,37,Driver only,5474,1.3
Nissan,Model_3299,Small,33.2,14.3,39.2,31,45,Driver only,4793,2.4
Kia,Model_3300,Sport,29.9,45.9,42.4,15,22,None,6302,3.6
Audi,Model_3301,Midsize,34.8,43.6,47.1,29,23,Driver & Passenger,5688,3.7
Kia,Model_3302,SUV,23.9,36.9,15.3,30,40,Driver & Passenger,5870,2.8
Mazda,Model_3303,Van,39.4,27.0,45.0,36,24,Driver & Passenger,6154,4.4
Audi,Model_3304,Compact,33.9,51.2,60.4,25,41,Driver only,4624,4.4
Nissan,Model_3305,Midsize,36.7,49.2,36.1,23,23,Driver & Passenger,5391,4.3
Toyota,Model_3306,SUV,37.4,29.2,17.7,31,45,Driver & Passenger,5727,1.7
Mercedes-Benz,Model_3307,Compact,11.9,20.4,16.6,29,46,Driver & Passenger,4561,3.6
Nissan,Model_3308,SUV,10.5,22.3,26.9,22,26,Driver only,4356,4.4
Kia,Model_3309,Compact,37.7,19.9,51.9,32,47,Driver & Passenger,6450,1.4
Ford,Model_3310,Van,18.0,34.4,25.8,22,43,Driver & Passenger,5639,2.0
Mercedes-Benz,Model_3311,Van,29.7,49.1,55.2,17,39,Driver only,5118,4.9
Nissan,Model_3312,Small,24.7,44.8,55.4,36,44,Driver & Passenger,5593,2.8
Nissan,Model_3313,Small,9.3,45.8,36.2,37,25,Driver only,4124,3.1
Ford,Model_3314,Midsize,10.0,30.2,27.9,33,47,Driver & Passenger,5086,2.4
Nissan,Model_3315,Van,38.7,24.5,43.7,28,43,Driver only,4768,2.6
Mercedes-Benz,Model_3316,Sport,30.7,44.1,55.0,16,44,Driver & Passenger,5395,4.6
Honda,Model_3317,SUV,27.6,45.7,15.4,15,36,Driver & Passenger,6251,1.8
Toyota,Model_3318,SUV,43.0,41.3,62.5,19,33,Driver & Passenger,6367,2.1
Chevrolet,Model_3319,SUV,14.8,11.4,46.2,31,24,Driver only,6186,3.0
Toyota,Model_3320,Midsize,17.9,36.5,33.1,15,34,Driver & Passenger,5198,2.2
Subaru,Model_3321,SUV,36.1,25.6,38.8,35,42,None,5515,4.6
Volkswagen,Model_3322,Large,36.8,18.8,32.4,30,29,Driver & Passenger,5205,3.5
Hyundai,Model_3323,Compact,23.3,41.2,33.9,17,21,Driver & Passenger,4496,3.0
Nissan,Model_3324,SUV,43.2,22.1,43.6,24,31,Driver only,5545,3.4
Honda,Model_3325,Compact,42.7,51.1,15.2,33,30,Driver & Passenger,5676,1.1
Audi,Model_3326,Small,9.0,23.4,21.3,25,26,Driver only,4668,4.0
Nissan,Model_3327,SUV,14.8,35.0,24.0,37,26,Driver only,5646,2.3
Kia,Model_3328,Sport,38.4,47.2,33.6,17,38,Driver & Passenger,5284,3.4
Lexus,Model_3329,Van,20.7,28.1,31.7,16,44,Driver & Passenger,5702,4.3
Honda,Model_3330,Van,12.0,47.3,50.3,17,26,None,5251,2.4
Ford,Model_3331,Small,37.2,42.6,25.7,29,33,Driver & Passenger,4435,1.1
Honda,Model_3332,Large,25.1,51.4,15.0,34,31,Driver & Passenger,5770,1.0
Subaru,Model_3333,Midsize,26.5,24.7,14.9,23,47,None,4614,4.4
Ford,Model_3334,Midsize,15.3,14.7,12.6,29,29,Driver & Passenger,5112,3.2
Mazda,Model_3335,Sport,32.6,29.4,14.0,16,46,Driver & Passenger,6342,3.6
Chevrolet,Model_3336,Small,28.6,45.4,57.5,20,24,Driver only,4855,3.4
Hyundai,Model_3337,Small,16.0,30.3,49.0,19,42,Driver & Passenger,4687,1.7
Mercedes-Benz,Model_3338,Large,20.9,21.8,64.8,20,26,Driver & Passenger,5493,1.2
Honda,Model_3339,SUV,30.3,11.2,13.1,19,25,None,4074,2.0
Mercedes-Benz,Model_3340,Midsize,42.3,24.1,57.0,36,39,None,4978,5.0
BMW,Model_3341,SUV,42.1,42.1,48.9,26,43,Driver & Passenger,4387,2.7
Kia,Model_3342,Small,19.0,16.6,45.9,18,47,Driver & Passenger,5752,4.7
Nissan,Model_3343,SUV,35.4,25.3,30.9,37,21,Driver only,5505,2.0
Kia,Model_3344,Van,36.8,10.9,32.0,28,32,Driver & Passenger,4539,3.9
Mercedes-Benz,Model_3345,Sport,38.0,42.5,56.8,28,35,Driver & Passenger,4975,1.1
Toyota,Model_3346,Midsize,29.3,49.6,49.8,25,27,Driver only,4001,1.1
Hyundai,Model_3347,Large,8.9,35.6,47.5,15,32,Driver & Passenger,4839,2.9
Toyota,Model_3348,Sport,36.3,11.2,13.6,35,33,Driver & Passenger,5194,3.6
Mazda,Model_3349,Compact,12.4,19.8,21.8,37,24,Driver & Passenger,6469,4.8
Hyundai,Model_3350,Van,12.8,29.7,63.0,19,42,Driver & Passenger,5556,1.1
Hyundai,Model_3351,Large,30.6,36.4,36.1,19,22,Driver & Passenger,6333,5.0
Toyota,Model_3352,Sport,44.4,32.3,53.4,26,33,Driver & Passenger,4810,2.9
Ford,Model_3353,Small,17.4,51.2,32.6,19,42,Driver & Passenger,4124,4.1
Subaru,Model_3354,Compact,32.1,52.2,52.5,35,44,Driver only,6362,3.6
Mercedes-Benz,Model_3355,Large,19.6,14.8,18.3,27,42,Driver & Passenger,4043,2.0
Toyota,Model_3356,Small,41.3,16.2,14.2,25,32,Driver only,6379,2.3
Kia,Model_3357,Van,30.2,26.1,36.7,35,36,Driver & Passenger,5771,3.4
Ford,Model_3358,Compact,16.1,29.0,43.4,15,28,Driver & Passenger,6212,1.4
Kia,Model_3359,Midsize,18.1,36.4,29.2,26,26,Driver only,4710,4.1
Subaru,Model_3360,Small,24.3,44.8,49.9,20,37,Driver & Passenger,5478,4.2
Mazda,Model_3361,Sport,13.0,16.1,38.3,25,40,Driver & Passenger,4665,4.3
Nissan,Model_3362,SUV,11.4,46.1,61.2,26,30,None,6231,4.4
Subaru,Model_3363,Large,33.3,37.5,16.5,20,35,Driver & Passenger,5406,3.8
Volkswagen,Model_3364,Compact,23.4,54.1,15.5,19,45,Driver only,5322,4.0
Audi,Model_3365,Small,35.0,39.3,60.0,32,37,Driver & Passenger,4402,3.4
Ford,Model_3366,Midsize,12.5,42.2,47.5,30,26,Driver only,4440,1.9
Mazda,Model_3367,SUV,30.8,18.8,47.6,27,44,None,4576,1.3
Volkswagen,Model_3368,Large,24.7,44.6,13.5,21,23,None,6426,1.7
BMW,Model_3369,Large,10.6,13.6,61.7,28,38,Driver & Passenger,4561,1.8
Mazda,Model_3370,Small,28.4,39.5,52.9,15,41,Driver only,6356,4.0
Toyota,Model_3371,Midsize,11.5,12.5,52.5,35,43,Driver & Passenger,4988,4.8
Hyundai,Model_3372,Van,38.7,15.2,60.3,35,43,Driver & Passenger,5493,4.3
Toyota,Model_3373,SUV,31.6,14.9,42.6,26,43,Driver & Passenger,6098,5.0
Subaru,Model_3374,Van,28.8,12.4,32.9,17,40,Driver & Passenger,4275,1.2
Audi,Model_3375,Compact,13.4,24.5,37.5,32,30,Driver & Passenger,4859,1.1
Mazda,Model_3376,Small,19.0,54.7,53.2,25,32,Driver & Passenger,5403,3.7
Mercedes-Benz,Model_3377,SUV,26.5,25.7,52.7,34,47,Driver only,6162,1.1
Chevrolet,Model_3378,Compact,31.6,44.2,44.3,21,25,Driver & Passenger,4135,4.6
Nissan,Model_3379,Van,15.2,16.0,23.6,24,47,Driver & Passenger,6068,2.9
Subaru,Model_3380,SUV,8.8,30.5,55.4,33,32,Driver & Passenger,4529,4.7
Toyota,Model_3381,Large,21.1,18.3,46.3,27,21,Driver & Passenger,4361,2.0
Audi,Model_3382,Compact,26.1,18.6,23.7,28,41,Driver & Passenger,4218,3.6
Nissan,Model_3383,Midsize,15.2,14.5,37.5,29,33,Driver & Passenger,6366,3.8
Mazda,Model_3384,Sport,26.5,29.4,64.9,20,32,None,5427,2.1
Mercedes-Benz,Model_3385,Van,20.9,13.4,29.4,21,24,Driver & Passenger,4120,2.5
Mazda,Model_3386,Van,25.1,50.9,18.2,27,22,Driver & Passenger,4061,3.2
Hyundai,Model_3387,Midsize,21.2,30.2,13.1,30,43,Driver only,6021,2.5
Audi,Model_3388,SUV,31.4,47.7,21.8,29,23,Driver & Passenger,5120,3.0
Volkswagen,Model_3389,SUV,10.1,54.1,21.9,32,33,Driver & Passenger,5005,2.8
Toyota,Model_3390,SUV,14.7,40.5,57.5,17,37,Driver & Passenger,5437,3.7
Mercedes-Benz,Model_3391,Compact,24.3,50.6,20.3,30,30,Driver & Passenger,4898,1.3
Chevrolet,Model_3392,Small,21.5,16.1,57.7,15,38,None,5269,4.8
Mazda,Model_3393,Large,22.8,47.3,16.6,15,21,Driver & Passenger,6057,1.4
Chevrolet,Model_3394,Sport,37.8,22.2,60.1,33,21,Driver & Passenger,4816,2.4
Mazda,Model_3395,Small,40.9,31.3,25.6,20,22,None,4576,1.0
Toyota,Model_3396,Small,17.6,39.1,44.4,25,42,Driver & Passenger,4348,4.3
Nissan,Model_3397,Midsize,39.0,50.7,20.5,21,45,Driver & Passenger,6466,1.5
Honda,Model_3398,Compact,25.2,51.0,32.7,17,35,Driver & Passenger,6212,2.1
Nissan,Model_3399,Van,18.5,14.1,16.5,20,20,Driver only,5202,2.8
Mazda,Model_3400,Van,44.5,26.4,42.7,15,29,Driver & Passenger,4053,4.4
Kia,Model_3401,Midsize,38.6,45.7,30.3,22,25,Driver & Passenger,4318,4.1
Hyundai,Model_3402,Compact,44.8,41.6,57.2,28,46,Driver & Passenger,5069,1.6
Lexus,Model_3403,Midsize,14.6,11.2,21.6,18,36,Driver & Passenger,4429,2.8
Honda,Model_3404,Van,13.8,30.2,26.8,18,38,Driver & Passenger,6424,2.3
Volkswagen,Model_3405,Small,26.9,47.3,21.4,37,31,Driver & Passenger,5151,4.8
Honda,Model_3406,Large,31.8,43.2,41.9,37,39,None,4956,4.4
Hyundai,Model_3407,SUV,14.7,28.5,17.9,30,35,Driver & Passenger,5749,1.6
Chevrolet,Model_3408,Compact,39.9,43.1,22.0,25,43,Driver & Passenger,5257,2.7
Audi,Model_3409,Sport,27.9,34.8,48.0,36,21,Driver only,6059,2.8
Chevrolet,Model_3410,Sport,23.5,51.1,15.9,21,34,Driver only,5511,4.8
Subaru,Model_3411,Small,30.5,36.4,51.4,15,42,Driver & Passenger,4989,4.2
Chevrolet,Model_3412,Midsize,31.7,28.0,17.5,23,38,Driver & Passenger,6261,4.2
Volkswagen,Model_3413,Midsize,10.1,48.8,43.0,20,20,Driver & Passenger,5044,2.5
Kia,Model_3414,Van,45.0,12.2,64.9,27,25,Driver & Passenger,4872,3.8
Nissan,Model_3415,Small,21.8,50.5,21.2,35,37,Driver & Passenger,4467,2.3
Nissan,Model_3416,Van,10.7,41.3,25.8,26,38,Driver & Passenger,4742,4.3
Lexus,Model_3417,Van,39.6,52.3,59.6,37,41,Driver only,4444,4.8
BMW,Model_3418,Sport,44.7,21.3,45.2,33,22,Driver & Passenger,4719,3.4
Mazda,Model_3419,Van,38.3,41.3,38.1,31,47,None,6258,3.1
Kia,Model_3420,SUV,39.6,46.4,41.8,37,24,Driver only,5272,4.5
BMW,Model_3421,Van,31.3,41.6,27.7,35,22,Driver & Passenger,4106,4.6
Hyundai,Model_3422,Sport,42.2,19.5,57.3,15,47,Driver only,4670,1.4
Subaru,Model_3423,SUV,9.8,22.4,51.5,23,26,Driver & Passenger,5700,3.8
Toyota,Model_3424,Midsize,36.5,35.5,46.1,36,26,Driver & Passenger,6335,3.5
Hyundai,Model_3425,Compact,33.0,30.1,61.4,37,47,Driver & Passenger,6015,1.8
Mazda,Model_3426,Large,10.3,43.1,42.6,22,20,Driver & Passenger,5771,1.5
Mazda,Model_3427,Van,28.4,27.0,39.1,16,41,Driver only,5052,2.1
Hyundai,Model_3428,SUV,27.3,48.7,63.7,32,32,Driver & Passenger,4132,1.7
Hyundai,Model_3429,Compact,33.7,29.4,22.9,18,32,Driver & Passenger,4157,2.0
Ford,Model_3430,Sport,11.3,11.8,19.5,15,34,Driver only,5642,4.7
Hyundai,Model_3431,Compact,37.9,10.8,20.6,35,38,Driver only,6381,4.7
Ford,Model_3432,Large,13.6,39.1,64.4,26,26,Driver & Passenger,5802,2.0
Chevrolet,Model_3433,Compact,23.8,34.3,46.6,30,36,Driver & Passenger,5283,1.8
Toyota,Model_3434,SUV,40.7,34.4,28.2,37,29,None,5581,2.8
Honda,Model_3435,Compact,29.0,45.6,25.2,32,38,None,5844,3.7
Lexus,Model_3436,Compact,22.4,26.9,15.0,19,47,Driver only,4135,1.6
Honda,Model_3437,Compact,10.3,54.8,19.0,30,45,Driver only,4215,4.3
Lexus,Model_3438,Small,33.0,52.5,60.1,23,37,Driver & Passenger,5669,1.3
Hyundai,Model_3439,Van,44.5,10.6,51.6,23,27,Driver only,5876,1.5
Hyundai,Model_3440,Sport,41.8,50.3,61.9,16,27,None,5766,3.5
Hyundai,Model_3441,Large,34.7,40.6,34.5,28,46,Driver & Passenger,5877,1.8
Kia,Model_3442,Sport,12.3,32.6,43.9,25,28,None,5041,1.9
Audi,Model_3443,Small,17.2,36.2,37.6,16,32,Driver & Passenger,5227,4.5
Lexus,Model_3444,Small,15.3,47.9,58.7,30,44,Driver only,6181,2.5
Hyundai,Model_3445,SUV,21.5,52.8,64.5,35,46,Driver & Passenger,6394,4.7
Ford,Model_3446,Small,17.1,35.2,61.4,33,32,Driver only,4107,1.4
Kia,Model_3447,Van,17.4,18.2,43.7,27,21,Driver only,6470,4.7
Nissan,Model_3448,Small,31.0,38.8,15.3,31,26,None,5902,4.7
Honda,Model_3449,Compact,20.1,13.4,44.7,15,26,Driver & Passenger,5536,3.2
Subaru,Model_3450,Sport,33.2,38.6,17.1,35,39,None,6062,4.0
Volkswagen,Model_3451,Midsize,43.1,46.4,19.4,33,41,Driver & Passenger,5528,2.7
Mazda,Model_3452,Large,31.8,25.9,22.1,30,20,Driver & Passenger,4852,4.1
Ford,Model_3453,Small,35.9,13.2,31.3,27,33,Driver & Passenger,4173,2.0
BMW,Model_3454,Sport,35.9,41.2,43.4,33,25,Driver only,4110,4.6
Mercedes-Benz,Model_3455,SUV,20.6,25.3,29.7,17,32,Driver & Passenger,4116,4.2
Nissan,Model_3456,Small,9.0,21.2,36.0,17,20,Driver only,5029,3.9
Hyundai,Model_3457,Van,10.5,41.0,14.5,15,40,Driver & Passenger,4275,4.2
Subaru,Model_3458,Small,18.8,53.6,44.8,17,39,Driver & Passenger,5831,2.4
Ford,Model_3459,Small,33.7,43.5,46.8,30,41,Driver & Passenger,5514,1.8
Volkswagen,Model_3460,Small,41.6,32.1,17.3,35,46,Driver & Passenger,4126,2.4
Kia,Model_3461,SUV,43.5,37.0,53.6,22,46,None,5148,1.2
Hyundai,Model_3462,Small,9.4,16.4,46.3,37,40,None,4836,2.1
Toyota,Model_3463,Large,44.6,46.6,38.0,30,40,Driver & Passenger,4257,3.4
Mazda,Model_3464,Sport,20.3,37.2,41.3,27,22,Driver only,6398,4.4
Ford,Model_3465,Van,39.3,53.5,38.7,27,45,Driver & Passenger,4811,4.7
Audi,Model_3466,Small,15.1,54.1,14.9,25,34,None,4308,3.9
Hyundai,Model_3467,Small,10.8,26.0,51.0,18,37,Driver & Passenger,4723,4.6
Hyundai,Model_3468,Small,22.3,54.5,39.1,18,42,Driver only,5541,2.2
Mazda,Model_3469,Small,39.9,53.1,21.2,29,29,Driver & Passenger,5426,3.7
Volkswagen,Model_3470,Compact,16.6,38.8,48.1,18,34,Driver & Passenger,6193,4.9
Lexus,Model_3471,Compact,14.1,25.0,48.8,22,47,Driver & Passenger,4198,3.4
Subaru,Model_3472,Midsize,41.7,43.9,23.3,16,27,Driver only,6228,2.7
Kia,Model_3473,Small,42.7,22.2,54.2,29,24,Driver & Passenger,4191,2.1
Hyundai,Model_3474,Midsize,9.0,38.3,36.2,37,28,Driver & Passenger,4130,2.3
Ford,Model_3475,Large,35.1,11.1,21.6,28,20,None,4766,1.8
BMW,Model_3476,Midsize,19.8,38.3,46.9,35,38,Driver & Passenger,5432,3.8
Honda,Model_3477,Sport,22.2,52.8,43.6,16,27,Driver & Passenger,4163,3.9
Lexus,Model_3478,Compact,25.6,20.6,21.0,17,24,None,6381,4.1
Honda,Model_3479,Compact,24.1,45.0,58.2,25,37,None,5174,2.9
Nissan,Model_3480,Small,27.3,23.2,57.3,21,45,Driver & Passenger,5713,1.6
Subaru,Model_3481,Small,29.8,41.9,56.3,30,28,Driver & Passenger,6161,2.7
Chevrolet,Model_3482,Large,25.5,41.5,33.2,36,20,Driver & Passenger,5551,4.0
Lexus,Model_3483,Van,34.1,18.3,55.7,36,38,Driver & Passenger,4971,4.4
Toyota,Model_3484,Large,34.7,36.9,56.8,21,33,Driver & Passenger,5991,1.3
Mazda,Model_3485,Sport,24.6,48.7,64.8,36,33,Driver & Passenger,5693,2.0
Nissan,Model_3486,Small,13.7,27.2,62.8,25,23,None,4827,4.8
Chevrolet,Model_3487,Small,31.9,42.0,32.3,16,26,Driver & Passenger,6408,2.7
Kia,Model_3488,Large,36.7,40.3,22.5,22,39,Driver only,6236,1.3
Lexus,Model_3489,Large,31.8,21.6,27.5,21,30,None,4229,1.8
Audi,Model_3490,Large,30.0,51.3,38.2,20,21,None,4773,4.3
Audi,Model_3491,Compact,16.9,35.4,54.7,30,37,None,6342,4.0
Toyota,Model_3492,Midsize,32.0,26.0,50.3,35,29,Driver & Passenger,4516,1.9
Subaru,Model_3493,Midsize,20.7,17.4,53.7,25,20,Driver & Passenger,4073,1.4
Hyundai,Model_3494,Small,42.1,31.3,32.1,36,42,Driver only,6383,1.3
Hyundai,Model_3495,Compact,32.4,42.9,25.1,17,33,Driver & Passenger,4014,3.0
Ford,Model_3496,Large,18.7,38.1,13.3,32,44,Driver & Passenger,5589,3.8
Nissan,Model_3497,Small,25.8,42.7,45.2,23,47,Driver & Passenger,5036,2.3
Mercedes-Benz,Model_3498,Compact,39.4,45.6,54.1,31,29,Driver & Passenger,5335,1.3
Lexus,Model_3499,Sport,20.7,29.8,59.1,16,37,None,5318,3.0
Nissan,Model_3500,Van,27.7,33.4,37.2,24,26,Driver & Passenger,5643,1.9
Lexus,Model_3501,Compact,33.3,54.4,61.2,24,43,Driver & Passenger,6472,1.7
Mazda,Model_3502,SUV,36.0,53.6,22.7,31,38,None,4394,4.1
Lexus,Model_3503,Small,14.8,28.7,39.3,22,23,None,5477,3.4
Mazda,Model_3504,Midsize,29.1,40.8,23.3,34,33,None,5611,2.3
Lexus,Model_3505,SUV,41.8,22.0,22.0,20,28,Driver only,5621,2.8
Audi,Model_3506,Large,43.8,16.9,62.5,25,23,Driver & Passenger,4789,1.9
Audi,Model_3507,Van,32.4,44.6,55.3,19,25,Driver & Passenger,4677,3.2
Subaru,Model_3508,Sport,44.4,29.6,12.6,24,43,Driver & Passenger,4523,4.0
Volkswagen,Model_3509,Van,29.3,18.0,26.2,37,45,None,5296,2.7
BMW,Model_3510,Van,24.7,44.1,22.9,15,21,Driver & Passenger,5255,2.5
BMW,Model_3511,Compact,28.6,51.2,19.8,22,20,None,5695,2.0
Volkswagen,Model_3512,Small,12.7,52.0,49.0,18,42,Driver & Passenger,4172,2.3
Hyundai,Model_3513,Small,23.2,36.8,42.0,21,36,Driver only,5956,2.4
BMW,Model_3514,Van,25.2,31.6,36.1,33,23,Driver & Passenger,4706,2.3
Subaru,Model_3515,Large,39.5,16.4,22.0,29,24,Driver only,5816,1.4
Mercedes-Benz,Model_3516,Small,36.2,45.7,26.7,16,37,Driver & Passenger,6152,1.6
Mercedes-Benz,Model_3517,Van,30.5,52.5,30.9,31,45,Driver & Passenger,5066,5.0
Ford,Model_3518,Small,21.2,50.0,53.6,35,32,Driver & Passenger,6322,2.5
Ford,Model_3519,Large,15.3,43.8,64.4,30,39,Driver only,5817,4.2
Mercedes-Benz,Model_3520,Sport,21.2,10.2,21.8,28,46,Driver only,4096,3.9
Nissan,Model_3521,SUV,33.3,28.3,30.1,17,46,Driver & Passenger,4014,3.3
Hyundai,Model_3522,Van,18.1,28.5,26.9,33,45,Driver only,4228,2.8
Honda,Model_3523,Midsize,24.1,50.2,14.3,22,30,Driver & Passenger,5668,3.7
Volkswagen,Model_3524,Midsize,22.6,13.0,23.6,31,42,Driver only,4431,3.3
Ford,Model_3525,Van,36.4,33.9,59.8,32,39,Driver & Passenger,4935,3.9
Hyundai,Model_3526,Compact,40.8,16.1,56.7,15,46,Driver & Passenger,6045,5.0
Hyundai,Model_3527,Sport,34.0,39.8,20.9,21,20,Driver & Passenger,5815,2.3
Chevrolet,Model_3528,Compact,21.0,45.7,31.4,18,31,Driver & Passenger,4837,2.3
Audi,Model_3529,SUV,24.3,38.9,28.5,17,32,Driver & Passenger,4907,3.8
Mazda,Model_3530,Midsize,13.7,45.8,19.8,33,45,None,4639,4.4
Subaru,Model_3531,Large,14.6,37.3,45.0,24,23,Driver & Passenger,5795,1.8
Mercedes-Benz,Model_3532,Van,14.5,18.5,41.5,17,46,Driver & Passenger,4623,4.4
BMW,Model_3533,SUV,13.3,27.2,34.6,16,31,Driver & Passenger,5006,4.6
Volkswagen,Model_3534,Small,15.1,53.1,57.3,19,25,None,5428,2.6
Nissan,Model_3535,Midsize,15.9,23.0,44.8,31,32,Driver only,5732,2.1
Mercedes-Benz,Model_3536,Sport,12.6,12.8,25.7,19,33,Driver & Passenger,5420,2.6
Toyota,Model_3537,Midsize,31.9,27.3,31.8,28,31,None,4257,1.7
Mazda,Model_3538,Sport,44.6,26.5,20.0,30,40,Driver & Passenger,4363,1.2
Chevrolet,Model_3539,Sport,40.6,31.2,43.3,37,39,Driver & Passenger,4329,4.2
Hyundai,Model_3540,Van,10.2,35.2,43.1,28,21,Driver & Passenger,5491,3.3
BMW,Model_3541,Sport,23.9,54.7,58.1,33,45,Driver only,4344,3.0
Chevrolet,Model_3542,Compact,39.9,44.0,57.4,27,46,Driver only,4675,1.9
Audi,Model_3543,SUV,13.4,11.6,56.4,26,41,None,6458,3.2
Mercedes-Benz,Model_3544,Large,39.4,42.1,41.1,30,31,None,4085,2.6
Lexus,Model_3545,Midsize,30.1,47.1,46.6,37,25,Driver & Passenger,6093,3.0
Audi,Model_3546,Large,42.5,50.3,53.1,31,41,Driver only,5536,1.4
Subaru,Model_3547,SUV,40.5,29.1,16.9,36,23,Driver & Passenger,6392,4.7
Hyundai,Model_3548,Small,33.2,24.1,27.9,34,43,Driver & Passenger,6486,4.1
Hyundai,Model_3549,SUV,32.5,47.8,21.0,20,20,Driver only,4247,4.0
Nissan,Model_3550,Midsize,16.3,45.0,39.1,28,45,Driver & Passenger,6100,3.3
Hyundai,Model_3551,Large,12.8,34.1,56.4,30,27,Driver & Passenger,5136,1.9
Mazda,Model_3552,Large,23.7,15.3,24.2,17,27,Driver & Passenger,4989,1.4
Kia,Model_3553,Van,15.3,39.3,50.7,35,40,None,5439,2.4
Kia,Model_3554,Van,12.2,13.0,33.5,33,44,Driver only,4238,2.7
Mazda,Model_3555,SUV,19.5,14.5,59.9,21,31,Driver & Passenger,4013,4.0
Toyota,Model_3556,SUV,39.9,24.9,45.2,19,44,Driver & Passenger,5321,1.6
Subaru,Model_3557,Small,9.1,26.7,63.8,34,45,Driver & Passenger,4764,4.3
Nissan,Model_3558,Sport,19.2,30.8,25.0,37,23,None,6023,2.8
Chevrolet,Model_3559,Midsize,24.0,25.3,61.0,37,35,Driver & Passenger,5311,4.2
Toyota,Model_3560,Van,27.1,11.5,30.9,24,33,Driver & Passenger,4010,3.0
Honda,Model_3561,Midsize,15.1,17.1,45.0,23,33,Driver only,4155,1.2
Mazda,Model_3562,Small,43.7,15.2,21.2,17,21,Driver & Passenger,4452,3.4
Chevrolet,Model_3563,Van,29.6,29.4,52.3,24,36,Driver & Passenger,5791,2.7
Kia,Model_3564,Van,27.6,19.5,63.8,30,43,Driver & Passenger,4738,2.8
Ford,Model_3565,Sport,8.8,23.2,53.7,37,27,Driver only,5304,4.1
Volkswagen,Model_3566,Midsize,26.2,31.2,44.6,23,46,Driver & Passenger,4051,1.9
Hyundai,Model_3567,Midsize,39.1,20.6,35.8,16,26,None,5202,1.1
Kia,Model_3568,Midsize,16.5,21.1,30.3,20,32,None,5670,2.1
Nissan,Model_3569,Sport,21.3,47.5,34.2,19,30,Driver only,5577,1.6
Lexus,Model_3570,Van,9.3,34.7,29.4,17,38,Driver & Passenger,4986,2.4
Audi,Model_3571,Small,44.2,48.6,56.1,21,38,Driver & Passenger,6260,1.8
Volkswagen,Model_3572,Midsize,10.9,33.2,59.3,29,29,None,6104,1.4
Volkswagen,Model_3573,Large,41.3,50.9,62.3,35,43,Driver only,4010,4.3
Ford,Model_3574,Sport,19.9,21.5,34.2,20,47,Driver & Passenger,5346,1.8
Hyundai,Model_3575,Compact,29.9,37.8,40.9,18,30,Driver & Passenger,6077,2.5
Mercedes-Benz,Model_3576,Small,33.3,32.6,42.6,37,35,Driver & Passenger,5499,1.0
Hyundai,Model_3577,Large,13.6,51.3,46.5,27,27,None,5384,4.1
Honda,Model_3578,Midsize,24.7,28.8,12.1,37,21,Driver & Passenger,4720,2.9
Honda,Model_3579,Compact,20.4,48.5,56.7,19,33,Driver only,6070,4.5
BMW,Model_3580,Small,10.6,35.4,26.2,29,36,Driver & Passenger,4737,1.2
Kia,Model_3581,Sport,38.9,41.9,37.0,21,36,Driver & Passenger,6388,1.7
Kia,Model_3582,Compact,10.1,49.9,56.6,21,30,Driver & Passenger,4817,2.0
Kia,Model_3583,Van,32.3,54.9,64.8,24,20,Driver only,4255,4.6
BMW,Model_3584,SUV,20.0,42.9,54.1,27,38,None,4526,2.4
Subaru,Model_3585,Compact,15.5,24.2,13.3,25,20,Driver & Passenger,5801,1.7
Toyota,Model_3586,SUV,32.8,23.5,31.5,15,43,Driver & Passenger,6259,4.2
Lexus,Model_3587,Large,29.5,23.9,25.1,34,43,Driver & Passenger,5826,2.2
Lexus,Model_3588,Small,20.0,14.4,63.1,25,44,Driver & Passenger,4381,2.4
Hyundai,Model_3589,Large,27.2,12.4,26.0,15,23,Driver & Passenger,6088,3.6
Ford,Model_3590,Large,17.5,36.1,62.0,17,43,Driver & Passenger,4302,2.5
Nissan,Model_3591,Midsize,40.0,46.5,61.7,22,26,None,4757,1.1
Hyundai,Model_3592,Sport,20.0,11.6,56.5,27,39,None,4340,5.0
Honda,Model_3593,Compact,17.4,35.5,17.2,21,20,Driver & Passenger,5949,2.0
Volkswagen,Model_3594,Small,35.9,26.7,12.1,17,47,Driver only,5788,2.0
Chevrolet,Model_3595,Van,9.1,50.2,54.1,34,30,Driver & Passenger,5010,1.5
Hyundai,Model_3596,Sport,18.3,16.5,56.7,16,32,Driver & Passenger,5561,1.6
Audi,Model_3597,Sport,22.2,35.4,63.0,32,22,Driver & Passenger,4291,3.0
BMW,Model_3598,Small,40.7,53.7,23.6,19,43,Driver & Passenger,4554,4.8
Mazda,Model_3599,Sport,43.2,25.5,50.9,32,27,Driver & Passenger,4917,3.8
Chevrolet,Model_3600,Midsize,34.7,43.4,39.5,30,31,Driver only,4204,3.6
Nissan,Model_3601,Sport,26.5,49.7,29.4,21,21,Driver & Passenger,4078,2.4
Kia,Model_3602,Midsize,31.9,18.4,44.1,15,42,None,4527,4.3
Honda,Model_3603,Compact,23.6,54.7,41.1,23,20,Driver only,4922,2.9
Hyundai,Model_3604,Compact,19.4,46.4,27.5,29,39,Driver & Passenger,6144,2.8
Mercedes-Benz,Model_3605,Large,43.2,16.2,26.2,15,33,Driver only,5959,5.0
Honda,Model_3606,Midsize,12.7,24.0,37.8,31,34,Driver & Passenger,4613,3.4
Honda,Model_3607,Van,21.1,38.1,37.1,23,42,Driver & Passenger,6033,4.5
Kia,Model_3608,Compact,41.3,49.8,28.0,37,23,Driver & Passenger,4247,3.1
Mazda,Model_3609,Sport,34.9,18.8,26.0,29,39,None,5843,1.6
BMW,Model_3610,Small,9.6,42.9,62.6,24,46,None,4178,4.9
Chevrolet,Model_3611,Small,9.3,22.2,57.7,34,26,Driver only,5215,3.6
Kia,Model_3612,SUV,27.4,46.2,55.3,17,20,Driver & Passenger,5659,1.6
Nissan,Model_3613,Midsize,26.2,40.8,23.4,19,24,Driver & Passenger,5034,4.0
BMW,Model_3614,Van,24.7,33.5,22.0,16,33,Driver only,5186,2.8
Nissan,Model_3615,Large,19.5,39.2,54.9,36,25,None,4416,4.3
BMW,Model_3616,Sport,44.5,49.4,21.8,20,42,Driver only,5015,2.1
Mazda,Model_3617,Midsize,18.4,27.4,38.7,30,26,Driver & Passenger,5408,4.8
Audi,Model_3618,SUV,26.4,44.6,23.7,26,31,Driver & Passenger,4032,2.2
Nissan,Model_3619,Small,23.3,17.2,32.0,31,26,Driver & Passenger,4076,5.0
Kia,Model_3620,Midsize,14.7,41.6,57.2,26,37,None,5472,3.8
BMW,Model_3621,Sport,15.9,43.8,59.2,31,41,Driver & Passenger,4873,4.9
Lexus,Model_3622,Van,42.0,29.9,64.8,36,35,Driver & Passenger,6268,3.9
Honda,Model_3623,Van,39.8,45.7,62.0,21,28,Driver & Passenger,5196,4.0
Subaru,Model_3624,Compact,15.8,35.1,47.6,30,26,Driver & Passenger,5895,1.5
Hyundai,Model_3625,Sport,40.5,52.1,34.9,32,42,Driver & Passenger,6133,1.1
Mercedes-Benz,Model_3626,SUV,16.1,15.1,15.1,22,33,Driver & Passenger,4299,1.3
Honda,Model_3627,Compact,31.4,15.9,44.2,32,21,Driver & Passenger,5831,2.7
Toyota,Model_3628,Compact,11.5,47.9,23.2,16,32,Driver & Passenger,5665,2.6
Audi,Model_3629,Compact,40.6,47.9,57.1,23,26,Driver & Passenger,4680,1.7
Audi,Model_3630,Midsize,10.4,31.2,41.1,37,44,Driver & Passenger,4435,1.2
Honda,Model_3631,SUV,28.8,53.4,50.9,30,38,Driver & Passenger,6097,3.8
Mercedes-Benz,Model_3632,Small,37.0,40.6,47.7,31,21,Driver & Passenger,4879,1.8
Lexus,Model_3633,Van,12.8,54.2,30.4,24,25,Driver only,5704,4.9
Chevrolet,Model_3634,Midsize,23.3,34.0,52.2,36,31,Driver & Passenger,4947,1.4
Mazda,Model_3635,Small,10.0,19.1,56.7,15,21,Driver & Passenger,6479,2.5
Nissan,Model_3636,Van,33.4,30.0,51.4,35,36,Driver & Passenger,4780,2.9
Kia,Model_3637,SUV,19.7,54.1,53.2,32,45,None,5185,1.9
Audi,Model_3638,SUV,28.9,26.7,31.1,29,31,Driver & Passenger,4822,3.0
Honda,Model_3639,Sport,42.5,53.1,62.0,23,39,Driver only,6397,1.5
Honda,Model_3640,Van,19.7,45.9,34.5,17,28,Driver & Passenger,5963,1.0
Mazda,Model_3641,Van,10.3,29.9,59.5,30,45,None,4001,3.8
Lexus,Model_3642,SUV,33.2,34.4,57.5,37,33,Driver & Passenger,4853,4.3
Mazda,Model_3643,Van,37.2,37.3,18.6,29,22,Driver & Passenger,4869,3.3
Ford,Model_3644,Large,43.5,40.0,63.2,16,22,Driver & Passenger,4780,1.9
Lexus,Model_3645,Sport,14.3,13.5,64.8,24,41,Driver & Passenger,6479,2.6
Ford,Model_3646,Midsize,22.8,52.0,44.1,18,35,Driver & Passenger,6419,3.5
Chevrolet,Model_3647,Midsize,39.3,36.9,53.5,33,25,Driver only,4856,1.1
Hyundai,Model_3648,Small,38.0,51.9,61.5,31,27,Driver & Passenger,5638,1.4
Subaru,Model_3649,Midsize,31.3,38.4,13.1,24,32,Driver & Passenger,5467,4.8
Subaru,Model_3650,Compact,18.3,29.4,61.3,36,45,Driver & Passenger,6084,3.7
Chevrolet,Model_3651,Van,18.9,35.5,45.3,35,41,Driver only,4273,3.8
Toyota,Model_3652,Midsize,13.0,47.3,55.9,20,27,Driver & Passenger,5868,1.4
Hyundai,Model_3653,Small,42.1,24.7,40.7,15,27,Driver only,5206,1.9
Lexus,Model_3654,Small,14.8,53.0,40.1,25,26,Driver & Passenger,4600,2.6
Chevrolet,Model_3655,Compact,29.4,31.0,59.6,30,24,Driver only,5231,1.8
BMW,Model_3656,Small,29.8,53.0,38.9,34,39,Driver only,5132,4.2
Mazda,Model_3657,SUV,22.0,49.6,37.0,21,20,None,4574,3.4
Mercedes-Benz,Model_3658,Large,21.4,44.5,44.2,17,32,Driver & Passenger,4685,1.8
Subaru,Model_3659,SUV,32.9,31.0,39.5,28,41,Driver & Passenger,5039,4.1
Lexus,Model_3660,Van,22.7,36.4,35.7,18,27,None,6261,3.2
Kia,Model_3661,Van,17.8,47.7,21.6,23,30,Driver & Passenger,4683,1.8
BMW,Model_3662,Van,23.1,34.5,33.1,29,39,Driver & Passenger,4651,4.4
Nissan,Model_3663,Sport,38.0,43.2,26.9,26,26,Driver & Passenger,5343,1.8
Hyundai,Model_3664,Midsize,43.8,45.6,33.2,30,38,Driver & Passenger,4867,3.8
Honda,Model_3665,Large,31.7,33.1,43.4,37,40,Driver & Passenger,4397,2.6
Chevrolet,Model_3666,Midsize,37.0,34.1,44.3,33,26,Driver & Passenger,5785,4.0
Mercedes-Benz,Model_3667,Large,27.9,18.9,24.6,28,35,None,6110,2.7
Honda,Model_3668,Midsize,31.3,21.0,16.5,18,31,Driver & Passenger,4075,2.1
Lexus,Model_3669,Compact,44.6,50.7,51.5,37,30,Driver & Passenger,5482,4.8
Audi,Model_3670,SUV,24.5,47.8,40.0,20,44,Driver & Passenger,4387,4.0
Toyota,Model_3671,Small,10.9,10.5,35.4,36,28,None,4344,4.3
Audi,Model_3672,Small,43.4,49.1,18.9,25,26,Driver & Passenger,5387,2.3
Toyota,Model_3673,SUV,37.4,11.1,34.0,18,39,Driver & Passenger,5299,2.4
Ford,Model_3674,Compact,23.0,30.6,55.4,22,41,Driver & Passenger,5479,1.7
Hyundai,Model_3675,Large,44.4,13.0,42.8,23,33,Driver & Passenger,6376,2.8
Honda,Model_3676,SUV,21.1,53.6,16.8,37,23,Driver only,5431,5.0
Toyota,Model_3677,Sport,22.1,53.8,29.6,16,22,Driver & Passenger,4324,3.4
Volkswagen,Model_3678,Large,30.8,37.5,63.9,34,28,Driver & Passenger,6479,3.9
Subaru,Model_3679,Small,18.5,27.6,40.9,17,24,Driver & Passenger,5729,3.9
Volkswagen,Model_3680,Sport,34.0,33.0,27.2,20,43,Driver & Passenger,5903,1.8
Hyundai,Model_3681,Midsize,14.1,44.3,60.4,16,22,None,5287,1.2
Volkswagen,Model_3682,Sport,12.4,20.0,29.8,37,44,Driver only,5495,1.5
Hyundai,Model_3683,Large,28.0,29.9,50.7,22,20,Driver only,5161,3.9
Subaru,Model_3684,Compact,28.8,43.2,19.8,34,37,Driver & Passenger,4876,2.8
BMW,Model_3685,Midsize,12.4,27.8,20.3,22,32,Driver only,4384,4.6
Mercedes-Benz,Model_3686,Large,43.7,11.4,41.7,17,23,Driver & Passenger,6210,2.5
Toyota,Model_3687,Midsize,29.4,32.8,24.7,31,37,Driver only,6408,1.4
Toyota,Model_3688,Sport,14.0,43.2,14.6,25,28,Driver only,5590,4.9
BMW,Model_3689,Small,19.9,54.0,61.1,17,26,Driver only,5603,2.6
Honda,Model_3690,Large,37.7,11.7,15.0,26,34,Driver only,5668,4.4
Honda,Model_3691,Compact,27.6,34.3,50.0,28,32,Driver & Passenger,4078,1.2
Hyundai,Model_3692,SUV,15.4,30.2,29.6,15,21,Driver & Passenger,4450,2.4
Volkswagen,Model_3693,Sport,12.3,20.9,61.5,26,30,Driver & Passenger,4786,3.4
Hyundai,Model_3694,Large,24.2,38.7,64.3,32,46,Driver only,4230,3.1
BMW,Model_3695,Compact,20.8,17.4,29.8,18,23,Driver only,4410,3.9
Hyundai,Model_3696,Large,32.4,22.8,43.3,37,41,None,4405,4.5
Lexus,Model_3697,Sport,42.3,45.2,53.0,17,37,Driver & Passenger,4816,4.0
Subaru,Model_3698,Large,17.5,30.7,18.5,31,44,None,5337,2.2
Volkswagen,Model_3699,Midsize,39.7,54.7,49.6,27,22,None,5230,4.9
Audi,Model_3700,Sport,42.1,27.4,60.0,31,21,Driver & Passenger,5806,4.7
Hyundai,Model_3701,Large,41.4,30.8,21.5,31,31,Driver & Passenger,5523,3.5
Kia,Model_3702,SUV,43.3,23.5,56.5,33,23,Driver & Passenger,4055,3.0
Nissan,Model_3703,Small,39.2,20.6,18.1,19,33,Driver & Passenger,6000,3.1
Hyundai,Model_3704,Large,30.2,51.5,42.1,22,35,None,5075,3.9
Honda,Model_3705,Midsize,23.5,43.7,30.0,16,40,Driver & Passenger,5012,2.9
Mercedes-Benz,Model_3706,Compact,26.4,25.0,37.0,23,23,Driver & Passenger,4997,4.9
Kia,Model_3707,SUV,40.4,41.5,27.9,21,31,Driver & Passenger,4283,3.8
Ford,Model_3708,Compact,19.5,53.5,25.8,30,38,Driver & Passenger,4993,2.0
Chevrolet,Model_3709,SUV,14.3,13.3,51.4,26,38,Driver & Passenger,5119,3.6
Mercedes-Benz,Model_3710,Compact,13.6,21.9,23.8,35,31,Driver & Passenger,5783,2.9
Volkswagen,Model_3711,Small,38.7,19.0,33.6,19,34,Driver only,5431,1.6
Toyota,Model_3712,Midsize,36.3,49.1,26.6,35,22,Driver & Passenger,4381,3.1
Lexus,Model_3713,Sport,26.7,18.1,24.6,36,38,Driver & Passenger,5700,4.4
Lexus,Model_3714,Compact,18.5,23.9,45.2,20,41,None,6006,1.1
BMW,Model_3715,SUV,33.2,34.5,14.4,36,34,Driver only,4305,4.4
Mercedes-Benz,Model_3716,Midsize,9.9,37.9,53.8,35,39,Driver & Passenger,4640,3.7
BMW,Model_3717,Large,29.2,46.4,41.0,31,42,Driver & Passenger,5771,3.9
Toyota,Model_3718,Small,23.0,28.3,55.9,29,26,None,5280,4.6
Volkswagen,Model_3719,Midsize,44.2,34.0,23.3,24,23,None,4142,4.8
Mercedes-Benz,Model_3720,Midsize,27.0,53.4,49.6,17,20,None,4201,2.2
Chevrolet,Model_3721,Sport,28.7,23.4,34.3,21,28,Driver & Passenger,5516,4.7
Nissan,Model_3722,Midsize,34.5,21.2,16.1,16,26,Driver & Passenger,5843,1.9
Chevrolet,Model_3723,Sport,26.2,42.0,51.9,27,41,Driver only,4745,1.6
Kia,Model_3724,Small,16.7,44.7,52.4,28,24,Driver & Passenger,5535,3.2
Chevrolet,Model_3725,Small,28.1,28.7,26.4,18,44,Driver & Passenger,4552,4.7
Lexus,Model_3726,Large,43.0,19.6,60.6,22,28,None,5854,1.2
Kia,Model_3727,Sport,23.5,45.1,52.5,19,45,Driver & Passenger,4941,3.1
Chevrolet,Model_3728,Sport,33.3,40.2,28.3,26,46,Driver & Passenger,4276,3.7
Nissan,Model_3729,Compact,44.2,49.4,24.7,26,25,Driver only,6266,4.0
Mercedes-Benz,Model_3730,Compact,38.8,48.0,35.3,25,43,Driver & Passenger,4370,3.0
Nissan,Model_3731,Large,32.6,19.2,27.5,16,42,None,6099,3.3
Honda,Model_3732,Small,35.4,47.5,23.5,36,31,Driver only,4465,2.8
Toyota,Model_3733,Van,42.7,17.9,33.2,19,32,Driver only,4803,3.9
Nissan,Model_3734,Compact,43.5,48.9,13.4,27,20,Driver & Passenger,5524,2.5
Kia,Model_3735,Midsize,43.9,44.7,33.3,32,34,Driver only,4610,2.1
Nissan,Model_3736,Small,31.3,35.6,23.7,37,35,Driver only,4067,2.1
Honda,Model_3737,Van,22.5,38.9,26.0,31,21,Driver only,5793,3.6
BMW,Model_3738,Midsize,13.4,14.7,16.4,20,28,Driver & Passenger,4337,4.7
Kia,Model_3739,SUV,22.6,11.8,43.2,33,29,Driver & Passenger,5473,2.1
Honda,Model_3740,Sport,42.9,24.9,37.0,36,39,None,5639,2.0
Lexus,Model_3741,Small,41.0,47.0,51.8,31,46,None,4838,3.9
Audi,Model_3742,SUV,27.6,31.0,64.3,31,35,Driver only,4765,1.0
Audi,Model_3743,Large,28.1,20.1,18.3,32,34,Driver & Passenger,6344,4.3
Ford,Model_3744,Sport,19.8,47.6,26.4,29,22,None,4759,2.5
Chevrolet,Model_3745,Sport,25.1,20.3,48.2,37,21,Driver & Passenger,4616,4.6
Toyota,Model_3746,Midsize,34.6,46.7,24.6,34,27,Driver & Passenger,6310,3.8
Mazda,Model_3747,SUV,23.2,30.4,13.6,18,35,Driver & Passenger,4568,4.2
Hyundai,Model_3748,Sport,15.4,30.9,17.8,18,42,Driver & Passenger,6173,1.7
Honda,Model_3749,Compact,28.2,22.3,35.0,19,28,Driver & Passenger,6140,2.5
BMW,Model_3750,Small,16.7,50.5,34.8,29,22,Driver & Passenger,5248,2.1
Hyundai,Model_3751,Compact,44.1,14.0,63.5,16,36,Driver only,6151,3.9
BMW,Model_3752,Midsize,22.7,16.5,36.7,25,32,None,5746,1.1
Lexus,Model_3753,Van,41.7,38.6,47.9,37,35,Driver & Passenger,6371,3.5
Subaru,Model_3754,Midsize,16.7,48.3,38.1,17,44,Driver & Passenger,6441,4.5
Subaru,Model_3755,Small,15.4,14.3,26.3,25,24,Driver & Passenger,5809,1.2
Subaru,Model_3756,Sport,31.0,43.0,17.6,17,24,Driver & Passenger,6386,2.2
Hyundai,Model_3757,SUV,36.9,43.4,57.5,25,22,None,5204,1.8
Hyundai,Model_3758,SUV,29.2,36.2,20.1,16,32,Driver only,4587,5.0
Honda,Model_3759,Large,16.9,31.9,17.1,36,27,Driver & Passenger,4906,4.9
Mazda,Model_3760,Midsize,9.9,24.4,23.3,34,27,Driver & Passenger,4517,1.5
Hyundai,Model_3761,Small,31.1,25.8,12.1,34,36,Driver & Passenger,5701,1.8
Honda,Model_3762,Large,13.3,40.3,15.8,29,34,Driver & Passenger,5947,1.1
Nissan,Model_3763,Sport,21.0,12.9,45.7,22,23,None,4793,3.3
Lexus,Model_3764,Van,33.2,36.3,24.9,16,41,Driver & Passenger,6247,3.7
Mazda,Model_3765,Midsize,12.1,22.5,29.9,37,44,Driver & Passenger,4585,3.6
Subaru,Model_3766,Van,13.1,31.0,56.3,32,37,Driver & Passenger,5237,2.0
Kia,Model_3767,Small,10.8,35.2,53.0,36,26,None,5249,1.8
Lexus,Model_3768,Van,44.9,49.9,38.1,35,29,None,5132,1.2
BMW,Model_3769,Van,22.6,36.1,44.5,22,20,Driver & Passenger,5138,3.5
Subaru,Model_3770,Small,41.6,20.2,16.5,36,45,Driver & Passenger,4255,2.0
Audi,Model_3771,Small,19.2,13.6,52.4,26,23,Driver & Passenger,5621,1.4
Chevrolet,Model_3772,Midsize,36.0,38.2,39.4,37,45,None,4405,2.4
Audi,Model_3773,Van,16.5,34.5,42.3,20,30,Driver & Passenger,6385,1.6
Subaru,Model_3774,Large,26.7,40.2,47.3,16,34,Driver & Passenger,5911,3.0
Lexus,Model_3775,Small,38.6,30.7,38.5,26,34,Driver & Passenger,4258,1.6
Mazda,Model_3776,Sport,38.3,47.1,39.6,37,47,None,4752,5.0
Kia,Model_3777,Van,37.5,51.4,38.5,35,42,Driver & Passenger,5457,2.3
BMW,Model_3778,Small,38.6,11.8,38.3,26,22,None,4357,2.9
Hyundai,Model_3779,Large,16.2,43.5,51.8,27,38,Driver & Passenger,5271,3.4
Kia,Model_3780,SUV,26.1,11.6,34.6,23,39,Driver & Passenger,5744,4.4
Hyundai,Model_3781,Midsize,26.2,30.0,12.2,29,43,None,5629,4.8
Mercedes-Benz,Model_3782,Van,41.0,30.8,44.4,25,33,Driver & Passenger,6486,2.5
BMW,Model_3783,SUV,19.3,41.3,62.5,23,22,None,4541,2.7
Subaru,Model_3784,Small,42.5,25.9,25.6,22,27,Driver only,5130,1.6
Hyundai,Model_3785,Small,25.0,46.9,55.3,34,29,Driver only,5585,1.8
Mercedes-Benz,Model_3786,Sport,32.9,25.4,36.1,32,28,Driver only,4222,3.9
Honda,Model_3787,Sport,18.3,25.4,46.1,25,47,Driver only,6207,2.7
Mazda,Model_3788,Van,23.5,20.0,59.2,19,43,Driver only,5143,4.4
Volkswagen,Model_3789,SUV,34.4,40.8,52.9,18,34,Driver only,4879,3.1
Honda,Model_3790,SUV,27.2,13.4,58.9,35,43,Driver & Passenger,5362,2.1
Ford,Model_3791,Small,42.5,26.3,12.5,19,28,Driver & Passenger,4271,3.7
Kia,Model_3792,Van,35.4,22.0,21.9,35,23,Driver only,4803,2.9
Volkswagen,Model_3793,Small,29.1,20.3,34.4,21,31,Driver & Passenger,4778,4.6
Hyundai,Model_3794,Sport,40.9,12.7,56.9,31,38,Driver only,4499,2.5
Nissan,Model_3795,Large,32.8,18.6,56.4,32,43,Driver only,5256,2.0
Honda,Model_3796,Compact,32.1,30.1,21.8,37,20,Driver only,4190,2.8
Ford,Model_3797,Compact,17.5,32.7,19.5,15,33,Driver & Passenger,4426,4.4
Toyota,Model_3798,Small,22.9,22.1,56.2,30,29,None,4498,4.3
Volkswagen,Model_3799,SUV,33.4,39.3,40.7,23,20,Driver & Passenger,6264,4.6
Audi,Model_3800,Sport,41.1,25.1,45.2,26,23,Driver & Passenger,5375,4.4
BMW,Model_3801,Midsize,20.0,26.5,54.9,33,29,Driver only,5072,2.3
Hyundai,Model_3802,Midsize,16.4,45.2,23.2,25,22,Driver only,4178,3.4
Hyundai,Model_3803,Compact,30.2,34.8,19.2,20,45,Driver only,4689,4.2
Ford,Model_3804,Large,11.0,52.9,57.5,18,35,Driver & Passenger,6457,4.4
Mazda,Model_3805,Compact,34.6,26.2,17.9,30,37,Driver & Passenger,5730,2.6
Volkswagen,Model_3806,Small,34.2,47.3,16.7,17,44,Driver only,4577,3.1
Honda,Model_3807,Large,21.5,43.2,26.7,22,31,Driver & Passenger,4063,2.2
Mazda,Model_3808,Midsize,41.1,50.1,28.8,30,47,Driver only,4364,3.8
Hyundai,Model_3809,SUV,26.8,53.1,24.8,16,47,None,5503,3.7
Audi,Model_3810,Sport,32.1,10.3,51.3,27,40,Driver & Passenger,6464,3.4
Nissan,Model_3811,Sport,16.1,14.0,63.6,33,38,Driver only,4617,3.5
Kia,Model_3812,Small,23.7,40.3,22.6,30,28,Driver & Passenger,5524,4.6
Kia,Model_3813,Compact,40.0,27.6,53.4,33,43,Driver & Passenger,4818,4.3
Subaru,Model_3814,Small,16.3,46.9,14.3,22,39,None,6054,1.5
Mazda,Model_3815,Sport,22.8,10.5,18.3,37,45,Driver & Passenger,5212,3.6
Lexus,Model_3816,Midsize,20.1,46.3,39.3,16,24,Driver & Passenger,4792,1.6
Hyundai,Model_3817,Sport,14.0,16.1,65.0,15,46,Driver & Passenger,5878,1.6
Nissan,Model_3818,Large,19.1,23.1,62.3,31,47,Driver & Passenger,6301,2.8
Kia,Model_3819,SUV,17.0,53.6,17.9,32,24,Driver & Passenger,5739,2.9
Nissan,Model_3820,SUV,42.2,12.3,24.7,21,27,Driver & Passenger,5543,1.4
Ford,Model_3821,Van,35.5,25.7,62.1,23,26,Driver & Passenger,5534,3.0
Nissan,Model_3822,Sport,20.0,13.8,20.0,37,38,Driver & Passenger,6269,1.7
Chevrolet,Model_3823,Sport,36.4,48.4,51.4,17,41,Driver & Passenger,5470,3.2
Audi,Model_3824,SUV,9.3,41.6,12.1,25,41,Driver & Passenger,4415,4.3
Kia,Model_3825,Van,27.7,46.0,45.5,30,37,Driver only,4227,1.3
Nissan,Model_3826,Large,17.6,33.7,38.2,23,34,Driver & Passenger,5951,2.6
Mazda,Model_3827,Compact,12.7,26.1,37.0,26,20,Driver & Passenger,5304,1.9
Toyota,Model_3828,Sport,40.8,10.1,55.9,28,26,Driver & Passenger,5561,3.3
Chevrolet,Model_3829,SUV,15.8,22.5,16.3,18,38,Driver & Passenger,4196,4.6
Chevrolet,Model_3830,Small,38.5,33.2,32.0,18,24,Driver & Passenger,5986,1.8
Hyundai,Model_3831,Sport,23.6,39.9,35.6,25,27,Driver only,5739,3.7
Nissan,Model_3832,Small,9.0,20.3,18.6,16,24,Driver & Passenger,5510,1.4
Subaru,Model_3833,Large,35.2,16.3,16.5,32,46,Driver & Passenger,5270,3.2
Hyundai,Model_3834,Sport,30.3,19.1,21.5,17,24,Driver & Passenger,4775,3.7
Mercedes-Benz,Model_3835,SUV,21.1,25.9,24.8,16,24,Driver only,4132,3.7
Hyundai,Model_3836,Large,18.8,16.7,63.2,15,30,None,4844,4.0
Toyota,Model_3837,Large,11.2,17.1,37.2,19,26,Driver only,6206,2.7
Ford,Model_3838,Compact,42.9,12.0,39.0,21,21,Driver & Passenger,4384,4.0
Nissan,Model_3839,Sport,26.5,48.6,49.5,34,36,Driver & Passenger,4373,2.9
Honda,Model_3840,Small,11.6,19.9,48.3,18,30,Driver & Passenger,6451,2.3
Hyundai,Model_3841,Small,40.2,47.0,38.6,17,39,Driver & Passenger,5372,2.3
Kia,Model_3842,Sport,18.7,29.7,30.0,20,24,Driver & Passenger,5055,1.7
Hyundai,Model_3843,Van,15.9,38.5,29.5,26,26,None,6144,3.9
Audi,Model_3844,Compact,18.8,13.4,15.1,30,20,None,5613,1.6
BMW,Model_3845,Compact,29.1,36.3,59.7,22,28,Driver & Passenger,4882,3.5
Audi,Model_3846,Compact,11.2,23.0,52.8,25,30,Driver & Passenger,6434,3.7
Toyota,Model_3847,Small,26.1,14.3,45.0,27,47,Driver & Passenger,4819,2.1
Toyota,Model_3848,Large,41.2,50.9,33.0,28,31,Driver & Passenger,6232,3.0
Mazda,Model_3849,SUV,15.4,37.2,42.9,32,29,Driver only,5207,3.7
Mercedes-Benz,Model_3850,Van,20.6,20.9,37.7,36,39,Driver & Passenger,5917,1.0
Mercedes-Benz,Model_3851,Compact,23.0,28.9,26.5,22,41,Driver only,6098,2.1
Ford,Model_3852,Small,29.9,26.1,27.8,15,30,Driver & Passenger,6049,2.5
Subaru,Model_3853,Small,42.1,41.5,58.3,18,20,Driver only,5100,4.7
Kia,Model_3854,Large,22.9,37.3,45.7,31,44,Driver only,5485,2.9
Volkswagen,Model_3855,Sport,11.0,10.9,12.1,34,39,Driver & Passenger,4398,3.0
Hyundai,Model_3856,Sport,21.2,18.9,29.3,36,24,None,5062,3.7
Audi,Model_3857,SUV,15.4,31.5,30.0,20,34,Driver & Passenger,4545,2.8
BMW,Model_3858,SUV,32.3,30.0,49.4,19,43,Driver & Passenger,4741,2.7
Toyota,Model_3859,Compact,9.6,33.3,49.1,28,41,Driver & Passenger,6298,4.9
Toyota,Model_3860,SUV,19.2,42.2,36.6,33,29,None,6113,4.2
Ford,Model_3861,Compact,28.4,40.7,62.4,28,31,Driver & Passenger,5452,3.8
BMW,Model_3862,Van,18.6,26.8,58.2,16,33,Driver & Passenger,5376,2.9
Lexus,Model_3863,SUV,28.6,49.5,57.9,23,38,Driver & Passenger,4382,2.4
BMW,Model_3864,Large,12.7,12.8,30.5,21,29,Driver & Passenger,5050,3.4
Ford,Model_3865,Compact,42.9,36.3,34.8,32,43,Driver & Passenger,4066,2.8
Toyota,Model_3866,Large,19.1,52.7,34.2,34,41,Driver & Passenger,4499,2.9
Kia,Model_3867,Small,42.2,34.7,35.3,25,31,Driver & Passenger,5921,1.9
Nissan,Model_3868,Compact,20.4,30.5,59.1,22,37,Driver & Passenger,4754,4.2
Nissan,Model_3869,Small,37.0,16.0,25.2,36,40,Driver & Passenger,5435,4.2
Ford,Model_3870,Midsize,17.5,46.5,54.5,35,38,Driver & Passenger,5653,2.2
BMW,Model_3871,Large,32.9,26.8,39.2,24,23,Driver & Passenger,6013,2.2
Hyundai,Model_3872,Midsize,20.3,41.6,25.2,32,44,Driver & Passenger,5393,2.1
Ford,Model_3873,Compact,27.1,18.9,39.9,31,38,Driver & Passenger,4598,1.7
Kia,Model_3874,Small,33.1,11.9,22.4,31,40,Driver only,5632,4.4
Ford,Model_3875,Compact,30.0,23.7,17.7,15,33,Driver & Passenger,5459,2.1
Chevrolet,Model_3876,Midsize,29.5,22.7,56.4,36,27,Driver & Passenger,5805,3.8
Mercedes-Benz,Model_3877,Compact,10.9,49.3,49.1,18,44,None,4060,1.4
Audi,Model_3878,Van,17.6,48.9,22.9,25,42,Driver & Passenger,6097,3.9
BMW,Model_3879,Sport,29.4,34.0,61.9,23,46,Driver & Passenger,5219,1.6
Subaru,Model_3880,Midsize,9.2,10.9,13.3,23,23,Driver & Passenger,5298,1.6
Mazda,Model_3881,Compact,17.6,20.3,29.7,17,44,Driver & Passenger,6263,4.3
Hyundai,Model_3882,Small,16.9,38.8,13.1,20,35,Driver & Passenger,5315,2.2
Mazda,Model_3883,Compact,17.6,14.6,19.5,20,31,Driver only,4173,1.7
BMW,Model_3884,Small,28.0,41.5,21.5,24,37,None,5453,3.1
Subaru,Model_3885,Sport,29.7,10.5,54.9,24,31,None,4607,1.3
Volkswagen,Model_3886,Compact,41.7,40.7,64.6,31,37,None,6015,3.8
Kia,Model_3887,SUV,22.6,48.0,58.0,29,23,Driver only,4034,4.4
Chevrolet,Model_3888,SUV,42.3,31.1,45.7,18,35,None,5777,2.0
Chevrolet,Model_3889,Sport,32.3,47.3,50.3,36,37,Driver only,5685,3.8
Hyundai,Model_3890,Midsize,41.8,45.2,39.7,24,38,Driver only,5417,1.2
Toyota,Model_3891,Small,38.9,40.2,34.4,22,35,Driver only,4403,2.9
Audi,Model_3892,SUV,33.6,30.0,48.7,15,40,Driver only,5519,4.8
Nissan,Model_3893,Van,21.5,22.2,63.6,36,22,None,4529,3.2
Honda,Model_3894,Midsize,17.3,48.7,13.5,31,36,Driver & Passenger,4487,2.6
Kia,Model_3895,Small,16.6,39.2,28.6,26,46,Driver & Passenger,6272,1.0
Hyundai,Model_3896,Sport,43.3,45.9,29.5,26,22,Driver & Passenger,5320,2.0
Honda,Model_3897,SUV,43.5,34.8,34.0,27,32,Driver & Passenger,4328,2.7
Lexus,Model_3898,Large,35.0,17.7,45.2,28,25,Driver & Passenger,4096,2.5
Honda,Model_3899,Compact,40.8,54.1,39.2,22,38,Driver only,5181,2.8
BMW,Model_3900,Sport,42.0,18.2,13.0,28,28,Driver & Passenger,5517,1.1
Hyundai,Model_3901,Small,27.2,51.0,33.8,21,38,Driver & Passenger,5040,3.1
Mazda,Model_3902,Small,31.5,19.4,44.8,31,30,Driver & Passenger,5570,2.0
Mazda,Model_3903,Small,23.8,26.8,38.8,25,22,Driver & Passenger,6383,2.6
Nissan,Model_3904,Small,23.8,29.8,58.2,15,34,Driver & Passenger,4423,4.5
Hyundai,Model_3905,Compact,9.9,51.5,33.1,22,35,Driver & Passenger,6450,4.3
BMW,Model_3906,Midsize,24.3,50.0,12.7,27,22,Driver only,5851,2.6
Honda,Model_3907,Van,33.1,47.0,27.1,31,24,None,4430,1.2
Subaru,Model_3908,Large,23.9,27.0,19.2,26,26,None,5917,4.6
Lexus,Model_3909,Compact,40.3,10.2,25.3,30,40,None,4897,2.6
Volkswagen,Model_3910,Small,20.6,40.7,31.2,24,28,Driver only,5467,2.9
Mercedes-Benz,Model_3911,Compact,13.3,28.5,47.9,30,41,None,5774,1.3
Hyundai,Model_3912,Sport,38.1,44.1,29.2,17,20,None,4010,3.8
Mazda,Model_3913,Van,33.1,45.8,58.9,15,44,Driver & Passenger,4840,3.8
Kia,Model_3914,Small,17.3,29.8,27.9,33,38,Driver & Passenger,4538,2.6
Subaru,Model_3915,Large,28.1,43.7,19.3,22,43,Driver & Passenger,5634,4.6
Kia,Model_3916,Small,23.2,47.8,20.9,30,33,Driver only,4125,1.2
Toyota,Model_3917,Van,42.8,51.8,61.5,29,47,Driver & Passenger,4954,2.2
Hyundai,Model_3918,Large,30.7,36.2,36.1,21,34,Driver & Passenger,6169,1.8
Ford,Model_3919,Van,14.3,45.0,33.4,16,22,Driver only,4351,3.8
Hyundai,Model_3920,Large,26.8,32.3,15.7,27,43,Driver & Passenger,4367,1.8
Mazda,Model_3921,Midsize,40.0,11.9,50.9,19,23,None,4391,3.8
Lexus,Model_3922,SUV,33.0,17.0,48.8,24,36,Driver & Passenger,4449,4.2
Chevrolet,Model_3923,Midsize,39.2,15.8,31.9,22,46,None,5181,4.1
Mazda,Model_3924,Compact,17.6,17.7,48.7,27,33,Driver & Passenger,4235,1.1
Subaru,Model_3925,Compact,40.9,10.5,31.5,33,41,Driver & Passenger,6250,4.7
Toyota,Model_3926,Large,36.1,48.6,15.9,20,26,None,4361,3.9
Kia,Model_3927,Small,35.1,35.2,51.1,32,27,Driver & Passenger,4792,4.3
Honda,Model_3928,SUV,21.1,27.2,63.2,22,35,Driver & Passenger,6378,3.6
Chevrolet,Model_3929,Sport,40.9,28.4,46.4,23,41,Driver & Passenger,6368,3.1
BMW,Model_3930,Sport,31.8,30.9,26.7,31,35,Driver only,5760,3.6
Audi,Model_3931,Small,39.6,13.3,26.3,18,33,Driver & Passenger,4256,2.4
Honda,Model_3932,Small,21.7,22.4,61.2,36,36,None,6423,2.8
Audi,Model_3933,Midsize,13.8,48.3,28.1,32,24,Driver & Passenger,5198,3.8
Hyundai,Model_3934,Sport,20.6,43.5,52.7,20,28,Driver & Passenger,6376,3.7
Volkswagen,Model_3935,Large,25.1,35.4,46.1,25,22,Driver & Passenger,5306,3.4
Ford,Model_3936,Van,28.0,31.6,43.4,37,40,Driver & Passenger,6341,1.2
Volkswagen,Model_3937,Compact,27.1,21.7,21.6,36,41,Driver only,6450,2.2
Chevrolet,Model_3938,Van,28.4,31.2,13.8,24,24,Driver only,4720,3.4
Nissan,Model_3939,Midsize,39.2,36.9,37.9,25,39,Driver & Passenger,4577,2.9
Chevrolet,Model_3940,Sport,14.7,42.1,64.4,22,37,Driver & Passenger,5223,2.4
Volkswagen,Model_3941,SUV,20.0,17.5,22.4,35,40,Driver & Passenger,5531,3.9
Mazda,Model_3942,Small,40.9,46.6,40.5,17,29,Driver & Passenger,4042,2.5
Subaru,Model_3943,SUV,29.0,25.6,47.6,16,20,Driver & Passenger,6465,4.6
Kia,Model_3944,SUV,29.8,32.6,37.6,32,36,Driver & Passenger,4797,3.1
Mazda,Model_3945,Sport,25.9,37.4,38.9,16,27,Driver & Passenger,5299,2.9
Mazda,Model_3946,Large,28.5,32.0,47.0,26,39,Driver only,5236,2.3
Subaru,Model_3947,Midsize,15.7,35.7,55.2,19,36,None,5655,1.5
Subaru,Model_3948,Small,28.5,15.0,29.7,18,37,Driver only,4931,1.0
Hyundai,Model_3949,Van,44.9,29.4,59.7,30,24,Driver & Passenger,4774,3.7
Honda,Model_3950,Large,29.2,22.6,37.7,28,26,Driver & Passenger,6092,1.3
Nissan,Model_3951,Van,10.1,13.9,47.1,16,47,Driver only,5326,2.3
Nissan,Model_3952,Compact,37.6,18.6,17.6,35,24,None,4625,4.5
Mazda,Model_3953,Midsize,23.0,37.1,38.1,21,46,Driver & Passenger,6019,2.9
Audi,Model_3954,Large,14.1,18.9,12.9,35,29,Driver & Passenger,5772,4.5
Hyundai,Model_3955,Large,40.0,18.1,32.7,25,25,Driver only,5869,1.2
Hyundai,Model_3956,Van,15.7,34.9,14.9,26,26,None,5844,4.4
Hyundai,Model_3957,Small,42.1,50.7,59.5,36,22,Driver only,6084,4.7
Lexus,Model_3958,Compact,24.6,45.5,47.7,19,46,None,5990,4.7
Mazda,Model_3959,Van,35.6,50.7,54.0,30,29,Driver & Passenger,4185,2.3
Ford,Model_3960,Large,28.5,36.2,36.8,36,40,None,5064,1.4
Kia,Model_3961,Midsize,17.9,28.4,57.2,21,43,None,4299,4.7
Subaru,Model_3962,Large,33.0,42.8,58.3,22,46,Driver only,6424,1.6
Honda,Model_3963,Sport,43.5,21.8,30.9,18,25,Driver only,4234,3.2
BMW,Model_3964,Midsize,36.6,13.5,32.0,18,21,Driver & Passenger,4880,2.6
Subaru,Model_3965,Midsize,30.5,25.5,38.9,20,44,Driver only,5104,4.8
Ford,Model_3966,Large,44.7,23.5,14.2,16,21,Driver & Passenger,6074,2.7
Audi,Model_3967,Small,18.2,40.4,64.8,23,25,Driver & Passenger,5044,2.5
Chevrolet,Model_3968,Midsize,10.8,34.8,31.0,22,46,None,6343,3.3
Mercedes-Benz,Model_3969,Sport,9.7,16.2,37.0,32,37,Driver & Passenger,4757,3.1
Chevrolet,Model_3970,Van,34.4,50.9,52.0,26,29,Driver & Passenger,4876,2.8
Volkswagen,Model_3971,Small,38.8,36.7,27.8,30,26,Driver & Passenger,4772,3.0
Ford,Model_3972,Small,31.7,30.6,22.7,15,36,Driver & Passenger,5888,1.4
Volkswagen,Model_3973,Small,41.5,52.2,18.8,34,23,Driver only,4379,4.7
Mazda,Model_3974,Midsize,34.0,14.4,40.0,18,31,Driver & Passenger,4731,2.0
BMW,Model_3975,Small,22.0,45.5,12.3,28,27,Driver & Passenger,4886,3.3
Toyota,Model_3976,Large,15.1,26.4,49.6,32,28,Driver & Passenger,6465,1.1
Subaru,Model_3977,Small,42.2,41.3,36.5,19,29,Driver & Passenger,6420,2.2
Toyota,Model_3978,Sport,12.3,51.9,40.2,17,38,Driver & Passenger,5016,3.8
Audi,Model_3979,Compact,28.3,33.3,25.9,33,28,Driver & Passenger,5339,2.8
Mazda,Model_3980,Sport,20.0,11.0,21.4,26,47,Driver & Passenger,5684,3.9
Nissan,Model_3981,Midsize,18.4,11.3,49.1,33,43,Driver & Passenger,4218,1.6
Subaru,Model_3982,Small,32.1,24.9,23.1,34,23,Driver only,5521,5.0
Volkswagen,Model_3983,Small,16.9,45.2,53.3,25,35,Driver & Passenger,6296,2.8
Nissan,Model_3984,Large,41.9,23.0,22.8,35,20,Driver & Passenger,6321,3.2
Honda,Model_3985,Van,23.3,25.1,44.5,34,29,Driver & Passenger,6415,2.0
Lexus,Model_3986,Small,33.2,45.3,46.1,23,35,Driver only,4828,2.4
BMW,Model_3987,SUV,35.1,15.2,38.8,34,40,Driver & Passenger,4196,3.6
Lexus,Model_3988,Sport,33.4,48.1,64.8,37,46,Driver only,5697,2.4
BMW,Model_3989,Midsize,41.5,22.0,31.9,19,42,Driver only,5973,3.9
Chevrolet,Model_3990,Compact,16.9,12.3,58.8,24,40,None,4668,2.1
Hyundai,Model_3991,Small,11.6,15.3,21.0,23,46,Driver & Passenger,5960,4.1
Subaru,Model_3992,Compact,10.5,52.9,29.9,27,24,Driver only,4709,3.7
Volkswagen,Model_3993,Small,40.5,30.3,19.7,22,40,Driver only,4089,1.8
Lexus,Model_3994,Midsize,44.0,21.5,44.0,36,22,None,4721,1.2
Audi,Model_3995,Van,19.5,33.5,45.8,27,41,Driver & Passenger,4958,4.7
Toyota,Model_3996,Sport,33.8,40.7,36.0,36,46,Driver & Passenger,5119,1.9
Hyundai,Model_3997,Midsize,8.8,24.3,50.2,32,23,Driver only,5753,3.3
Mercedes-Benz,Model_3998,Compact,15.4,42.6,58.0,37,29,None,5749,2.2
Audi,Model_3999,Small,33.7,21.4,53.2,23,21,Driver & Passenger,6337,3.6
Nissan,Model_4000,Compact,10.9,15.1,24.8,23,39,Driver & Passenger,5142,3.8
Nissan,Model_4001,Sport,25.6,34.7,29.0,16,41,Driver & Passenger,4048,1.3
Lexus,Model_4002,SUV,32.7,16.8,32.2,21,25,Driver only,6301,1.2
Mercedes-Benz,Model_4003,Midsize,36.5,52.3,22.8,19,33,Driver & Passenger,6197,5.0
Ford,Model_4004,Compact,25.1,10.0,31.1,35,46,Driver & Passenger,4311,4.1
Honda,Model_4005,Compact,31.5,44.0,24.6,20,44,None,4664,2.0
Subaru,Model_4006,Sport,28.2,22.6,64.8,27,43,Driver only,5664,3.0
BMW,Model_4007,SUV,10.4,48.1,53.5,32,24,Driver & Passenger,4201,4.8
Kia,Model_4008,Small,35.6,12.7,57.6,17,45,Driver & Passenger,5697,3.2
Hyundai,Model_4009,SUV,14.8,52.9,60.9,24,38,Driver & Passenger,4784,2.7
Volkswagen,Model_4010,Compact,9.7,14.6,47.2,37,39,Driver & Passenger,4640,1.2
Audi,Model_4011,Sport,25.0,45.5,21.3,17,40,Driver only,4461,3.3
Volkswagen,Model_4012,Small,40.1,33.3,52.2,15,34,Driver only,6452,4.5
Nissan,Model_4013,SUV,14.0,29.4,12.8,20,36,Driver only,5029,3.2
Hyundai,Model_4014,SUV,9.0,22.6,18.0,37,31,Driver & Passenger,6086,4.1
Chevrolet,Model_4015,SUV,12.5,47.9,13.6,30,44,Driver only,4659,4.5
Toyota,Model_4016,Van,21.8,19.0,19.2,31,32,Driver & Passenger,5064,2.6
Honda,Model_4017,Small,29.7,42.5,51.9,30,39,Driver & Passenger,5625,2.6
Hyundai,Model_4018,SUV,15.5,30.1,58.9,24,43,Driver & Passenger,4322,4.7
Honda,Model_4019,Van,37.8,54.9,26.8,21,40,None,5307,2.4
Ford,Model_4020,Midsize,36.0,37.5,18.3,22,35,None,5274,3.6
Kia,Model_4021,Sport,33.9,14.7,26.5,17,34,Driver only,5853,3.5
Lexus,Model_4022,SUV,26.3,28.9,46.3,19,30,Driver only,5639,2.9
Lexus,Model_4023,Small,21.8,13.0,30.6,33,24,Driver & Passenger,5715,3.6
Nissan,Model_4024,Van,22.2,22.9,62.9,21,47,Driver & Passenger,6415,3.8
Chevrolet,Model_4025,Van,26.9,25.4,18.9,32,37,Driver only,4214,4.7
Mercedes-Benz,Model_4026,Midsize,11.3,48.4,64.5,36,43,Driver & Passenger,5886,4.2
Subaru,Model_4027,Large,33.4,47.7,12.7,32,47,Driver only,4881,2.4
Mercedes-Benz,Model_4028,Sport,21.3,10.5,35.9,20,32,Driver only,6299,2.7
Hyundai,Model_4029,Large,16.7,34.0,25.3,19,30,Driver only,5774,4.6
Honda,Model_4030,Small,18.7,20.1,42.0,20,29,Driver only,5991,2.1
BMW,Model_4031,Sport,15.1,24.4,17.1,20,34,Driver only,4354,2.3
Ford,Model_4032,Midsize,41.4,11.0,58.4,36,26,Driver only,6031,3.8
BMW,Model_4033,Small,14.7,43.7,19.2,36,31,Driver only,4688,1.4
Chevrolet,Model_4034,Sport,40.7,52.8,43.1,37,37,Driver & Passenger,5398,4.1
Subaru,Model_4035,Sport,29.4,19.9,13.8,25,46,None,5621,4.8
Subaru,Model_4036,Large,40.2,25.4,28.5,31,25,Driver & Passenger,5909,3.6
Hyundai,Model_4037,Small,25.8,19.3,19.9,23,28,Driver only,5844,1.3
Volkswagen,Model_4038,Midsize,42.4,51.9,63.8,36,35,Driver only,6043,2.0
Ford,Model_4039,Midsize,16.2,10.4,12.6,30,27,Driver & Passenger,5925,1.4
Hyundai,Model_4040,Small,28.7,36.3,30.7,24,45,Driver & Passenger,4861,2.2
Subaru,Model_4041,Small,13.1,49.2,28.0,29,31,Driver only,4644,4.8
Subaru,Model_4042,Van,24.8,18.4,46.8,22,38,Driver & Passenger,4897,2.4
Hyundai,Model_4043,Compact,29.3,36.5,15.0,28,42,None,4701,1.7
Nissan,Model_4044,Large,30.6,12.3,55.0,30,35,Driver & Passenger,4098,3.6
Mazda,Model_4045,Small,21.8,46.7,36.7,33,23,Driver only,4900,4.6
Ford,Model_4046,Small,11.3,22.3,36.0,17,46,Driver & Passenger,6462,1.1
BMW,Model_4047,Compact,32.4,54.5,24.0,27,39,Driver & Passenger,5726,3.7
Chevrolet,Model_4048,Compact,26.3,51.5,38.0,23,35,None,6010,2.2
Subaru,Model_4049,Sport,13.5,43.0,31.3,26,26,Driver & Passenger,6270,2.5
Subaru,Model_4050,SUV,42.7,32.4,25.0,19,46,Driver & Passenger,5355,1.9
Lexus,Model_4051,Midsize,43.4,44.5,20.9,35,32,Driver & Passenger,5553,4.6
Kia,Model_4052,Large,39.8,15.9,50.6,33,42,None,6162,4.5
Nissan,Model_4053,Sport,39.3,24.0,19.5,21,31,Driver & Passenger,6252,3.4
Subaru,Model_4054,Small,12.1,11.2,20.9,21,46,Driver & Passenger,6488,1.1
Mazda,Model_4055,Compact,44.8,39.0,42.6,33,20,Driver & Passenger,5890,4.8
Kia,Model_4056,Van,23.1,46.2,24.0,22,30,Driver only,6422,2.9
Lexus,Model_4057,Midsize,14.5,52.6,36.3,20,36,Driver & Passenger,6027,3.0
Toyota,Model_4058,Sport,38.1,40.9,41.3,17,25,Driver & Passenger,4766,4.1
Nissan,Model_4059,Van,16.7,42.9,26.5,36,21,None,6435,3.5
Chevrolet,Model_4060,Midsize,27.7,50.3,30.2,15,22,Driver & Passenger,4957,1.5
Honda,Model_4061,SUV,13.2,52.1,23.1,20,21,Driver & Passenger,6349,1.4
Ford,Model_4062,SUV,25.8,32.1,36.4,37,37,Driver & Passenger,4838,2.0
Hyundai,Model_4063,Van,28.9,14.9,64.6,34,43,Driver & Passenger,4916,1.3
Chevrolet,Model_4064,Compact,24.8,31.0,31.2,34,43,None,4684,4.3
Hyundai,Model_4065,Sport,11.0,35.0,46.6,33,32,Driver only,6126,1.2
Ford,Model_4066,Sport,26.2,38.4,45.7,35,41,Driver & Passenger,4481,4.8
Kia,Model_4067,SUV,25.6,54.5,53.7,27,38,Driver only,6240,1.4
Volkswagen,Model_4068,Midsize,18.0,51.3,49.7,31,40,Driver & Passenger,4261,4.4
Hyundai,Model_4069,Van,42.1,27.8,12.6,36,26,None,4922,1.9
Audi,Model_4070,Compact,23.7,15.1,28.4,32,40,Driver & Passenger,5929,3.6
BMW,Model_4071,Small,40.0,19.7,58.1,34,35,None,6174,2.4
Toyota,Model_4072,Sport,12.5,17.8,40.6,20,42,Driver only,5206,1.3
Nissan,Model_4073,Small,20.1,26.0,17.5,25,35,Driver only,4673,3.9
Subaru,Model_4074,Compact,14.9,49.4,26.6,20,29,Driver & Passenger,6498,4.2
Volkswagen,Model_4075,SUV,23.4,29.7,27.0,21,26,Driver only,5586,2.2
Lexus,Model_4076,Sport,12.6,35.5,58.3,15,39,Driver & Passenger,5133,4.1
Hyundai,Model_4077,Sport,24.6,18.1,41.3,36,35,Driver & Passenger,4079,2.8
Volkswagen,Model_4078,Van,21.4,32.2,44.2,22,29,Driver & Passenger,5446,3.9
Chevrolet,Model_4079,Small,16.7,49.3,31.5,28,33,None,4825,3.6
Toyota,Model_4080,SUV,31.9,44.8,15.2,36,45,Driver & Passenger,5936,4.7
Honda,Model_4081,Van,43.2,13.7,16.0,34,41,Driver & Passenger,4406,2.3
Mercedes-Benz,Model_4082,Large,16.1,48.8,34.3,15,28,Driver & Passenger,5197,1.4
Ford,Model_4083,Small,34.5,22.3,21.4,19,23,Driver & Passenger,5647,4.2
Ford,Model_4084,Small,35.6,40.0,17.5,19,45,None,6438,4.3
Chevrolet,Model_4085,Large,26.7,16.6,25.9,28,31,Driver only,6109,1.1
Mazda,Model_4086,Compact,41.3,40.4,51.3,21,36,Driver & Passenger,6054,1.5
Mazda,Model_4087,Compact,43.8,11.6,15.9,31,27,None,6172,4.3
Subaru,Model_4088,Sport,21.7,37.0,35.8,25,23,None,5949,3.4
Hyundai,Model_4089,Midsize,32.3,39.1,55.8,36,27,Driver & Passenger,5555,2.8
Audi,Model_4090,Van,32.7,21.0,26.2,21,46,None,5986,4.3
BMW,Model_4091,Midsize,23.2,52.2,28.0,15,28,Driver & Passenger,5391,2.0
Hyundai,Model_4092,Sport,20.1,12.1,58.9,29,31,Driver only,6357,2.3
Honda,Model_4093,Midsize,42.6,50.1,46.5,33,47,Driver & Passenger,5457,4.1
Subaru,Model_4094,Small,37.3,27.2,54.3,24,35,Driver & Passenger,4432,3.4
Toyota,Model_4095,Small,12.7,42.1,27.3,23,27,None,5784,1.8
Mazda,Model_4096,Large,12.9,39.3,64.8,27,34,None,4258,4.6
Audi,Model_4097,Large,42.2,17.6,19.5,27,36,Driver & Passenger,5642,5.0
Audi,Model_4098,Sport,11.5,24.4,63.0,20,32,Driver & Passenger,6495,1.6
Hyundai,Model_4099,Sport,33.6,33.8,59.8,22,33,Driver & Passenger,4246,2.2
Chevrolet,Model_4100,SUV,16.8,48.1,41.3,26,47,None,4557,4.0
Honda,Model_4101,Sport,9.8,53.0,43.0,16,34,Driver & Passenger,5872,1.5
Kia,Model_4102,Small,10.7,10.9,53.1,30,47,None,5941,2.9
Hyundai,Model_4103,Midsize,22.1,25.9,28.3,26,28,Driver & Passenger,5083,1.9
Hyundai,Model_4104,Van,11.3,40.1,40.0,37,40,Driver only,4431,3.7
BMW,Model_4105,SUV,30.3,33.7,59.8,32,43,None,6461,2.4
Hyundai,Model_4106,SUV,32.1,52.4,15.6,17,31,Driver only,5239,4.4
Hyundai,Model_4107,SUV,22.1,10.8,60.0,32,41,Driver & Passenger,5632,2.8
Nissan,Model_4108,Sport,35.6,29.7,50.6,25,42,Driver & Passenger,4810,3.1
Chevrolet,Model_4109,Sport,26.4,40.1,52.8,19,38,Driver only,6185,4.6
Hyundai,Model_4110,Small,24.2,19.8,15.4,27,44,Driver & Passenger,5025,4.1
Nissan,Model_4111,Van,23.4,42.7,22.0,24,28,Driver & Passenger,5519,4.2
Nissan,Model_4112,Small,24.2,13.7,61.0,35,45,None,4834,1.0
Lexus,Model_4113,Van,43.8,30.3,18.6,36,32,Driver & Passenger,5491,3.6
Honda,Model_4114,Small,33.4,40.4,45.5,29,37,Driver & Passenger,4173,2.9
Lexus,Model_4115,Midsize,20.0,22.0,53.5,20,23,Driver & Passenger,5396,4.5
Honda,Model_4116,Sport,35.3,13.3,24.3,30,39,None,5027,1.2
Subaru,Model_4117,Compact,20.6,53.1,49.0,37,20,Driver & Passenger,4598,4.4
Toyota,Model_4118,Compact,13.1,51.1,15.5,22,39,None,5545,1.5
Audi,Model_4119,Sport,25.9,51.7,38.4,34,22,None,6121,3.4
Hyundai,Model_4120,SUV,35.9,54.0,29.7,17,46,Driver only,4601,3.9
Chevrolet,Model_4121,Sport,22.3,18.3,46.2,19,30,Driver & Passenger,5103,1.8
Subaru,Model_4122,Sport,40.2,17.1,59.1,29,21,Driver & Passenger,5656,1.7
Mercedes-Benz,Model_4123,Sport,22.6,11.5,18.7,17,25,Driver & Passenger,4442,3.7
Hyundai,Model_4124,SUV,21.3,50.1,35.9,29,22,Driver & Passenger,6489,1.7
Ford,Model_4125,Van,44.9,43.9,34.4,16,29,Driver & Passenger,4406,3.1
Chevrolet,Model_4126,Midsize,26.1,38.5,29.2,26,44,Driver & Passenger,6364,2.1
Toyota,Model_4127,Compact,37.9,51.7,37.4,19,28,Driver & Passenger,4912,1.1
BMW,Model_4128,Large,37.9,35.9,58.7,23,33,Driver & Passenger,6193,1.3
Volkswagen,Model_4129,Compact,42.3,15.8,63.6,36,35,Driver & Passenger,4569,1.5
Volkswagen,Model_4130,Compact,11.6,18.0,12.2,18,46,Driver & Passenger,4590,3.2
Audi,Model_4131,SUV,18.4,15.9,51.2,37,43,Driver only,6400,1.8
Volkswagen,Model_4132,Small,36.5,23.8,44.6,35,43,Driver & Passenger,4462,4.4
Volkswagen,Model_4133,Sport,29.0,27.1,64.7,21,37,Driver & Passenger,6349,1.1
Ford,Model_4134,Sport,28.9,45.9,16.8,30,46,Driver & Passenger,4837,3.6
Mazda,Model_4135,Sport,14.6,18.6,55.0,27,41,Driver & Passenger,6386,1.4
Lexus,Model_4136,Small,18.8,42.6,61.5,16,23,Driver & Passenger,6454,4.6
BMW,Model_4137,SUV,27.5,32.1,60.3,16,45,Driver only,5629,1.2
Lexus,Model_4138,Midsize,18.6,55.0,41.7,23,37,Driver & Passenger,6167,1.6
Honda,Model_4139,Midsize,16.2,44.9,29.4,29,21,Driver & Passenger,5941,2.1
Nissan,Model_4140,SUV,11.7,53.6,45.9,18,29,Driver only,5216,1.4
Mazda,Model_4141,Large,14.2,25.4,28.2,31,31,Driver & Passenger,5848,4.6
Lexus,Model_4142,Midsize,36.6,15.5,33.9,23,26,Driver & Passenger,4419,1.5
Chevrolet,Model_4143,SUV,34.7,32.8,35.6,29,46,Driver only,5551,1.3
Chevrolet,Model_4144,Midsize,10.2,15.6,28.0,15,35,None,4921,1.2
Lexus,Model_4145,Sport,15.9,32.2,30.1,16,36,Driver & Passenger,4516,4.2
Hyundai,Model_4146,Van,29.0,22.1,12.4,23,33,None,5485,3.6
Lexus,Model_4147,SUV,20.3,32.1,27.7,25,43,Driver & Passenger,4989,4.0
Volkswagen,Model_4148,Compact,38.5,52.7,37.0,33,40,Driver only,4735,3.8
Honda,Model_4149,Midsize,37.2,23.0,21.2,15,45,None,5280,4.9
Toyota,Model_4150,Midsize,41.0,54.7,54.7,33,43,Driver & Passenger,4145,4.1
Hyundai,Model_4151,Small,29.0,20.3,40.5,23,37,Driver only,6209,2.5
Mazda,Model_4152,Large,21.4,19.4,54.1,16,20,None,4591,2.2
Mazda,Model_4153,Van,30.6,34.5,18.8,19,21,None,5737,2.2
Lexus,Model_4154,Small,11.8,47.9,55.5,31,33,None,5277,2.3
Kia,Model_4155,Sport,8.8,43.7,62.8,15,25,Driver & Passenger,4614,1.7
BMW,Model_4156,Compact,9.1,42.6,30.7,28,34,Driver & Passenger,4903,2.6
Audi,Model_4157,Large,23.4,22.7,27.0,26,23,Driver & Passenger,5241,1.4
BMW,Model_4158,Small,16.8,11.0,46.3,37,43,Driver & Passenger,5001,2.2
Hyundai,Model_4159,SUV,14.2,17.3,45.7,24,47,Driver only,5833,1.7
Chevrolet,Model_4160,Midsize,31.0,25.7,18.0,33,44,Driver & Passenger,6189,4.7
Lexus,Model_4161,Midsize,44.8,53.7,61.1,29,28,Driver & Passenger,4392,2.8
Chevrolet,Model_4162,Large,15.0,51.4,37.4,15,34,Driver & Passenger,6288,4.3
Chevrolet,Model_4163,Midsize,28.4,19.0,52.5,15,24,Driver & Passenger,6130,3.4
Kia,Model_4164,SUV,12.9,42.7,31.0,25,25,Driver & Passenger,6175,3.4
Chevrolet,Model_4165,Small,42.6,36.1,25.9,25,30,Driver only,5775,1.0
Hyundai,Model_4166,Small,19.1,12.2,17.9,19,32,Driver & Passenger,4105,1.1
Subaru,Model_4167,Midsize,40.6,26.7,26.5,17,31,None,5771,2.1
Honda,Model_4168,Midsize,18.8,31.9,64.7,25,46,None,5145,1.2
Mercedes-Benz,Model_4169,Sport,37.9,40.0,46.9,18,26,Driver & Passenger,4338,2.1
Audi,Model_4170,Compact,16.1,23.3,54.5,20,47,Driver & Passenger,6309,3.5
Lexus,Model_4171,Large,19.2,52.0,62.8,32,39,None,4769,3.8
Hyundai,Model_4172,Small,15.5,30.3,16.2,21,31,Driver only,4255,3.4
Hyundai,Model_4173,Large,18.1,21.2,20.7,35,29,None,4881,3.2
Volkswagen,Model_4174,Sport,39.0,24.2,61.2,18,22,Driver & Passenger,6406,1.3
Subaru,Model_4175,Small,31.8,43.8,41.9,28,21,None,6084,1.5
Audi,Model_4176,Sport,23.3,38.8,45.6,22,45,Driver & Passenger,4695,1.2
Hyundai,Model_4177,Sport,44.0,43.4,34.7,34,39,Driver & Passenger,5653,4.2
Subaru,Model_4178,Van,25.5,23.2,55.2,25,44,Driver & Passenger,5675,2.3
Chevrolet,Model_4179,Midsize,43.9,24.7,39.4,28,40,Driver & Passenger,4566,2.6
Hyundai,Model_4180,SUV,15.7,27.9,55.8,35,20,Driver only,5760,3.5
Honda,Model_4181,Van,41.5,18.5,64.6,17,47,Driver & Passenger,5720,4.9
Lexus,Model_4182,Large,9.0,41.1,46.3,25,40,Driver only,4366,3.5
Mazda,Model_4183,SUV,28.4,24.8,40.0,18,25,Driver & Passenger,4024,1.5
BMW,Model_4184,Large,23.9,24.7,31.4,23,32,Driver & Passenger,4681,4.6
Nissan,Model_4185,Midsize,27.7,22.1,22.3,19,47,Driver & Passenger,5169,1.9
Mercedes-Benz,Model_4186,SUV,28.7,30.4,46.8,27,29,Driver & Passenger,4669,4.2
Honda,Model_4187,Van,22.7,44.7,15.3,34,32,Driver & Passenger,5670,4.0
Mazda,Model_4188,Large,44.9,47.6,62.7,18,41,None,5614,2.7
Toyota,Model_4189,Van,44.1,46.2,46.3,21,24,Driver & Passenger,5309,3.1
Lexus,Model_4190,Midsize,43.6,38.0,62.8,16,27,None,5412,1.9
Hyundai,Model_4191,SUV,44.2,22.6,26.4,34,40,Driver & Passenger,4196,3.8
Toyota,Model_4192,SUV,37.4,43.1,62.2,33,30,Driver & Passenger,6464,4.9
Mazda,Model_4193,Small,44.6,11.8,44.4,21,45,Driver only,4005,2.7
Honda,Model_4194,Sport,41.1,45.9,54.9,34,38,Driver & Passenger,4871,5.0
Hyundai,Model_4195,Sport,23.7,45.1,21.5,35,38,None,4387,2.0
Lexus,Model_4196,Van,37.1,40.2,38.5,23,23,Driver only,5010,1.5
Volkswagen,Model_4197,SUV,41.8,14.4,42.2,33,29,Driver & Passenger,5641,5.0
Nissan,Model_4198,Large,34.5,54.9,32.8,34,43,Driver & Passenger,4793,2.5
Chevrolet,Model_4199,Van,23.9,44.0,25.4,16,28,Driver only,5555,4.4
Hyundai,Model_4200,Van,10.9,43.1,60.0,35,26,Driver & Passenger,4671,1.1
Volkswagen,Model_4201,Compact,38.1,12.9,16.5,30,37,Driver & Passenger,6297,3.5
Lexus,Model_4202,SUV,43.3,27.9,20.2,20,28,Driver & Passenger,5984,1.0
Lexus,Model_4203,Sport,21.7,13.9,29.0,33,25,Driver & Passenger,4984,3.0
Hyundai,Model_4204,SUV,14.0,26.2,60.7,32,25,Driver & Passenger,6112,3.9
Honda,Model_4205,Midsize,20.4,35.7,41.9,31,32,Driver & Passenger,5428,3.5
Volkswagen,Model_4206,Van,29.8,49.5,31.8,25,41,Driver & Passenger,6346,3.5
Honda,Model_4207,Compact,20.1,22.7,33.3,37,36,None,4792,2.3
Subaru,Model_4208,Compact,30.8,38.1,56.4,18,34,Driver only,5523,3.5
Mazda,Model_4209,Sport,43.8,17.4,13.4,22,28,Driver & Passenger,5876,4.4
Ford,Model_4210,Sport,33.0,25.9,12.6,32,25,Driver only,5390,3.0
Hyundai,Model_4211,Sport,21.7,52.6,14.4,27,42,Driver & Passenger,4962,3.2
Mercedes-Benz,Model_4212,Midsize,42.7,43.6,36.9,35,36,Driver only,5511,4.4
Lexus,Model_4213,Compact,29.1,34.6,42.8,22,24,Driver & Passenger,4732,1.5
BMW,Model_4214,Large,13.2,21.3,45.1,24,22,Driver & Passenger,4597,3.4
Hyundai,Model_4215,Midsize,26.7,27.1,50.8,32,44,Driver & Passenger,6198,2.9
Mazda,Model_4216,Small,32.4,17.1,22.1,32,35,None,5804,2.7
Hyundai,Model_4217,Van,39.1,25.9,25.9,31,21,Driver only,5505,2.6
Hyundai,Model_4218,Sport,42.7,16.8,24.9,30,39,Driver only,6070,3.5
Audi,Model_4219,Compact,20.1,45.8,19.9,20,22,Driver & Passenger,5086,4.6
Mercedes-Benz,Model_4220,Van,14.2,13.6,25.0,28,28,Driver & Passenger,4610,3.6
Lexus,Model_4221,SUV,11.2,18.5,44.5,19,38,Driver only,5140,2.1
Toyota,Model_4222,Midsize,35.4,41.1,31.4,29,33,Driver & Passenger,5894,1.6
Lexus,Model_4223,Small,37.5,50.6,52.7,27,33,None,5474,4.9
Subaru,Model_4224,SUV,23.4,53.4,40.4,30,36,Driver & Passenger,4504,2.2
Chevrolet,Model_4225,Midsize,23.0,47.6,23.2,30,27,None,4605,2.9
Volkswagen,Model_4226,Midsize,43.3,19.5,36.8,31,36,Driver & Passenger,5596,1.1
Lexus,Model_4227,Large,42.0,22.9,43.4,19,46,Driver & Passenger,5691,4.2
Ford,Model_4228,Van,17.0,49.2,57.9,25,36,None,4289,4.2
Nissan,Model_4229,Large,37.0,50.0,56.2,29,26,Driver & Passenger,5679,3.8
Hyundai,Model_4230,Midsize,31.2,38.8,34.6,17,28,Driver only,4232,2.4
Nissan,Model_4231,Small,14.1,24.1,46.3,22,23,Driver & Passenger,5432,2.5
Nissan,Model_4232,Compact,21.5,20.1,27.8,17,29,Driver only,6276,3.0
Honda,Model_4233,Compact,15.0,48.4,45.5,18,23,Driver only,5004,2.6
Nissan,Model_4234,SUV,19.3,19.2,60.4,28,40,Driver only,6337,1.7
Chevrolet,Model_4235,Van,31.0,39.8,45.1,37,24,None,5223,1.9
Subaru,Model_4236,Sport,22.2,53.6,28.1,37,21,Driver & Passenger,5156,2.3
Toyota,Model_4237,Sport,22.9,41.7,46.1,34,34,Driver & Passenger,6369,1.1
Nissan,Model_4238,Compact,28.2,21.6,59.8,20,47,Driver & Passenger,5789,2.4
Mercedes-Benz,Model_4239,Midsize,11.7,22.7,19.3,37,44,Driver & Passenger,4587,4.3
Hyundai,Model_4240,Midsize,35.5,14.2,37.6,18,45,Driver & Passenger,6383,2.9
Mercedes-Benz,Model_4241,Large,23.2,40.9,29.0,26,44,None,4178,1.7
Hyundai,Model_4242,Van,26.0,33.3,24.8,16,28,Driver & Passenger,6481,3.8
Honda,Model_4243,Large,44.1,19.3,33.0,32,28,Driver & Passenger,4872,1.1
Chevrolet,Model_4244,Sport,21.1,20.2,32.9,28,20,Driver only,4437,1.6
Toyota,Model_4245,Compact,32.2,10.4,23.2,22,43,Driver only,5520,3.3
Ford,Model_4246,SUV,22.8,54.0,33.4,22,43,None,6466,3.7
Mazda,Model_4247,Midsize,41.1,47.3,45.6,26,31,Driver & Passenger,4541,2.2
Toyota,Model_4248,Compact,39.4,27.7,13.4,15,32,Driver & Passenger,4174,2.1
Mazda,Model_4249,Small,17.3,52.6,64.4,15,39,Driver & Passenger,6325,1.1
Mercedes-Benz,Model_4250,Compact,33.7,40.5,27.7,18,32,Driver & Passenger,6078,2.1
Audi,Model_4251,Small,10.9,43.8,45.1,31,33,None,4050,4.8
Hyundai,Model_4252,Large,43.7,40.6,27.0,24,29,Driver & Passenger,5700,2.6
Mazda,Model_4253,Large,21.2,44.1,32.9,15,36,Driver only,4983,2.3
Subaru,Model_4254,Sport,38.9,17.7,41.1,25,36,Driver & Passenger,5932,3.5
BMW,Model_4255,Compact,20.1,35.3,44.4,35,33,None,4635,5.0
Subaru,Model_4256,Compact,31.6,48.2,52.8,31,36,Driver & Passenger,4158,2.8
Lexus,Model_4257,Small,44.4,10.9,54.0,24,38,Driver & Passenger,4116,1.4
Hyundai,Model_4258,Large,40.5,15.6,39.5,20,45,Driver only,5491,3.9
Hyundai,Model_4259,Small,14.4,21.1,16.0,18,22,Driver & Passenger,6086,4.6
Hyundai,Model_4260,Large,28.5,23.3,41.6,27,23,Driver & Passenger,6395,3.7
Chevrolet,Model_4261,Small,21.2,18.2,37.3,25,30,Driver & Passenger,4984,3.0
Kia,Model_4262,Large,24.4,38.1,23.4,19,35,None,4785,2.0
Honda,Model_4263,Small,20.7,23.2,12.5,28,32,None,5618,2.8
Mercedes-Benz,Model_4264,SUV,20.8,17.1,28.7,16,37,Driver & Passenger,5527,2.7
BMW,Model_4265,Large,28.3,50.8,25.8,17,30,None,5346,4.9
Mazda,Model_4266,Van,15.5,41.3,37.6,17,30,Driver only,5832,1.1
Nissan,Model_4267,Small,28.1,21.1,52.4,25,28,Driver & Passenger,5837,2.5
Chevrolet,Model_4268,Compact,18.7,26.2,35.3,23,45,Driver & Passenger,5525,2.2
BMW,Model_4269,Sport,19.0,43.3,62.4,33,44,Driver & Passenger,5178,4.9
Honda,Model_4270,Van,35.5,45.6,23.7,24,45,Driver & Passenger,5145,1.0
Hyundai,Model_4271,Van,9.6,17.9,23.7,35,42,None,6082,2.2
Mercedes-Benz,Model_4272,Small,22.4,52.1,44.0,20,21,Driver & Passenger,5253,4.9
Chevrolet,Model_4273,Sport,23.4,45.3,59.5,36,22,Driver & Passenger,6188,1.6
Honda,Model_4274,Compact,26.2,48.6,47.6,20,33,Driver & Passenger,5405,4.2
Audi,Model_4275,Van,32.9,16.5,47.7,15,35,Driver only,5305,3.3
Audi,Model_4276,Compact,22.0,16.5,54.7,36,27,Driver only,4205,4.6
Subaru,Model_4277,Large,16.3,23.7,47.4,15,44,None,5186,4.5
Subaru,Model_4278,SUV,40.8,12.9,52.2,36,35,Driver & Passenger,5448,3.3
Honda,Model_4279,Sport,44.3,14.1,57.9,36,23,None,4133,3.2
BMW,Model_4280,SUV,9.2,16.4,12.4,33,28,Driver & Passenger,5002,1.6
Subaru,Model_4281,Midsize,28.4,42.1,58.9,17,23,Driver & Passenger,5588,1.2
Mercedes-Benz,Model_4282,Large,21.0,11.4,23.4,20,32,Driver only,5518,3.9
Chevrolet,Model_4283,Sport,18.6,13.7,60.3,16,21,Driver only,5486,3.5
BMW,Model_4284,Small,20.8,52.5,26.1,29,42,Driver & Passenger,6127,4.2
Subaru,Model_4285,SUV,31.8,13.8,36.1,26,44,None,6111,1.1
Ford,Model_4286,Small,15.5,34.2,61.5,35,37,Driver & Passenger,5442,4.7
Mazda,Model_4287,Compact,41.8,38.9,17.8,24,43,Driver & Passenger,4713,1.3
Ford,Model_4288,Van,25.5,53.1,51.5,33,41,Driver & Passenger,6240,4.6
Volkswagen,Model_4289,SUV,20.4,50.5,32.8,35,44,Driver & Passenger,5474,1.8
Audi,Model_4290,Midsize,36.4,29.8,13.3,27,24,Driver & Passenger,5023,2.0
Hyundai,Model_4291,Small,9.1,52.4,61.8,17,36,None,5009,4.5
Toyota,Model_4292,Sport,24.3,29.5,18.2,32,40,Driver & Passenger,4397,2.8
Mazda,Model_4293,SUV,21.5,40.1,53.0,34,29,Driver & Passenger,6221,3.8
Audi,Model_4294,SUV,20.8,21.7,32.4,19,42,Driver & Passenger,5050,4.6
BMW,Model_4295,Van,20.8,38.6,55.0,36,46,Driver only,6460,2.2
BMW,Model_4296,Van,9.6,34.2,51.8,27,42,Driver & Passenger,5873,1.5
BMW,Model_4297,Sport,14.1,37.3,45.6,28,23,Driver & Passenger,4642,3.2
Hyundai,Model_4298,Van,13.7,40.7,61.8,29,45,None,4537,2.6
Ford,Model_4299,Small,44.6,17.8,17.2,32,25,Driver & Passenger,6452,4.2
Toyota,Model_4300,Sport,9.3,23.6,54.3,28,41,Driver & Passenger,5653,1.0
Mercedes-Benz,Model_4301,Sport,14.6,43.1,47.6,33,46,Driver & Passenger,4300,3.3
Subaru,Model_4302,Compact,44.1,17.4,28.7,17,45,Driver & Passenger,4627,3.1
BMW,Model_4303,Midsize,31.4,25.5,40.9,36,29,Driver only,5666,4.4
Kia,Model_4304,SUV,24.9,40.0,46.2,15,36,Driver & Passenger,4946,3.3
Volkswagen,Model_4305,Compact,11.4,52.2,51.0,37,24,Driver & Passenger,5919,5.0
Mazda,Model_4306,Midsize,32.9,13.4,21.9,21,26,None,4622,1.1
Chevrolet,Model_4307,Sport,13.5,33.2,17.4,34,24,Driver & Passenger,6175,3.0
Subaru,Model_4308,SUV,33.0,13.7,17.4,21,27,Driver & Passenger,6161,4.9
Kia,Model_4309,Van,44.2,27.1,27.6,31,20,Driver & Passenger,5760,4.8
Toyota,Model_4310,Midsize,27.9,17.9,20.2,29,44,Driver & Passenger,6193,1.9
Hyundai,Model_4311,Sport,16.3,39.2,40.4,27,21,None,4887,4.3
Mercedes-Benz,Model_4312,Sport,31.3,44.1,35.2,29,35,Driver & Passenger,5214,4.2
Mercedes-Benz,Model_4313,Compact,27.2,21.1,59.3,17,27,Driver only,4619,4.8
Toyota,Model_4314,Compact,28.0,42.1,50.0,31,40,Driver & Passenger,5875,3.0
Chevrolet,Model_4315,Van,26.0,30.1,22.9,30,45,None,5718,3.1
Mazda,Model_4316,Large,33.1,22.8,14.4,36,34,None,4791,4.1
Lexus,Model_4317,Small,29.4,33.6,49.6,15,42,Driver & Passenger,4153,5.0
Chevrolet,Model_4318,Large,44.5,27.1,56.8,28,30,Driver & Passenger,6272,2.2
Mercedes-Benz,Model_4319,Large,38.6,20.3,49.2,17,35,Driver & Passenger,6015,3.7
Honda,Model_4320,SUV,18.2,44.1,46.1,34,46,Driver & Passenger,5634,3.7
Mazda,Model_4321,SUV,35.0,45.9,25.2,36,26,Driver & Passenger,4672,4.4
Toyota,Model_4322,Van,16.3,46.0,38.2,18,36,Driver & Passenger,6440,3.6
Mercedes-Benz,Model_4323,SUV,37.1,27.2,50.4,23,43,None,4100,2.8
Mercedes-Benz,Model_4324,Midsize,13.9,17.6,22.2,35,22,Driver & Passenger,5855,2.2
BMW,Model_4325,Van,25.8,47.8,37.3,15,34,Driver & Passenger,5764,4.9
Toyota,Model_4326,Van,37.4,24.8,18.2,28,23,Driver only,6250,2.3
Lexus,Model_4327,Sport,18.7,43.7,40.1,27,22,Driver & Passenger,6106,2.0
Toyota,Model_4328,Sport,39.1,46.8,42.4,29,30,None,6063,4.2
Lexus,Model_4329,Sport,32.0,44.6,40.4,32,21,Driver only,4765,3.0
Mazda,Model_4330,Small,23.0,27.5,36.9,30,26,Driver only,4569,1.7
Volkswagen,Model_4331,Midsize,24.0,52.2,43.1,20,45,None,4740,2.4
Honda,Model_4332,Midsize,42.3,39.7,64.8,36,34,Driver only,5343,1.8
Subaru,Model_4333,Sport,16.4,35.9,45.0,30,33,Driver only,4837,1.8
Toyota,Model_4334,Large,33.8,41.4,51.9,25,40,Driver & Passenger,4732,1.3
Kia,Model_4335,Small,34.3,12.0,22.2,21,26,None,5406,3.6
Audi,Model_4336,Large,42.2,27.6,40.1,23,36,Driver & Passenger,6328,2.5
Nissan,Model_4337,Compact,34.5,49.7,12.4,15,29,None,4778,1.2
Nissan,Model_4338,Midsize,29.8,17.2,13.7,24,37,Driver & Passenger,5372,3.6
Toyota,Model_4339,Midsize,41.4,28.6,29.1,22,33,Driver & Passenger,4318,2.2
Lexus,Model_4340,Large,38.8,28.2,36.7,25,25,Driver & Passenger,4895,1.6
Kia,Model_4341,Small,34.7,26.0,42.5,19,41,Driver & Passenger,6356,4.8
Volkswagen,Model_4342,Midsize,9.7,35.3,59.1,20,38,Driver only,4996,1.3
BMW,Model_4343,Large,22.1,54.8,52.9,26,29,Driver only,5765,2.5
Lexus,Model_4344,Van,31.6,21.5,27.9,25,36,Driver & Passenger,6199,3.5
Hyundai,Model_4345,Van,27.6,41.7,51.4,21,38,Driver & Passenger,4848,5.0
Hyundai,Model_4346,SUV,20.2,44.1,41.1,21,39,Driver & Passenger,6141,1.3
Mazda,Model_4347,Small,13.8,36.3,53.3,26,36,Driver & Passenger,4639,4.7
Nissan,Model_4348,Large,28.7,14.4,33.8,26,33,Driver only,5252,4.5
Toyota,Model_4349,SUV,18.9,35.8,16.9,15,26,Driver & Passenger,5520,4.1
Hyundai,Model_4350,Van,17.0,52.9,44.8,33,38,Driver & Passenger,5494,1.4
Toyota,Model_4351,Small,23.1,25.4,41.5,35,43,None,4584,2.2
Mazda,Model_4352,SUV,37.2,38.8,62.5,18,26,Driver & Passenger,6130,2.1
Nissan,Model_4353,Sport,26.3,53.2,20.6,33,31,None,6239,3.1
Chevrolet,Model_4354,Small,16.4,45.9,46.8,35,25,Driver only,4879,1.5
Volkswagen,Model_4355,Compact,12.8,41.0,37.1,33,27,Driver & Passenger,6093,4.3
Audi,Model_4356,Sport,26.7,53.7,32.1,25,28,None,4461,3.7
Audi,Model_4357,SUV,37.5,17.7,54.1,23,37,Driver & Passenger,4731,4.4
Hyundai,Model_4358,Large,32.3,44.8,55.0,27,29,None,4610,1.9
Audi,Model_4359,Sport,17.0,28.3,49.9,36,44,Driver & Passenger,5925,3.5
Mercedes-Benz,Model_4360,Sport,24.4,26.2,16.4,33,45,None,6148,4.4
Volkswagen,Model_4361,SUV,39.7,33.4,30.3,19,40,Driver only,4234,1.2
Lexus,Model_4362,Large,15.0,11.5,14.5,25,35,None,5910,3.2
Chevrolet,Model_4363,Large,27.9,24.1,30.2,17,36,Driver & Passenger,5336,3.9
Volkswagen,Model_4364,Van,21.5,17.5,46.3,19,20,Driver & Passenger,4960,2.5
Mercedes-Benz,Model_4365,Compact,13.0,16.2,39.5,27,26,Driver & Passenger,5385,2.4
Hyundai,Model_4366,Large,10.3,25.2,49.3,28,41,None,5808,1.1
Lexus,Model_4367,Midsize,28.8,46.1,41.2,27,45,Driver & Passenger,4958,3.0
Mercedes-Benz,Model_4368,Midsize,9.3,19.0,41.5,16,28,Driver & Passenger,6292,3.4
Toyota,Model_4369,Compact,12.3,33.9,39.1,16,31,Driver only,6295,4.0
Mazda,Model_4370,Small,21.2,43.7,31.3,32,20,Driver & Passenger,5014,1.3
Subaru,Model_4371,SUV,10.1,20.8,35.7,20,45,None,4262,2.7
Chevrolet,Model_4372,Small,23.1,51.6,18.0,33,29,None,4617,2.0
Subaru,Model_4373,Midsize,13.3,49.0,56.2,24,29,None,4482,1.8
Mazda,Model_4374,Large,21.3,21.3,59.1,35,29,Driver & Passenger,6255,2.0
Mazda,Model_4375,Compact,37.4,54.5,52.6,22,26,Driver & Passenger,4135,2.4
Mercedes-Benz,Model_4376,Small,31.4,40.1,42.9,19,43,None,5404,3.9
Nissan,Model_4377,Small,24.8,22.9,42.2,16,34,None,4222,2.7
Mercedes-Benz,Model_4378,SUV,11.9,40.6,36.9,20,29,Driver & Passenger,5480,1.3
Subaru,Model_4379,Sport,31.1,40.0,24.3,32,35,Driver & Passenger,4285,2.4
Mercedes-Benz,Model_4380,Midsize,14.5,37.3,32.3,22,35,Driver & Passenger,6493,1.4
Toyota,Model_4381,Large,11.3,42.0,64.5,16,39,None,6024,1.8
Mercedes-Benz,Model_4382,Compact,32.7,22.1,19.7,37,20,None,5468,1.5
Kia,Model_4383,Small,41.8,54.1,40.8,34,46,Driver only,4813,4.9
Audi,Model_4384,SUV,25.3,48.6,57.9,18,30,None,4791,4.5
Subaru,Model_4385,Sport,10.0,43.6,36.0,29,38,None,4332,3.5
Kia,Model_4386,Midsize,40.6,11.2,44.1,34,37,Driver & Passenger,6162,2.0
Nissan,Model_4387,Midsize,10.9,36.6,55.9,23,22,Driver & Passenger,5361,1.7
Mazda,Model_4388,SUV,40.2,41.8,41.0,34,34,Driver & Passenger,4143,4.4
Hyundai,Model_4389,Compact,22.8,48.4,50.8,35,47,Driver & Passenger,5037,1.3
Volkswagen,Model_4390,Small,21.8,52.6,30.4,20,25,None,6256,3.8
Lexus,Model_4391,Compact,28.3,51.2,50.9,23,29,Driver & Passenger,5114,2.2
Audi,Model_4392,SUV,43.4,28.3,14.2,27,22,Driver & Passenger,5045,3.0
Lexus,Model_4393,SUV,41.3,50.3,20.1,19,29,None,5697,3.9
Mercedes-Benz,Model_4394,Compact,25.7,10.0,45.8,28,35,None,4409,1.1
Hyundai,Model_4395,Van,33.9,25.8,35.8,28,23,Driver & Passenger,4914,1.7
Audi,Model_4396,Sport,29.7,15.1,55.9,32,20,Driver only,5182,3.6
Toyota,Model_4397,Midsize,33.8,49.7,30.1,21,41,Driver & Passenger,4086,4.7
Hyundai,Model_4398,Van,38.8,51.8,52.7,20,37,Driver & Passenger,4406,2.0
Honda,Model_4399,Large,9.8,21.5,19.4,26,23,None,4720,1.6
Ford,Model_4400,Midsize,20.4,26.5,61.3,28,24,Driver & Passenger,4519,4.7
Ford,Model_4401,Midsize,43.5,54.3,34.2,33,40,None,6057,4.5
Ford,Model_4402,Sport,43.2,35.5,24.2,30,23,Driver & Passenger,6077,4.6
Honda,Model_4403,Large,8.9,32.4,53.8,33,38,Driver & Passenger,6325,1.5
Lexus,Model_4404,Small,15.9,32.5,62.2,24,39,None,5986,4.7
Toyota,Model_4405,Large,44.8,41.3,60.7,25,38,Driver & Passenger,5480,3.3
Hyundai,Model_4406,Small,26.5,53.0,24.6,18,22,Driver & Passenger,5220,3.7
Honda,Model_4407,Large,29.4,26.5,47.6,34,39,Driver & Passenger,4567,2.8
Ford,Model_4408,Compact,14.6,17.8,41.0,16,32,Driver & Passenger,4275,2.4
Nissan,Model_4409,SUV,41.1,18.3,50.4,23,44,Driver & Passenger,4476,1.5
Chevrolet,Model_4410,Large,16.9,10.9,37.8,24,44,Driver & Passenger,6245,1.9
Hyundai,Model_4411,Van,15.4,35.0,36.9,22,43,Driver only,5208,3.4
Subaru,Model_4412,Van,16.8,51.8,58.8,18,39,Driver & Passenger,5556,2.3
Mazda,Model_4413,Sport,42.1,42.1,58.2,27,37,None,5040,1.5
Honda,Model_4414,SUV,34.2,54.7,53.7,20,47,Driver & Passenger,4078,3.8
Toyota,Model_4415,SUV,36.6,50.9,49.4,20,44,Driver only,4026,3.1
Toyota,Model_4416,Small,22.3,32.1,48.0,16,25,None,4746,1.2
Subaru,Model_4417,Midsize,41.7,31.9,15.0,23,43,Driver & Passenger,5986,3.7
Kia,Model_4418,Sport,37.3,38.3,51.7,20,39,None,6158,4.4
Chevrolet,Model_4419,Van,35.9,15.0,45.8,19,43,Driver & Passenger,4370,4.1
Hyundai,Model_4420,Van,43.9,37.3,28.0,16,25,Driver & Passenger,6416,4.7
Hyundai,Model_4421,Small,21.9,30.9,55.5,28,25,Driver & Passenger,5733,2.4
Audi,Model_4422,Van,30.8,38.9,56.1,24,41,None,4708,1.4
Ford,Model_4423,Van,41.7,35.4,61.4,29,44,Driver & Passenger,6060,3.9
Hyundai,Model_4424,Small,37.4,24.0,34.2,31,36,Driver & Passenger,4609,4.6
Mercedes-Benz,Model_4425,Van,29.1,37.3,41.2,21,36,None,5841,2.3
Hyundai,Model_4426,Midsize,11.3,26.5,60.0,34,24,None,5673,2.1
Kia,Model_4427,Compact,32.3,18.8,28.8,25,36,None,6279,3.9
Ford,Model_4428,Sport,27.7,40.4,54.2,27,45,Driver & Passenger,6219,3.9
Chevrolet,Model_4429,Midsize,15.2,23.8,64.6,37,28,None,5828,4.3
Volkswagen,Model_4430,Midsize,40.7,50.0,46.6,35,39,Driver only,5315,4.0
Mercedes-Benz,Model_4431,Compact,21.0,19.0,64.1,31,21,Driver only,6039,2.6
Kia,Model_4432,SUV,22.6,37.0,39.3,19,38,Driver & Passenger,5627,2.7
Lexus,Model_4433,Sport,33.0,35.7,20.1,26,28,Driver & Passenger,4547,4.2
Ford,Model_4434,Midsize,26.3,18.9,21.3,18,46,Driver only,4128,2.1
Chevrolet,Model_4435,Van,11.8,29.8,50.8,15,27,Driver & Passenger,4496,1.4
BMW,Model_4436,Compact,22.6,40.4,12.0,24,38,Driver & Passenger,6410,1.9
Hyundai,Model_4437,SUV,11.9,24.3,47.1,16,32,Driver & Passenger,4194,3.0
Hyundai,Model_4438,Sport,15.5,15.1,20.0,27,43,Driver & Passenger,4543,3.3
Audi,Model_4439,Large,8.8,37.7,64.2,27,23,Driver only,5654,1.3
Subaru,Model_4440,Small,15.1,20.1,20.6,26,25,Driver & Passenger,4379,2.2
Chevrolet,Model_4441,Van,20.6,40.7,41.3,15,23,Driver & Passenger,4994,4.0
Honda,Model_4442,Compact,28.1,47.8,47.5,24,30,Driver & Passenger,5605,4.4
BMW,Model_4443,Small,42.1,15.6,55.4,34,40,None,5337,1.5
Volkswagen,Model_4444,SUV,28.2,29.7,36.3,19,29,Driver & Passenger,5459,3.1
Nissan,Model_4445,SUV,34.3,30.0,61.5,24,35,Driver & Passenger,4197,1.6
Ford,Model_4446,Large,21.6,38.5,37.5,21,44,None,5368,3.9
Mercedes-Benz,Model_4447,Midsize,35.9,25.0,25.4,29,37,Driver only,6331,1.6
BMW,Model_4448,Midsize,31.1,28.8,43.4,32,44,Driver & Passenger,4230,1.4
Chevrolet,Model_4449,Sport,25.3,10.5,46.9,34,38,Driver & Passenger,5728,2.8
Lexus,Model_4450,Compact,15.6,15.5,38.9,18,40,Driver & Passenger,4679,1.4
Mazda,Model_4451,Compact,19.6,35.6,50.9,15,42,Driver & Passenger,4915,4.3
Ford,Model_4452,SUV,31.2,19.7,34.3,22,31,None,5623,4.3
Toyota,Model_4453,Sport,24.1,16.5,12.2,25,33,Driver only,6162,3.0
Hyundai,Model_4454,Small,41.0,24.6,26.0,17,47,Driver only,4075,3.3
Lexus,Model_4455,Midsize,17.1,17.4,62.1,26,37,Driver & Passenger,5469,1.5
Subaru,Model_4456,Midsize,11.2,12.7,52.5,27,39,Driver & Passenger,6340,2.1
Chevrolet,Model_4457,SUV,30.0,22.8,22.0,34,20,Driver only,5851,1.5
Volkswagen,Model_4458,Compact,40.8,17.4,15.5,32,32,Driver & Passenger,5626,1.9
Toyota,Model_4459,SUV,21.8,46.0,30.6,26,46,Driver & Passenger,6124,2.6
Audi,Model_4460,Compact,32.1,12.8,56.3,24,22,None,5373,3.7
Mercedes-Benz,Model_4461,Sport,16.9,43.6,17.6,35,33,Driver & Passenger,5394,3.9
Hyundai,Model_4462,Large,28.9,27.2,40.8,35,41,Driver & Passenger,4322,2.8
Kia,Model_4463,Small,37.2,40.4,26.6,29,37,None,5442,2.2
Nissan,Model_4464,Van,40.1,12.4,50.5,17,43,Driver only,4367,4.2
Nissan,Model_4465,Large,12.3,51.4,12.0,29,42,Driver & Passenger,5725,2.8
Lexus,Model_4466,Large,21.5,44.5,26.7,31,38,Driver only,6443,3.2
Toyota,Model_4467,Compact,31.8,16.3,48.0,30,20,Driver only,4753,2.1
Hyundai,Model_4468,Compact,9.8,19.8,41.0,16,34,Driver & Passenger,4540,1.3
Hyundai,Model_4469,Compact,33.7,39.0,53.3,15,35,Driver only,6333,1.7
Hyundai,Model_4470,Large,27.8,51.5,20.4,36,47,Driver & Passenger,5685,3.9
Audi,Model_4471,SUV,19.0,30.1,40.1,18,47,Driver & Passenger,5360,2.1
Mazda,Model_4472,Small,38.2,31.9,22.4,31,29,Driver & Passenger,4308,1.5
Hyundai,Model_4473,SUV,19.1,20.7,45.9,21,39,Driver & Passenger,6266,3.6
BMW,Model_4474,Compact,44.7,27.2,19.0,19,23,Driver & Passenger,4816,2.9
Subaru,Model_4475,Midsize,38.3,22.9,19.9,37,30,Driver only,4390,1.1
Nissan,Model_4476,SUV,34.3,25.8,29.4,18,35,Driver & Passenger,6093,5.0
BMW,Model_4477,Small,10.7,10.9,33.3,34,24,Driver & Passenger,6058,2.5
Volkswagen,Model_4478,Midsize,41.5,11.8,38.4,34,38,None,6063,3.6
Ford,Model_4479,Small,37.3,40.6,42.8,19,30,Driver only,5720,4.9
Honda,Model_4480,Compact,16.9,40.7,36.8,22,37,Driver & Passenger,4547,3.5
Chevrolet,Model_4481,SUV,22.8,24.9,14.4,34,34,Driver & Passenger,5074,2.2
Mercedes-Benz,Model_4482,Van,18.3,49.8,30.2,37,21,Driver only,4149,3.0
Audi,Model_4483,Sport,44.4,22.0,15.3,23,43,Driver only,5511,1.4
Hyundai,Model_4484,Compact,39.7,27.8,18.3,20,32,Driver & Passenger,4420,1.7
Nissan,Model_4485,Large,42.5,42.9,16.9,18,42,Driver only,5282,2.2
BMW,Model_4486,Van,37.3,43.5,20.4,19,31,Driver & Passenger,4624,1.3
Kia,Model_4487,Large,25.2,48.8,55.1,22,33,Driver & Passenger,5829,1.5
Lexus,Model_4488,Small,16.0,11.3,45.3,34,20,Driver & Passenger,6472,4.4
Subaru,Model_4489,Large,16.1,18.3,38.9,27,31,Driver & Passenger,6341,2.0
Subaru,Model_4490,Van,14.0,38.8,50.8,18,32,Driver & Passenger,4885,2.3
Ford,Model_4491,Van,28.5,25.2,62.9,21,44,Driver & Passenger,4161,1.7
Chevrolet,Model_4492,Compact,42.1,12.0,34.1,36,22,Driver only,4522,2.6
Chevrolet,Model_4493,Midsize,44.7,36.4,31.5,15,22,Driver & Passenger,5230,3.8
Subaru,Model_4494,Compact,19.0,27.7,63.8,23,20,Driver & Passenger,6317,4.8
Subaru,Model_4495,Small,34.0,26.4,52.9,19,30,Driver & Passenger,6384,3.2
Hyundai,Model_4496,Large,30.3,21.9,53.2,24,23,None,5435,2.2
Hyundai,Model_4497,Midsize,26.3,10.3,43.8,25,45,Driver & Passenger,4545,3.0
Hyundai,Model_4498,SUV,32.8,18.2,38.9,32,47,Driver & Passenger,6408,1.5
Audi,Model_4499,Sport,22.1,31.3,41.2,19,30,Driver only,5335,3.7
Mazda,Model_4500,Van,43.0,22.4,46.6,36,21,Driver & Passenger,5871,2.3
Volkswagen,Model_4501,Midsize,34.2,49.3,32.0,35,47,Driver & Passenger,5033,4.8
Kia,Model_4502,SUV,36.0,16.4,53.5,18,38,Driver & Passenger,4215,3.6
Volkswagen,Model_4503,Midsize,17.3,49.4,60.2,33,31,None,4843,2.9
Hyundai,Model_4504,Compact,14.7,28.2,42.3,30,46,Driver & Passenger,6238,1.9
BMW,Model_4505,SUV,22.9,22.4,32.2,16,32,Driver only,6266,1.4
Honda,Model_4506,Sport,36.5,23.7,48.9,29,36,Driver only,5432,1.8
Subaru,Model_4507,Van,42.8,24.9,21.7,23,38,Driver & Passenger,5404,3.3
Toyota,Model_4508,Small,24.1,32.8,63.3,31,23,Driver & Passenger,5240,3.1
Mazda,Model_4509,Small,36.8,25.9,46.9,16,25,Driver & Passenger,5823,1.0
Audi,Model_4510,Midsize,25.7,39.1,15.6,36,22,Driver & Passenger,4105,4.0
Ford,Model_4511,SUV,19.3,29.1,40.1,20,30,Driver only,6103,1.2
Mazda,Model_4512,Midsize,35.5,40.2,51.8,15,41,Driver only,5515,1.3
Subaru,Model_4513,Large,37.6,37.2,26.7,22,31,Driver & Passenger,4601,3.8
Nissan,Model_4514,Sport,15.9,21.0,14.7,25,31,Driver & Passenger,5034,3.6
Audi,Model_4515,Van,19.6,46.6,37.9,34,37,Driver & Passenger,6484,1.9
Honda,Model_4516,Midsize,26.6,46.0,56.2,37,33,None,5637,3.7
Nissan,Model_4517,Large,15.3,54.5,25.3,29,30,Driver only,4413,1.1
Mazda,Model_4518,SUV,42.4,17.9,50.0,23,43,None,4230,2.1
Toyota,Model_4519,Sport,30.1,48.2,33.6,16,40,Driver only,6184,4.0
Toyota,Model_4520,Van,12.9,49.2,15.2,21,36,Driver only,5546,2.9
Hyundai,Model_4521,Small,15.2,38.9,28.1,31,41,Driver & Passenger,6448,4.4
Honda,Model_4522,Large,43.3,32.8,28.6,17,35,Driver only,4568,1.6
Chevrolet,Model_4523,SUV,35.4,53.1,59.9,18,22,None,4981,4.5
Mercedes-Benz,Model_4524,Sport,35.3,53.8,64.0,17,23,Driver & Passenger,6097,2.9
Kia,Model_4525,Large,11.1,38.9,23.1,22,45,Driver & Passenger,4479,1.4
Subaru,Model_4526,Midsize,41.2,26.2,34.8,25,27,Driver & Passenger,4600,1.2
Ford,Model_4527,Compact,24.7,46.8,63.8,30,43,Driver & Passenger,5787,1.0
Subaru,Model_4528,Small,32.6,14.0,33.6,28,30,Driver & Passenger,4207,3.5
Chevrolet,Model_4529,Midsize,43.5,23.1,30.5,37,32,None,6157,1.9
Volkswagen,Model_4530,Midsize,12.2,54.3,17.8,33,43,Driver only,5473,1.6
Hyundai,Model_4531,SUV,26.1,46.6,51.9,37,31,Driver only,4170,3.4
Hyundai,Model_4532,SUV,10.3,52.3,35.7,16,24,Driver & Passenger,5065,2.6
Volkswagen,Model_4533,Sport,26.7,36.8,45.8,26,35,Driver only,4715,2.8
Lexus,Model_4534,SUV,17.7,28.3,39.0,25,20,Driver & Passenger,4929,1.5
Volkswagen,Model_4535,Large,41.8,54.1,21.3,30,28,None,4589,2.0
Toyota,Model_4536,Small,23.0,23.9,21.3,25,33,Driver only,5402,1.4
Toyota,Model_4537,Midsize,31.6,44.1,61.8,17,46,Driver only,5757,2.3
BMW,Model_4538,Sport,39.9,35.1,59.1,37,44,Driver & Passenger,4215,2.2
Nissan,Model_4539,Small,44.4,20.3,44.4,24,27,Driver & Passenger,4587,4.1
Mazda,Model_4540,SUV,26.9,10.8,12.1,19,46,Driver & Passenger,6015,4.9
Ford,Model_4541,SUV,25.1,27.3,35.0,27,22,Driver & Passenger,4546,5.0
Honda,Model_4542,Large,11.3,34.6,40.1,20,41,Driver & Passenger,6124,2.5
Mazda,Model_4543,SUV,9.0,18.2,35.8,34,26,None,4722,4.2
Subaru,Model_4544,Midsize,30.7,28.7,61.0,17,23,None,5071,2.1
BMW,Model_4545,Van,10.9,37.7,14.2,36,34,Driver & Passenger,6112,1.6
Toyota,Model_4546,Midsize,22.4,42.2,46.7,23,31,None,4519,3.6
Hyundai,Model_4547,Midsize,8.6,12.4,28.6,35,45,Driver only,6188,2.9
Honda,Model_4548,SUV,31.0,39.9,41.7,21,42,Driver only,5128,3.4
Toyota,Model_4549,Small,24.0,12.6,46.8,37,28,Driver & Passenger,5673,2.5
Mercedes-Benz,Model_4550,SUV,13.1,11.3,35.4,21,41,None,4539,2.2
Ford,Model_4551,Small,19.3,16.9,19.9,16,37,Driver & Passenger,5050,4.7
Nissan,Model_4552,Small,29.3,39.4,39.5,22,41,Driver & Passenger,5364,4.5
Lexus,Model_4553,Small,32.5,12.4,61.4,32,32,None,5546,1.5
Mazda,Model_4554,Sport,25.4,10.9,40.4,15,22,Driver & Passenger,5239,3.6
Mazda,Model_4555,Compact,37.8,15.3,18.5,24,26,Driver & Passenger,5035,2.4
Volkswagen,Model_4556,SUV,12.6,52.7,55.7,20,38,Driver only,5705,3.3
Chevrolet,Model_4557,Sport,11.6,50.8,23.8,32,47,Driver & Passenger,4828,1.8
Volkswagen,Model_4558,Midsize,10.1,13.9,31.6,27,27,Driver & Passenger,6331,3.9
Mercedes-Benz,Model_4559,Sport,28.1,23.7,34.7,35,30,Driver only,6457,2.2
Honda,Model_4560,Large,34.3,52.6,30.0,15,46,Driver & Passenger,4858,3.8
Kia,Model_4561,Van,13.3,14.4,33.4,37,24,Driver only,4899,1.6
Volkswagen,Model_4562,Small,31.8,14.3,54.2,15,35,Driver & Passenger,6153,1.5
Lexus,Model_4563,SUV,25.9,13.9,23.8,26,22,Driver & Passenger,5173,2.4
BMW,Model_4564,Large,44.5,53.9,36.9,22,20,None,6313,5.0
Volkswagen,Model_4565,SUV,34.7,43.4,13.1,35,40,Driver & Passenger,4646,4.4
Volkswagen,Model_4566,Van,32.5,19.7,38.9,19,29,Driver only,6238,3.5
Kia,Model_4567,Large,29.3,12.1,17.9,17,29,Driver only,5265,2.2
Chevrolet,Model_4568,SUV,44.9,53.4,27.0,32,35,Driver only,5218,1.7
Ford,Model_4569,Midsize,44.3,29.1,29.2,20,30,Driver & Passenger,4087,4.0
BMW,Model_4570,Small,28.1,36.9,16.4,18,38,Driver & Passenger,5508,1.8
Volkswagen,Model_4571,Large,25.1,22.6,31.1,29,39,None,5949,2.6
Mercedes-Benz,Model_4572,Midsize,25.4,44.1,38.4,18,32,None,4360,3.1
Hyundai,Model_4573,Small,24.1,18.9,34.8,20,34,Driver & Passenger,4115,1.4
Nissan,Model_4574,Compact,27.9,45.4,26.9,32,29,Driver & Passenger,4784,4.1
Lexus,Model_4575,Midsize,18.5,20.4,27.6,32,23,Driver & Passenger,5486,4.8
Kia,Model_4576,Sport,42.3,14.4,45.6,24,38,Driver only,5379,1.6
Nissan,Model_4577,SUV,26.4,31.5,50.1,27,34,Driver & Passenger,4479,4.5
Kia,Model_4578,Small,39.2,46.6,42.6,34,25,Driver & Passenger,5777,2.9
Mercedes-Benz,Model_4579,Large,25.8,27.3,63.7,36,41,None,5237,1.5
Nissan,Model_4580,Van,34.7,11.3,62.1,32,36,Driver only,4995,3.4
Kia,Model_4581,Large,20.8,34.9,17.2,21,32,Driver only,5145,4.7
Subaru,Model_4582,Sport,31.3,40.6,25.9,22,39,None,6031,4.8
Nissan,Model_4583,SUV,26.7,43.3,58.0,20,36,Driver only,4707,3.9
Chevrolet,Model_4584,Sport,21.9,28.1,13.6,16,34,Driver & Passenger,4943,3.0
Audi,Model_4585,Large,40.7,14.4,43.4,36,26,Driver only,6308,1.7
BMW,Model_4586,SUV,12.6,36.3,62.6,22,42,Driver & Passenger,4006,3.4
Honda,Model_4587,Van,26.3,24.8,48.0,24,41,Driver only,4870,3.5
Ford,Model_4588,Small,15.6,52.6,16.9,31,30,Driver & Passenger,5925,1.4
Subaru,Model_4589,SUV,39.9,32.6,51.6,36,37,None,5970,2.0
Hyundai,Model_4590,Midsize,17.8,31.3,32.0,26,39,None,6075,2.2
Toyota,Model_4591,SUV,31.6,23.9,60.8,25,47,Driver & Passenger,4824,4.4
Mercedes-Benz,Model_4592,Sport,14.5,25.2,27.2,31,38,None,5854,3.3
Mercedes-Benz,Model_4593,Sport,23.3,33.1,37.1,30,46,Driver & Passenger,4421,2.0
Volkswagen,Model_4594,Sport,41.3,23.8,51.6,36,27,Driver & Passenger,4722,2.2
Hyundai,Model_4595,Van,14.6,50.2,25.6,24,37,Driver & Passenger,4491,1.6
Lexus,Model_4596,SUV,32.7,29.8,21.6,34,29,Driver & Passenger,5803,1.2
Honda,Model_4597,SUV,16.0,23.1,12.1,17,37,Driver only,5708,3.0
Toyota,Model_4598,Compact,23.7,17.0,37.9,33,36,Driver only,4300,1.1
Mercedes-Benz,Model_4599,Van,28.2,40.3,61.2,18,28,Driver only,4064,5.0
BMW,Model_4600,Small,29.6,11.2,26.9,33,22,Driver & Passenger,4162,4.1
Honda,Model_4601,Small,30.5,30.2,14.3,23,34,Driver only,5134,4.1
Nissan,Model_4602,Small,31.9,34.8,44.9,34,43,Driver & Passenger,5269,4.0
Nissan,Model_4603,Small,18.4,25.3,15.0,31,42,Driver only,5827,3.6
Hyundai,Model_4604,Small,23.1,43.7,38.9,18,31,None,4423,1.3
Toyota,Model_4605,Large,9.9,40.4,32.2,31,36,Driver only,6471,2.8
Mercedes-Benz,Model_4606,Sport,36.6,53.7,37.2,17,46,Driver & Passenger,5547,2.1
Ford,Model_4607,Van,39.1,32.9,20.6,34,25,Driver & Passenger,4721,2.2
Mercedes-Benz,Model_4608,Large,15.8,34.2,16.8,18,43,Driver & Passenger,4413,2.5
BMW,Model_4609,Van,15.9,21.1,51.7,23,41,Driver & Passenger,4551,2.3
Nissan,Model_4610,Compact,10.0,27.3,25.0,20,28,Driver & Passenger,4912,3.6
Volkswagen,Model_4611,SUV,43.9,11.2,54.4,33,29,Driver & Passenger,4072,1.0
Audi,Model_4612,Midsize,38.0,41.0,52.2,21,22,Driver & Passenger,5382,2.5
Chevrolet,Model_4613,Sport,21.7,24.0,22.5,30,25,Driver & Passenger,4405,4.8
Chevrolet,Model_4614,Compact,26.1,34.3,60.1,29,45,None,4568,2.0
Kia,Model_4615,Large,19.2,21.5,20.5,30,32,Driver & Passenger,4654,3.5
Ford,Model_4616,Midsize,30.3,37.9,54.2,28,33,Driver & Passenger,5372,3.2
Mercedes-Benz,Model_4617,SUV,34.7,30.1,34.3,18,23,Driver & Passenger,5399,3.0
Chevrolet,Model_4618,Compact,24.8,31.7,21.7,37,29,None,5589,1.5
Kia,Model_4619,SUV,40.4,52.4,61.7,16,47,Driver & Passenger,5747,4.3
Toyota,Model_4620,SUV,27.4,41.8,63.1,21,38,Driver only,5767,3.3
Nissan,Model_4621,Van,13.8,21.8,39.1,21,35,Driver & Passenger,4407,3.2
Lexus,Model_4622,Midsize,31.2,32.7,36.9,20,43,Driver & Passenger,4591,4.8
Hyundai,Model_4623,Van,25.4,31.0,59.7,34,26,None,5432,1.3
Subaru,Model_4624,SUV,42.7,45.8,43.6,23,42,Driver & Passenger,5150,3.0
Nissan,Model_4625,Compact,22.8,47.5,26.1,31,24,Driver & Passenger,4941,3.8
Subaru,Model_4626,SUV,23.2,22.8,34.5,35,31,Driver only,5920,4.2
Volkswagen,Model_4627,Large,32.3,47.0,56.3,25,34,None,6481,1.0
Audi,Model_4628,SUV,27.7,18.1,57.6,30,20,Driver only,5146,3.7
Honda,Model_4629,Van,22.2,44.3,61.8,15,41,Driver & Passenger,5139,4.8
Chevrolet,Model_4630,Midsize,44.6,21.2,27.3,30,25,Driver & Passenger,5765,3.9
Toyota,Model_4631,Compact,19.5,23.4,48.0,31,38,Driver only,4859,2.7
Subaru,Model_4632,Van,18.6,48.4,15.6,20,24,None,6022,4.5
Hyundai,Model_4633,SUV,40.1,28.9,50.5,36,28,Driver & Passenger,5183,4.5
Mazda,Model_4634,Large,8.6,54.6,41.8,25,26,Driver only,4095,3.8
Mercedes-Benz,Model_4635,Sport,15.8,16.8,25.2,21,43,Driver only,5051,3.7
Chevrolet,Model_4636,Large,30.1,30.9,46.7,30,28,Driver only,5147,2.4
Mercedes-Benz,Model_4637,SUV,14.4,43.0,19.2,36,41,None,4879,2.0
Hyundai,Model_4638,Large,44.5,10.2,29.7,16,35,Driver & Passenger,5023,3.5
Ford,Model_4639,Sport,25.4,16.8,33.2,34,24,Driver & Passenger,5157,1.0
Volkswagen,Model_4640,Large,30.3,10.9,53.2,27,29,Driver only,6061,4.4
Honda,Model_4641,Sport,14.4,54.7,28.4,27,40,None,6220,4.6
Chevrolet,Model_4642,SUV,19.1,44.2,14.6,29,40,Driver only,5722,1.7
Mercedes-Benz,Model_4643,Sport,30.9,26.8,21.6,29,34,Driver & Passenger,4935,3.3
Toyota,Model_4644,Van,28.6,17.0,44.2,23,34,Driver & Passenger,4314,1.7
Chevrolet,Model_4645,Van,37.1,14.1,12.8,32,32,None,5828,3.0
Subaru,Model_4646,Sport,18.3,33.9,54.0,28,39,None,5105,3.6
Ford,Model_4647,Compact,32.4,53.9,59.8,37,37,Driver & Passenger,5987,2.6
Mazda,Model_4648,Midsize,19.1,40.4,38.3,28,42,None,6038,4.6
BMW,Model_4649,Compact,29.9,26.4,49.5,18,26,Driver & Passenger,5947,4.6
Hyundai,Model_4650,Sport,30.6,32.5,36.5,28,27,Driver & Passenger,5064,3.1
Mazda,Model_4651,Midsize,12.9,55.0,28.4,24,27,Driver only,5874,3.3
Kia,Model_4652,Van,28.5,33.3,20.7,25,30,None,5260,1.0
Chevrolet,Model_4653,Midsize,8.9,53.4,39.5,36,43,Driver & Passenger,6390,2.4
Nissan,Model_4654,Sport,26.8,10.7,61.3,15,28,None,4988,4.0
Audi,Model_4655,Van,34.0,42.4,59.2,28,25,Driver & Passenger,5702,5.0
Nissan,Model_4656,Midsize,11.2,38.2,60.7,22,39,Driver only,4461,4.8
Mazda,Model_4657,Midsize,42.8,40.8,63.2,20,21,Driver & Passenger,4193,1.4
Subaru,Model_4658,Compact,25.2,35.7,20.8,25,24,Driver only,6380,2.7
Nissan,Model_4659,Midsize,42.8,12.0,19.8,28,41,Driver only,4999,1.2
Toyota,Model_4660,SUV,12.4,16.7,34.7,21,42,Driver & Passenger,4651,4.3
Nissan,Model_4661,Sport,43.2,51.5,48.5,36,41,None,6316,3.9
Honda,Model_4662,Small,12.5,20.5,35.3,21,23,Driver & Passenger,4514,4.7
BMW,Model_4663,Small,25.3,54.7,59.3,35,39,Driver & Passenger,5857,3.0
Chevrolet,Model_4664,Small,42.7,40.6,50.0,33,34,Driver & Passenger,4883,1.4
Hyundai,Model_4665,Sport,17.0,30.0,45.6,36,26,Driver & Passenger,5713,3.3
Volkswagen,Model_4666,Small,9.8,51.4,15.8,24,20,None,5231,4.5
Nissan,Model_4667,Compact,37.4,45.8,21.3,36,38,Driver only,5375,1.2
Ford,Model_4668,Sport,30.2,29.3,34.7,23,45,Driver & Passenger,6103,4.3
Volkswagen,Model_4669,SUV,27.3,13.1,63.7,32,37,None,6161,3.5
BMW,Model_4670,Van,9.8,49.1,29.7,31,21,Driver & Passenger,4722,1.5
Mercedes-Benz,Model_4671,SUV,32.3,44.4,45.4,27,42,Driver & Passenger,5193,3.6
Hyundai,Model_4672,Sport,14.8,45.6,64.4,18,40,Driver & Passenger,4163,1.2
Subaru,Model_4673,Sport,42.5,43.5,26.0,35,32,Driver only,5830,1.7
BMW,Model_4674,Midsize,33.5,22.4,20.8,21,47,Driver & Passenger,6176,1.2
Nissan,Model_4675,Midsize,34.3,48.6,41.0,22,33,None,4751,3.3
BMW,Model_4676,Midsize,17.0,10.1,41.3,30,22,Driver & Passenger,5751,2.2
Volkswagen,Model_4677,Large,40.6,20.7,60.9,26,35,None,4190,2.2
Audi,Model_4678,Compact,28.1,12.1,13.4,15,44,None,5877,3.6
Subaru,Model_4679,Sport,39.8,15.0,33.6,20,33,Driver only,6462,1.4
Nissan,Model_4680,SUV,18.4,34.0,28.6,15,34,Driver only,4552,3.5
Toyota,Model_4681,Sport,36.1,11.7,42.3,22,44,Driver & Passenger,4650,3.8
Mazda,Model_4682,Midsize,29.5,18.2,12.5,26,22,Driver & Passenger,4261,4.4
Honda,Model_4683,Sport,10.3,20.5,49.7,30,21,Driver & Passenger,4946,3.7
Hyundai,Model_4684,Van,23.3,39.5,37.7,15,22,None,4191,3.6
Lexus,Model_4685,Sport,15.2,31.1,49.1,18,28,None,6125,3.6
Kia,Model_4686,SUV,21.6,30.6,35.7,33,27,Driver & Passenger,4351,1.2
Subaru,Model_4687,Small,22.5,44.6,37.1,32,38,None,6451,2.8
BMW,Model_4688,Van,25.8,30.6,59.5,22,39,Driver only,5070,3.2
Toyota,Model_4689,Van,30.4,25.7,23.2,20,40,Driver & Passenger,4917,3.7
Chevrolet,Model_4690,Sport,29.3,53.3,23.5,27,39,None,6396,2.2
Chevrolet,Model_4691,Large,9.9,10.4,41.7,34,47,Driver & Passenger,5636,3.7
Kia,Model_4692,Midsize,35.9,23.7,47.0,17,34,Driver & Passenger,4974,2.6
Subaru,Model_4693,Compact,43.1,37.4,30.8,29,46,Driver & Passenger,4152,3.9
Subaru,Model_4694,Compact,21.2,45.2,39.5,20,31,Driver only,5650,1.7
Honda,Model_4695,Small,15.1,46.7,24.1,20,33,Driver & Passenger,5330,2.2
BMW,Model_4696,Compact,28.2,12.1,19.2,19,37,Driver & Passenger,6315,4.8
Hyundai,Model_4697,Compact,34.2,41.9,24.6,33,46,Driver & Passenger,5677,4.0
Audi,Model_4698,Midsize,33.3,42.4,60.6,24,44,Driver & Passenger,4935,4.6
Kia,Model_4699,Midsize,30.8,19.6,54.5,23,21,Driver & Passenger,5311,1.8
Honda,Model_4700,Large,13.8,15.1,19.4,28,40,None,6353,4.8
BMW,Model_4701,SUV,39.0,43.7,14.5,36,30,None,4284,4.0
Volkswagen,Model_4702,Small,24.0,21.2,16.9,19,44,Driver & Passenger,5503,3.4
Toyota,Model_4703,Compact,16.6,10.1,27.6,21,43,Driver only,4023,1.1
Lexus,Model_4704,Large,11.6,20.1,55.0,31,20,Driver only,4786,1.2
Mazda,Model_4705,Small,23.7,11.4,29.0,37,38,Driver & Passenger,4773,4.1
Audi,Model_4706,Van,31.1,21.2,21.8,31,45,Driver & Passenger,6177,3.7
Hyundai,Model_4707,Compact,32.8,25.1,33.0,23,33,Driver & Passenger,4742,1.9
Volkswagen,Model_4708,Compact,43.6,22.2,18.6,36,28,Driver & Passenger,4379,2.8
Volkswagen,Model_4709,Midsize,14.1,51.4,36.9,37,22,Driver & Passenger,5810,3.6
Hyundai,Model_4710,Sport,44.5,20.5,47.8,21,46,Driver & Passenger,4239,1.1
Chevrolet,Model_4711,Small,32.4,31.0,31.5,15,33,Driver & Passenger,4145,3.7
Ford,Model_4712,Compact,25.1,53.1,21.2,16,39,Driver & Passenger,5315,2.6
Toyota,Model_4713,Small,40.9,49.6,36.0,24,22,Driver & Passenger,5965,1.4
Chevrolet,Model_4714,SUV,33.8,23.9,52.4,33,42,Driver only,5335,1.7
Nissan,Model_4715,Large,21.2,24.7,16.1,22,44,Driver & Passenger,4307,2.7
Lexus,Model_4716,Large,40.8,36.7,15.8,23,23,None,4823,3.5
Volkswagen,Model_4717,Sport,32.8,51.3,28.9,29,44,Driver & Passenger,4884,2.4
Ford,Model_4718,Compact,34.0,10.4,34.0,25,21,Driver & Passenger,4625,1.4
Subaru,Model_4719,SUV,41.2,27.7,23.5,26,21,Driver & Passenger,6276,4.3
Chevrolet,Model_4720,Midsize,24.9,48.2,13.4,36,44,Driver & Passenger,5043,3.0
Hyundai,Model_4721,Compact,32.5,28.5,23.6,32,34,Driver & Passenger,6307,2.1
Hyundai,Model_4722,Small,35.7,42.4,35.1,16,42,Driver & Passenger,5778,3.7
Hyundai,Model_4723,Van,25.1,41.1,16.2,29,40,Driver only,4613,2.3
Honda,Model_4724,Large,11.5,19.2,49.9,24,40,Driver & Passenger,6244,2.4
Audi,Model_4725,Small,36.7,30.2,41.3,21,32,None,4389,2.1
Mercedes-Benz,Model_4726,Sport,10.2,35.5,35.0,23,44,Driver & Passenger,4702,2.4
Chevrolet,Model_4727,Large,34.7,42.2,39.5,36,46,None,4345,2.0
Hyundai,Model_4728,Midsize,41.7,47.0,46.8,31,39,Driver & Passenger,6161,4.9
Hyundai,Model_4729,Large,21.2,44.2,64.7,28,30,Driver & Passenger,4708,2.0
Mazda,Model_4730,Van,12.2,11.3,53.1,23,33,None,5194,3.6
Honda,Model_4731,SUV,17.0,40.2,40.6,21,36,None,4260,1.8
Mercedes-Benz,Model_4732,Compact,29.0,32.4,52.8,29,41,None,5989,3.2
Toyota,Model_4733,Van,42.9,35.8,37.2,17,34,Driver & Passenger,5909,3.0
Toyota,Model_4734,SUV,27.2,26.8,28.5,16,33,Driver & Passenger,5261,3.2
Toyota,Model_4735,Van,12.6,42.1,25.9,17,38,Driver & Passenger,4674,2.4
Toyota,Model_4736,Compact,31.4,40.3,33.2,16,21,Driver & Passenger,5326,4.5
Mazda,Model_4737,Large,35.2,36.1,12.1,27,23,Driver only,6212,2.2
Chevrolet,Model_4738,Sport,22.9,48.8,21.4,27,44,Driver & Passenger,4418,4.5
Hyundai,Model_4739,Compact,34.8,14.6,18.7,16,27,Driver & Passenger,5263,2.6
BMW,Model_4740,Compact,20.4,23.5,62.9,34,31,None,5551,3.6
Chevrolet,Model_4741,SUV,37.3,32.3,15.4,36,32,None,4196,1.0
Volkswagen,Model_4742,Midsize,20.9,53.1,38.6,33,42,Driver & Passenger,5290,2.8
Nissan,Model_4743,Large,17.8,13.2,60.7,23,37,Driver & Passenger,5074,3.6
Mercedes-Benz,Model_4744,Compact,40.6,25.2,44.2,19,36,None,5756,2.2
Hyundai,Model_4745,Sport,28.5,51.7,38.2,35,32,Driver & Passenger,4237,2.3
Lexus,Model_4746,Small,18.9,50.4,51.4,21,31,None,5368,2.6
Mercedes-Benz,Model_4747,Large,42.6,48.9,30.7,27,26,Driver & Passenger,4945,2.1
Hyundai,Model_4748,Midsize,33.7,23.9,22.3,15,47,None,6370,3.4
Audi,Model_4749,Van,16.6,48.1,56.9,23,45,None,4706,1.2
Ford,Model_4750,Compact,30.9,32.7,15.0,16,35,Driver & Passenger,5088,4.3
BMW,Model_4751,Sport,40.3,37.9,54.8,17,33,Driver & Passenger,4011,4.8
Mercedes-Benz,Model_4752,Large,33.9,20.7,17.5,26,24,Driver & Passenger,5375,1.7
BMW,Model_4753,Sport,17.4,41.8,45.2,19,30,None,5813,1.9
Volkswagen,Model_4754,Sport,32.2,24.7,37.3,26,43,Driver & Passenger,5355,4.8
Chevrolet,Model_4755,SUV,31.1,25.5,64.9,18,40,Driver & Passenger,4166,1.7
BMW,Model_4756,Van,38.5,38.7,32.6,35,45,Driver & Passenger,5765,1.4
Kia,Model_4757,Midsize,15.0,20.8,62.7,35,40,Driver & Passenger,5840,4.2
Kia,Model_4758,Large,34.0,20.1,33.4,26,27,Driver & Passenger,4880,3.7
Lexus,Model_4759,Compact,9.5,26.6,48.1,19,28,Driver & Passenger,5550,3.7
Nissan,Model_4760,Midsize,33.9,45.0,46.1,28,37,Driver & Passenger,4095,1.9
Subaru,Model_4761,Compact,43.6,20.1,16.6,28,27,Driver & Passenger,4225,2.5
Ford,Model_4762,Small,14.9,45.4,51.4,24,26,Driver & Passenger,5653,1.6
Hyundai,Model_4763,Sport,19.9,41.3,23.1,24,27,None,4652,1.6
Mazda,Model_4764,Small,29.8,40.6,32.6,19,34,None,4692,3.0
Chevrolet,Model_4765,SUV,35.2,31.4,53.5,32,38,None,6214,3.7
Mazda,Model_4766,Sport,21.1,43.6,62.0,31,23,Driver only,5129,2.3
Lexus,Model_4767,Van,32.7,10.6,41.7,24,26,Driver only,4889,2.9
Hyundai,Model_4768,Midsize,41.3,23.8,39.5,25,40,Driver & Passenger,6051,2.4
Lexus,Model_4769,Compact,35.0,40.6,38.8,29,42,None,6292,4.7
Hyundai,Model_4770,SUV,34.5,54.4,55.3,33,41,Driver & Passenger,5883,3.8
Chevrolet,Model_4771,Van,22.4,10.1,64.6,26,23,Driver & Passenger,5100,3.5
Chevrolet,Model_4772,Compact,41.8,32.9,45.6,30,34,Driver only,6097,3.9
Ford,Model_4773,Midsize,18.6,51.6,32.1,37,21,Driver & Passenger,4652,2.1
Mazda,Model_4774,Large,16.0,48.9,23.6,26,31,Driver & Passenger,4691,4.7
Kia,Model_4775,SUV,21.8,11.0,22.5,36,25,Driver & Passenger,4347,1.8
Toyota,Model_4776,Small,32.2,33.8,57.4,36,25,None,4207,1.6
Mazda,Model_4777,Small,40.0,10.2,64.6,33,33,None,5652,4.6
Audi,Model_4778,Compact,13.3,45.5,49.0,17,25,Driver & Passenger,5545,2.0
Lexus,Model_4779,Compact,38.2,23.9,62.7,27,20,Driver & Passenger,4973,4.4
Audi,Model_4780,Compact,38.2,44.5,30.5,35,25,Driver & Passenger,4630,2.2
Chevrolet,Model_4781,SUV,29.9,52.5,45.3,36,37,Driver only,6139,2.2
Toyota,Model_4782,Midsize,36.3,53.9,39.1,29,45,Driver only,5134,4.8
Honda,Model_4783,Large,15.1,50.2,37.5,31,40,Driver & Passenger,6442,4.9
Hyundai,Model_4784,Small,14.7,19.2,45.5,25,35,None,4176,4.8
Nissan,Model_4785,Van,40.0,18.8,28.4,37,42,Driver & Passenger,5620,1.5
Toyota,Model_4786,Sport,26.7,38.2,46.0,26,45,Driver & Passenger,4129,3.3
Hyundai,Model_4787,SUV,17.5,34.5,47.7,31,20,Driver & Passenger,4134,1.1
Nissan,Model_4788,SUV,33.6,10.4,56.3,36,40,None,4772,3.7
Mercedes-Benz,Model_4789,Midsize,41.1,27.6,50.7,37,44,Driver only,4412,3.7
Mazda,Model_4790,Small,31.6,50.8,28.9,19,38,Driver only,4002,5.0
Mazda,Model_4791,Large,21.2,50.4,35.9,19,37,None,6188,4.5
Nissan,Model_4792,Midsize,26.1,19.2,18.4,21,45,Driver & Passenger,5090,1.9
Subaru,Model_4793,Van,36.0,27.2,25.6,17,21,Driver only,5095,2.8
Hyundai,Model_4794,Small,11.0,35.2,39.6,17,38,None,5138,2.0
Hyundai,Model_4795,Midsize,16.4,48.4,17.3,31,36,Driver & Passenger,4899,1.2
Toyota,Model_4796,Small,25.4,33.9,42.2,16,37,Driver & Passenger,4425,2.5
Honda,Model_4797,Small,30.6,53.6,32.7,29,41,Driver & Passenger,5634,1.4
Chevrolet,Model_4798,SUV,20.9,46.0,13.8,33,43,None,4587,4.1
Ford,Model_4799,Large,19.4,52.9,35.0,37,23,Driver & Passenger,4274,2.6
Hyundai,Model_4800,SUV,10.0,42.9,26.9,24,37,Driver & Passenger,4081,1.1
Mazda,Model_4801,Sport,9.7,49.5,15.5,25,24,Driver & Passenger,4807,2.1
Audi,Model_4802,Large,18.7,47.4,27.5,23,31,None,4759,2.3
Hyundai,Model_4803,Small,27.9,21.4,27.6,28,34,Driver & Passenger,4635,2.8
Ford,Model_4804,Midsize,28.8,20.3,30.8,21,34,Driver & Passenger,6122,3.7
Lexus,Model_4805,Van,26.5,48.9,31.4,24,22,Driver & Passenger,4914,4.2
Lexus,Model_4806,Large,23.5,13.8,34.8,15,40,Driver & Passenger,5762,4.9
Honda,Model_4807,Sport,17.7,28.4,16.9,15,22,Driver & Passenger,5836,4.4
Lexus,Model_4808,Small,23.1,46.9,12.3,28,30,Driver & Passenger,5683,2.8
Hyundai,Model_4809,Van,13.6,46.6,51.0,22,39,Driver & Passenger,4222,1.4
BMW,Model_4810,Large,12.7,16.2,29.9,28,40,Driver only,5752,3.7
Volkswagen,Model_4811,SUV,19.4,31.9,44.5,21,33,Driver & Passenger,5911,2.7
Chevrolet,Model_4812,SUV,44.8,31.6,28.3,32,26,Driver & Passenger,6078,2.6
Mazda,Model_4813,Large,20.4,24.6,64.2,37,37,Driver & Passenger,4238,2.4
Chevrolet,Model_4814,Large,42.7,51.3,28.7,23,25,Driver & Passenger,5577,1.7
Lexus,Model_4815,Large,22.8,39.4,44.1,29,41,Driver & Passenger,5285,1.4
Subaru,Model_4816,Van,24.5,54.1,23.7,15,25,Driver & Passenger,5645,4.3
Mercedes-Benz,Model_4817,SUV,37.6,13.0,39.4,25,42,None,6016,1.7
Mercedes-Benz,Model_4818,Midsize,11.9,27.7,42.7,33,30,Driver & Passenger,6043,3.8
Ford,Model_4819,Sport,15.2,47.6,21.7,24,22,Driver & Passenger,4478,3.9
Mercedes-Benz,Model_4820,Sport,44.0,29.0,18.6,32,40,Driver & Passenger,5204,2.2
Mercedes-Benz,Model_4821,Small,27.0,21.8,63.6,36,33,None,4373,3.2
Chevrolet,Model_4822,Compact,10.1,54.9,59.3,18,31,Driver & Passenger,5618,3.8
Volkswagen,Model_4823,Midsize,10.2,49.3,47.0,32,44,Driver & Passenger,5384,1.5
BMW,Model_4824,SUV,41.6,34.6,57.6,32,33,None,6277,1.7
Ford,Model_4825,Small,40.4,35.3,17.1,36,34,None,5295,3.9
Mazda,Model_4826,Small,25.2,10.3,50.7,36,44,Driver & Passenger,5036,2.1
Toyota,Model_4827,Large,14.5,54.1,27.1,34,42,Driver & Passenger,5445,1.4
Audi,Model_4828,Compact,38.8,46.3,40.6,26,28,None,5932,3.1
Ford,Model_4829,SUV,20.3,11.7,52.5,23,38,None,4398,4.2
Kia,Model_4830,Compact,23.8,17.9,13.8,32,31,Driver & Passenger,4168,2.2
Subaru,Model_4831,Midsize,33.4,46.9,48.8,20,26,Driver only,5073,2.0
BMW,Model_4832,Compact,21.4,13.9,35.0,37,36,Driver & Passenger,6153,1.8
Subaru,Model_4833,Small,31.4,52.4,35.3,33,33,Driver only,4196,2.9
Ford,Model_4834,Compact,40.8,55.0,60.1,34,34,Driver & Passenger,4040,3.3
Ford,Model_4835,Compact,37.6,49.9,57.6,37,33,Driver only,5655,1.5
Kia,Model_4836,Sport,22.4,43.3,15.0,29,42,Driver only,4538,4.2
Mercedes-Benz,Model_4837,SUV,19.0,31.9,44.8,19,38,None,5344,3.1
Mazda,Model_4838,SUV,18.9,13.7,35.1,25,38,None,6430,3.3
Hyundai,Model_4839,Small,21.2,42.9,18.2,27,33,Driver & Passenger,6189,1.5
Hyundai,Model_4840,Van,26.5,27.9,57.1,16,42,Driver & Passenger,4930,3.5
Subaru,Model_4841,Compact,23.7,35.7,15.8,22,27,Driver & Passenger,6326,3.7
Ford,Model_4842,Compact,13.4,23.2,13.7,25,32,None,5514,2.6
Audi,Model_4843,Large,14.5,20.9,22.5,32,23,Driver only,4021,3.4
Chevrolet,Model_4844,SUV,21.0,24.6,28.1,24,31,Driver & Passenger,5562,1.9
Mazda,Model_4845,Compact,29.0,46.6,15.2,15,20,Driver & Passenger,4433,3.6
Audi,Model_4846,SUV,30.1,29.2,46.0,18,24,Driver & Passenger,6072,3.1
Lexus,Model_4847,Compact,26.2,24.0,35.2,31,45,Driver & Passenger,5889,3.3
Mazda,Model_4848,Sport,35.5,29.5,33.8,31,23,Driver & Passenger,6229,2.0
Lexus,Model_4849,Small,35.4,11.5,19.7,19,35,Driver & Passenger,4688,4.2
Audi,Model_4850,SUV,24.1,50.1,35.2,37,44,Driver & Passenger,6150,4.3
Volkswagen,Model_4851,Midsize,13.0,34.8,32.7,17,38,Driver & Passenger,4898,1.4
BMW,Model_4852,Small,27.9,14.7,32.3,21,39,Driver & Passenger,4664,4.5
Mercedes-Benz,Model_4853,Large,22.4,23.0,23.6,19,45,Driver & Passenger,4323,4.1
Audi,Model_4854,Small,13.5,54.3,17.0,24,38,Driver & Passenger,5848,3.2
Nissan,Model_4855,Compact,44.3,36.7,25.8,21,22,Driver & Passenger,6139,1.2
Audi,Model_4856,Large,22.0,23.1,47.4,31,35,None,6172,3.1
Toyota,Model_4857,Small,31.3,29.2,15.9,31,26,Driver & Passenger,5011,2.9
Toyota,Model_4858,Large,26.4,21.6,32.3,21,24,Driver & Passenger,4877,1.9
Hyundai,Model_4859,Midsize,13.7,11.4,39.3,20,40,None,6312,4.3
Lexus,Model_4860,Small,10.5,47.9,63.0,23,39,None,4334,2.3
Nissan,Model_4861,SUV,31.3,23.2,56.7,22,45,Driver only,6151,3.3
Mercedes-Benz,Model_4862,SUV,17.5,47.7,60.6,28,43,Driver & Passenger,5863,2.8
Nissan,Model_4863,Van,17.4,31.5,55.5,36,20,Driver & Passenger,5959,4.5
Chevrolet,Model_4864,Compact,43.4,18.2,43.2,20,30,Driver & Passenger,6487,3.0
Nissan,Model_4865,Large,25.4,46.1,57.6,23,44,Driver & Passenger,5805,2.1
Chevrolet,Model_4866,Van,9.6,27.0,42.0,34,46,Driver & Passenger,4357,3.9
Hyundai,Model_4867,Van,20.9,41.8,31.0,25,44,Driver only,5786,4.1
Hyundai,Model_4868,Sport,29.8,47.7,31.7,25,46,Driver only,4619,4.7
BMW,Model_4869,Large,20.5,53.3,42.0,22,40,Driver only,5412,4.0
Hyundai,Model_4870,Van,9.5,13.9,54.9,17,36,None,5365,1.2
Toyota,Model_4871,Sport,24.7,10.4,19.1,25,47,Driver & Passenger,4866,4.3
Audi,Model_4872,Van,12.4,34.7,14.1,18,31,Driver & Passenger,4260,2.9
Audi,Model_4873,Compact,31.1,21.9,53.8,37,37,Driver & Passenger,6443,1.6
Lexus,Model_4874,Midsize,31.1,31.1,46.3,17,21,Driver & Passenger,4409,4.9
Kia,Model_4875,Sport,9.9,13.3,55.5,27,41,Driver & Passenger,5408,3.6
Kia,Model_4876,Midsize,19.1,32.6,63.8,33,29,Driver only,6185,4.6
Honda,Model_4877,Large,23.6,15.6,25.3,22,44,Driver & Passenger,5278,1.7
Mazda,Model_4878,Compact,28.6,47.7,22.3,35,38,Driver & Passenger,4421,4.1
BMW,Model_4879,Sport,19.3,44.2,30.1,35,35,Driver & Passenger,4151,3.4
Honda,Model_4880,Large,19.0,13.3,58.5,36,27,Driver & Passenger,5772,2.5
Honda,Model_4881,Van,44.4,47.6,12.7,35,21,Driver & Passenger,4046,1.9
Ford,Model_4882,SUV,10.0,24.6,12.6,15,24,Driver & Passenger,5630,2.4
Lexus,Model_4883,Small,44.6,25.9,23.5,35,47,None,5665,3.1
Ford,Model_4884,Large,10.2,18.1,31.9,22,23,Driver only,6416,3.9
Subaru,Model_4885,Midsize,19.0,47.6,28.0,23,40,None,5618,2.7
Lexus,Model_4886,Compact,26.5,28.2,55.7,20,23,Driver only,6237,2.6
Honda,Model_4887,Compact,13.7,12.2,48.6,25,20,Driver only,5280,1.0
Nissan,Model_4888,Large,13.4,53.5,56.4,24,34,Driver only,5214,4.8
Mazda,Model_4889,Van,17.9,21.5,32.3,17,32,Driver only,6003,4.1
Hyundai,Model_4890,Small,44.0,52.1,43.6,22,36,None,5210,5.0
BMW,Model_4891,Midsize,22.4,23.6,39.3,19,25,Driver & Passenger,5647,4.7
Lexus,Model_4892,Large,29.2,47.4,37.2,16,43,Driver only,6486,4.5
Hyundai,Model_4893,Large,34.2,39.9,27.3,30,42,None,5321,1.2
Honda,Model_4894,SUV,35.6,48.8,49.6,15,39,Driver & Passenger,4986,3.5
Mercedes-Benz,Model_4895,Compact,33.6,53.9,39.8,16,32,Driver & Passenger,4233,1.9
Volkswagen,Model_4896,Midsize,20.8,49.2,16.2,17,40,Driver & Passenger,6161,4.5
Audi,Model_4897,Small,12.6,28.2,12.0,23,43,Driver only,6098,4.3
Mazda,Model_4898,Compact,18.8,46.7,13.1,31,41,Driver & Passenger,5241,1.7
Ford,Model_4899,Large,16.2,42.0,16.0,26,43,Driver & Passenger,4373,4.1
Subaru,Model_4900,Compact,13.5,12.8,31.7,16,41,Driver & Passenger,4189,4.9
Audi,Model_4901,Compact,9.4,51.8,28.2,16,43,Driver & Passenger,5769,2.4
Hyundai,Model_4902,Sport,42.7,31.0,20.3,37,31,Driver & Passenger,6084,2.5
Lexus,Model_4903,Compact,42.1,16.1,39.3,33,31,Driver only,6492,1.1
Ford,Model_4904,Van,10.3,29.1,63.4,34,39,Driver & Passenger,4696,3.9
Ford,Model_4905,Compact,14.8,37.1,20.5,31,29,Driver & Passenger,4172,4.3
Mazda,Model_4906,Van,13.6,35.8,25.3,31,21,Driver & Passenger,5111,1.2
Ford,Model_4907,Midsize,18.8,35.9,36.5,27,34,Driver only,4637,4.8
Hyundai,Model_4908,Compact,15.9,21.5,46.0,26,38,Driver & Passenger,5277,1.3
Volkswagen,Model_4909,Small,43.0,38.5,43.8,25,40,None,4385,3.3
Hyundai,Model_4910,Van,11.6,50.8,39.6,25,23,Driver only,6332,4.7
Subaru,Model_4911,Van,16.2,27.5,51.1,22,40,Driver & Passenger,5856,4.7
Toyota,Model_4912,Large,11.4,38.4,56.8,32,33,None,4747,1.5
Hyundai,Model_4913,Midsize,44.3,21.0,64.9,18,20,Driver & Passenger,4205,4.9
Hyundai,Model_4914,Compact,42.0,12.2,36.7,32,20,None,4374,2.1
Hyundai,Model_4915,SUV,34.7,36.4,64.7,29,47,Driver only,4935,2.4
Toyota,Model_4916,Small,24.0,12.1,50.7,21,37,None,4112,3.7
Kia,Model_4917,Large,15.4,42.6,46.8,37,34,Driver & Passenger,4778,1.4
Mercedes-Benz,Model_4918,Midsize,16.6,40.2,45.9,29,30,Driver & Passenger,4275,3.1
Kia,Model_4919,Van,24.7,26.6,60.3,33,37,None,4414,4.3
Ford,Model_4920,Small,36.5,28.5,62.2,35,43,Driver & Passenger,5412,3.0
BMW,Model_4921,Compact,18.2,51.3,21.5,31,29,None,6399,1.2
BMW,Model_4922,SUV,19.8,10.6,38.2,24,23,Driver only,6036,4.2
Toyota,Model_4923,Sport,30.4,35.3,61.9,25,33,Driver & Passenger,4867,2.0
Audi,Model_4924,Sport,17.2,51.6,32.3,28,41,Driver & Passenger,6224,4.2
Mazda,Model_4925,Midsize,29.8,51.1,24.3,18,37,Driver only,6457,4.8
Ford,Model_4926,SUV,22.6,36.3,17.4,18,20,Driver & Passenger,5131,4.0
Mazda,Model_4927,Small,9.8,27.2,43.7,15,47,Driver & Passenger,6083,1.1
Hyundai,Model_4928,Large,23.2,14.5,49.1,26,26,Driver only,6454,3.6
BMW,Model_4929,Small,42.1,17.8,22.4,21,23,Driver & Passenger,6397,2.1
Nissan,Model_4930,SUV,19.2,40.6,47.7,19,23,Driver & Passenger,6362,1.8
Subaru,Model_4931,Van,20.3,10.7,59.7,15,37,Driver & Passenger,5814,4.0
Hyundai,Model_4932,Sport,10.9,49.8,24.9,35,28,Driver & Passenger,6326,2.2
Mercedes-Benz,Model_4933,Midsize,30.9,36.5,18.5,22,21,None,4938,1.6
Subaru,Model_4934,Compact,39.5,12.0,56.3,32,24,Driver & Passenger,4611,1.7
Volkswagen,Model_4935,Small,21.4,20.8,60.6,27,25,Driver & Passenger,4339,3.7
Hyundai,Model_4936,Sport,17.3,36.7,23.4,31,22,None,5083,2.8
Toyota,Model_4937,Large,43.4,11.6,50.2,16,46,Driver & Passenger,4101,1.8
Volkswagen,Model_4938,Midsize,35.7,45.1,43.3,20,38,Driver & Passenger,5696,1.3
Chevrolet,Model_4939,Compact,29.2,51.4,24.7,35,41,Driver & Passenger,4160,4.7
Hyundai,Model_4940,Small,19.7,53.3,55.7,18,40,Driver only,5175,5.0
Volkswagen,Model_4941,Large,16.6,43.0,36.9,22,24,Driver & Passenger,5374,2.6
Ford,Model_4942,Compact,34.6,48.6,49.1,29,40,Driver & Passenger,4869,2.0
Subaru,Model_4943,Van,27.5,37.5,28.0,19,28,Driver & Passenger,5750,1.2
Honda,Model_4944,Sport,27.5,30.6,55.2,34,43,Driver & Passenger,5821,2.2
Honda,Model_4945,Van,11.2,42.1,26.0,25,39,Driver & Passenger,4465,3.3
Ford,Model_4946,Sport,27.2,20.1,31.3,22,25,Driver only,5081,3.1
Hyundai,Model_4947,Large,38.5,14.9,32.7,31,24,Driver only,4352,2.6
Chevrolet,Model_4948,Van,43.1,44.3,22.9,23,46,Driver & Passenger,4954,2.4
Mercedes-Benz,Model_4949,Sport,12.4,53.1,58.3,32,25,Driver & Passenger,5656,4.9
Chevrolet,Model_4950,Midsize,31.5,36.0,18.0,28,34,Driver only,5167,3.0
Toyota,Model_4951,Large,29.2,31.7,41.8,23,30,Driver & Passenger,4655,1.0
BMW,Model_4952,Sport,41.0,34.0,55.1,24,43,Driver & Passenger,5318,3.8
Mazda,Model_4953,Small,35.9,31.5,42.8,34,41,Driver & Passenger,6469,3.3
Subaru,Model_4954,Sport,43.7,29.9,29.3,16,41,Driver & Passenger,5174,1.6
Chevrolet,Model_4955,Van,43.5,52.6,53.4,17,37,None,4025,3.8
Nissan,Model_4956,Midsize,16.7,31.6,38.5,19,42,Driver only,5840,1.1
Toyota,Model_4957,Compact,35.0,13.6,20.6,18,47,Driver only,4592,3.9
Kia,Model_4958,Compact,27.9,44.4,28.8,17,47,Driver & Passenger,5637,1.6
Audi,Model_4959,Sport,16.3,27.6,43.4,33,38,Driver & Passenger,4279,4.9
Kia,Model_4960,Compact,15.6,42.0,46.9,24,31,Driver & Passenger,5193,3.0
Mercedes-Benz,Model_4961,Sport,11.5,36.1,41.1,21,31,Driver & Passenger,4129,1.0
Toyota,Model_4962,Midsize,37.5,42.1,26.4,26,26,None,5651,4.4
Subaru,Model_4963,Compact,20.3,12.8,43.5,22,35,Driver & Passenger,5159,4.3
Volkswagen,Model_4964,Van,39.8,11.5,29.6,19,31,Driver only,4380,4.1
Hyundai,Model_4965,Van,30.7,27.0,23.9,27,40,Driver only,4680,3.2
Mazda,Model_4966,Small,33.1,41.2,62.1,23,23,Driver & Passenger,6188,1.9
Audi,Model_4967,Sport,19.1,20.1,28.7,18,29,None,4090,3.6
Kia,Model_4968,Compact,25.2,29.5,29.8,16,47,Driver only,6094,4.4
Hyundai,Model_4969,Van,23.5,54.1,59.5,19,36,Driver & Passenger,4302,3.0
Audi,Model_4970,SUV,17.1,19.7,19.6,16,47,Driver & Passenger,4576,1.3
Nissan,Model_4971,Midsize,38.9,48.2,43.0,32,34,Driver & Passenger,4196,4.9
Nissan,Model_4972,Midsize,31.2,47.1,53.5,20,27,Driver only,4412,3.7
Volkswagen,Model_4973,SUV,9.9,50.1,26.5,25,33,Driver & Passenger,4334,4.9
Mercedes-Benz,Model_4974,SUV,38.4,51.2,56.7,24,37,Driver & Passenger,5397,1.7
Nissan,Model_4975,Small,12.4,32.8,52.8,15,45,None,4797,1.8
Toyota,Model_4976,Midsize,23.2,40.7,37.8,16,27,Driver & Passenger,6349,1.4
Mazda,Model_4977,Midsize,29.4,37.9,18.3,35,33,Driver only,5285,1.8
Subaru,Model_4978,Compact,8.8,23.9,63.4,24,42,None,6077,1.4
Volkswagen,Model_4979,Sport,32.3,22.6,45.1,19,35,None,5583,2.1
Toyota,Model_4980,Large,32.6,25.4,39.4,26,38,None,4720,3.3
Honda,Model_4981,Midsize,32.3,19.8,58.9,33,46,None,4150,4.3
Hyundai,Model_4982,Midsize,14.5,44.1,34.3,35,26,Driver & Passenger,5713,1.4
Hyundai,Model_4983,Large,17.8,53.4,41.9,16,36,Driver only,6157,1.6
Lexus,Model_4984,Midsize,17.5,49.0,57.5,20,24,None,5769,2.2
Hyundai,Model_4985,Compact,43.5,19.8,32.8,29,32,Driver & Passenger,5061,2.4
Nissan,Model_4986,Compact,11.0,12.3,52.9,22,37,None,5475,4.6
Honda,Model_4987,Large,24.1,44.1,25.6,30,37,Driver only,4402,1.9
Chevrolet,Model_4988,Van,40.3,27.6,49.2,33,38,Driver & Passenger,4424,1.5
Chevrolet,Model_4989,Midsize,36.6,47.1,39.1,32,42,Driver only,6169,4.5
Subaru,Model_4990,Van,38.5,45.1,20.7,31,37,None,4091,4.5
Nissan,Model_4991,Midsize,44.0,38.1,19.2,15,39,Driver only,6074,4.1
Kia,Model_4992,Sport,22.6,21.5,36.3,25,39,None,5406,2.5
Toyota,Model_4993,Midsize,19.8,14.7,49.7,18,36,None,4018,4.7
Nissan,Model_4994,Compact,9.6,21.4,44.0,20,42,Driver & Passenger,6383,2.8
BMW,Model_4995,Small,14.0,32.9,57.3,21,23,None,4388,4.2
Audi,Model_4996,SUV,29.0,54.1,32.7,22,36,Driver only,4092,2.7
Subaru,Model_4997,Small,14.3,12.9,56.7,24,38,Driver & Passenger,6309,2.9
Hyundai,Model_4998,Small,35.4,19.0,14.0,31,27,Driver & Passenger,4040,4.4
Chevrolet,Model_4999,Small,9.9,38.2,31.4,26,39,Driver & Passenger,5717,1.0
Hyundai,Model_5000,SUV,18.0,23.7,15.9,22,20,None,4751,2.1
Ford,Model_5001,Van,33.9,48.6,60.7,26,26,Driver & Passenger,6095,3.6
Lexus,Model_5002,SUV,17.8,16.3,37.2,31,27,Driver only,4604,4.7
Chevrolet,Model_5003,Van,35.1,53.3,28.8,17,24,Driver & Passenger,6303,1.1
Subaru,Model_5004,SUV,44.8,51.1,38.1,28,28,Driver & Passenger,4544,2.9
Hyundai,Model_5005,SUV,37.6,49.9,40.2,26,26,None,6266,3.1
Subaru,Model_5006,Midsize,21.0,17.8,56.9,19,23,Driver only,5442,5.0
Audi,Model_5007,Van,41.4,24.8,40.7,27,44,Driver only,6149,3.8
Hyundai,Model_5008,Midsize,10.4,46.2,34.9,25,41,Driver & Passenger,6023,1.5
Mercedes-Benz,Model_5009,Sport,35.0,46.4,63.0,30,46,Driver & Passenger,6349,3.2
Ford,Model_5010,Midsize,9.4,41.7,63.3,24,27,None,5013,1.6
Nissan,Model_5011,Small,14.9,30.2,14.0,22,21,Driver only,6475,3.9
Mercedes-Benz,Model_5012,Large,44.5,24.0,49.5,20,24,None,4134,2.5
Honda,Model_5013,Large,21.7,53.3,31.7,34,22,Driver & Passenger,5926,3.6
Hyundai,Model_5014,Compact,38.4,16.3,47.8,34,24,Driver & Passenger,4315,4.6
Ford,Model_5015,Compact,22.2,12.0,45.8,17,43,None,4367,4.2
Hyundai,Model_5016,Midsize,39.2,10.4,29.5,34,41,None,4238,4.2
Hyundai,Model_5017,SUV,43.7,44.9,64.3,24,20,Driver & Passenger,4696,2.1
BMW,Model_5018,SUV,24.4,12.6,30.9,32,26,Driver & Passenger,6076,3.4
Volkswagen,Model_5019,Large,28.9,34.2,45.5,24,29,Driver & Passenger,4204,1.8
BMW,Model_5020,Small,31.4,26.5,55.1,27,35,Driver & Passenger,5523,1.9
Mazda,Model_5021,Van,42.6,16.6,19.7,28,20,Driver & Passenger,6279,3.8
BMW,Model_5022,Small,17.9,43.3,27.9,15,36,None,4907,2.6
Toyota,Model_5023,Small,30.8,12.5,22.5,34,23,None,4591,4.6
Honda,Model_5024,Midsize,20.4,24.3,53.4,29,35,Driver & Passenger,5721,2.9
Mercedes-Benz,Model_5025,Midsize,16.4,35.3,54.5,26,28,None,5869,1.3
Audi,Model_5026,Sport,11.6,28.1,25.6,30,27,Driver & Passenger,4335,2.7
Mercedes-Benz,Model_5027,Small,31.2,21.7,12.2,21,45,Driver & Passenger,6437,1.5
Mercedes-Benz,Model_5028,SUV,40.7,51.7,34.4,28,38,Driver & Passenger,6099,5.0
Ford,Model_5029,SUV,21.3,51.9,48.4,23,41,Driver & Passenger,5394,1.1
Hyundai,Model_5030,Small,28.7,28.7,45.0,23,36,Driver & Passenger,4167,3.2
Mazda,Model_5031,Midsize,31.9,27.7,35.6,24,29,Driver only,4350,2.5
Mazda,Model_5032,Midsize,23.6,23.8,28.0,23,36,Driver only,4652,3.4
Audi,Model_5033,Sport,41.5,48.5,37.1,30,41,None,6047,3.2
Honda,Model_5034,Sport,21.7,35.6,12.8,37,40,Driver & Passenger,6479,4.7
Ford,Model_5035,Compact,13.1,14.0,15.9,22,35,Driver & Passenger,4974,1.7
Chevrolet,Model_5036,Large,13.8,48.4,20.6,16,41,Driver & Passenger,4827,1.5
Subaru,Model_5037,Small,41.0,34.1,45.1,32,28,None,4001,4.5
BMW,Model_5038,SUV,44.6,28.7,23.6,32,47,None,4965,4.7
Subaru,Model_5039,Small,19.0,25.2,34.4,26,24,Driver & Passenger,5902,2.4
Subaru,Model_5040,Sport,13.7,14.5,44.9,17,21,None,4818,4.8
Nissan,Model_5041,Sport,26.1,53.1,56.0,16,33,Driver & Passenger,6155,2.4
Subaru,Model_5042,Compact,34.4,43.4,41.1,20,36,Driver & Passenger,4624,3.3
Mazda,Model_5043,Large,30.9,15.9,21.4,20,32,None,6103,3.7
BMW,Model_5044,Compact,43.2,33.0,62.4,31,32,Driver & Passenger,4039,5.0
BMW,Model_5045,SUV,38.3,35.0,16.8,30,46,Driver & Passenger,4504,1.7
Toyota,Model_5046,Large,40.2,17.6,31.5,37,32,Driver only,4972,2.2
Honda,Model_5047,Van,28.3,29.2,60.8,27,37,Driver only,4698,3.2
Nissan,Model_5048,Small,20.4,39.1,43.9,26,43,None,4011,1.9
Subaru,Model_5049,Compact,34.1,22.8,47.1,25,20,Driver & Passenger,5807,3.3
Volkswagen,Model_5050,Sport,24.5,24.9,28.0,29,41,Driver only,4234,4.1
Chevrolet,Model_5051,Compact,19.0,15.5,16.2,31,40,Driver & Passenger,5320,4.5
Mercedes-Benz,Model_5052,Van,14.1,28.6,31.4,34,45,Driver & Passenger,4915,2.3
Hyundai,Model_5053,Compact,27.8,36.3,33.3,36,46,None,6471,1.7
Toyota,Model_5054,Small,30.2,15.2,26.3,22,44,Driver & Passenger,5596,3.7
BMW,Model_5055,Van,29.3,37.7,23.4,21,23,Driver & Passenger,5996,3.7
BMW,Model_5056,Sport,12.8,27.9,30.8,25,40,Driver & Passenger,6322,2.8
Kia,Model_5057,Sport,29.3,40.5,45.9,35,24,Driver & Passenger,5196,3.4
Nissan,Model_5058,Midsize,14.6,24.2,62.3,36,30,None,4602,4.2
Subaru,Model_5059,Van,32.7,35.6,49.3,22,21,Driver & Passenger,6471,3.9
Hyundai,Model_5060,Midsize,24.2,37.6,53.3,33,46,Driver & Passenger,4448,3.7
Nissan,Model_5061,Midsize,39.5,41.1,28.2,20,21,Driver & Passenger,5101,3.6
Kia,Model_5062,Small,36.9,44.1,17.5,34,44,Driver & Passenger,5050,3.9
Lexus,Model_5063,Compact,34.9,16.1,27.5,33,47,Driver only,5760,3.4
Mercedes-Benz,Model_5064,Sport,34.1,53.4,33.3,33,35,None,6014,1.3
Nissan,Model_5065,Sport,29.0,48.0,48.6,18,22,Driver & Passenger,4925,3.3
BMW,Model_5066,Compact,10.7,35.3,61.8,36,25,Driver & Passenger,4664,4.6
Mazda,Model_5067,Sport,32.4,50.1,54.9,29,39,Driver only,5780,1.2
Ford,Model_5068,Compact,25.5,27.2,26.1,31,23,Driver & Passenger,4315,2.6
BMW,Model_5069,Van,25.6,11.5,55.5,32,24,None,5236,2.6
Toyota,Model_5070,Small,22.3,42.7,33.8,34,40,None,5680,2.0
Honda,Model_5071,Small,42.4,52.5,21.3,26,26,None,6120,3.3
Lexus,Model_5072,SUV,17.6,17.3,36.4,24,26,Driver & Passenger,5746,1.7
Kia,Model_5073,Small,20.1,39.0,41.9,23,47,Driver & Passenger,5669,4.7
Chevrolet,Model_5074,Compact,43.7,46.6,52.5,22,36,None,5149,1.6
Hyundai,Model_5075,SUV,38.1,50.7,30.5,22,25,None,5541,4.9
Chevrolet,Model_5076,Compact,9.0,22.4,19.8,25,23,Driver & Passenger,4642,1.0
Hyundai,Model_5077,Large,41.6,15.8,17.0,37,21,Driver & Passenger,4158,3.0
BMW,Model_5078,SUV,16.8,21.2,18.0,26,25,Driver only,5611,1.1
Toyota,Model_5079,Sport,34.3,36.0,62.4,36,26,Driver & Passenger,4135,4.5
Subaru,Model_5080,Sport,28.7,51.3,62.4,37,21,Driver & Passenger,6282,4.2
BMW,Model_5081,Large,28.1,36.2,63.3,20,37,Driver & Passenger,5625,1.9
Honda,Model_5082,Large,34.7,51.4,28.0,17,29,Driver & Passenger,4762,1.6
Mazda,Model_5083,Small,16.1,44.7,22.2,29,46,Driver & Passenger,4281,1.8
Mercedes-Benz,Model_5084,Large,14.3,36.9,64.0,20,26,Driver & Passenger,4398,1.3
Volkswagen,Model_5085,Compact,32.3,11.0,64.4,21,28,Driver only,6231,1.9
Hyundai,Model_5086,Midsize,19.1,25.0,16.2,20,38,Driver & Passenger,4597,1.3
Honda,Model_5087,Compact,44.0,12.6,51.9,16,38,Driver & Passenger,6169,4.4
Kia,Model_5088,SUV,25.0,24.5,27.3,20,43,Driver only,4317,4.4
Subaru,Model_5089,Large,12.6,12.8,60.2,16,21,Driver & Passenger,6188,3.2
Kia,Model_5090,Sport,33.5,17.6,16.7,15,44,Driver & Passenger,5205,4.7
BMW,Model_5091,Compact,19.7,28.5,59.1,29,42,Driver only,6391,2.4
Toyota,Model_5092,Sport,13.9,33.2,12.1,24,43,Driver & Passenger,4011,1.7
Honda,Model_5093,Compact,23.9,19.8,39.7,24,44,Driver & Passenger,4427,2.2
Audi,Model_5094,Sport,43.7,43.0,29.8,24,31,Driver & Passenger,4522,1.5
Subaru,Model_5095,Van,23.5,36.6,34.6,19,38,Driver & Passenger,4658,4.3
Hyundai,Model_5096,Compact,21.2,41.1,35.0,18,25,Driver & Passenger,6490,4.0
Toyota,Model_5097,SUV,24.7,43.0,46.6,29,43,Driver & Passenger,4072,1.8
Mazda,Model_5098,Sport,8.9,42.7,13.2,23,20,Driver & Passenger,5188,3.2
Subaru,Model_5099,Midsize,13.4,52.1,48.6,30,34,None,5740,2.1
Kia,Model_5100,SUV,39.5,20.7,13.2,23,41,None,4147,1.5
Subaru,Model_5101,Small,44.2,22.2,21.8,33,38,None,4330,2.0
Volkswagen,Model_5102,Compact,14.3,14.2,44.2,28,33,Driver only,6396,3.4
BMW,Model_5103,Midsize,28.0,36.7,16.6,26,43,Driver & Passenger,5646,3.6
Nissan,Model_5104,Small,43.8,27.8,64.5,26,44,Driver & Passenger,4636,1.7
Kia,Model_5105,Compact,14.2,32.3,53.6,17,32,Driver & Passenger,4830,4.1
Volkswagen,Model_5106,Midsize,15.3,17.6,49.4,33,24,Driver & Passenger,4653,3.3
Hyundai,Model_5107,Midsize,42.3,39.2,26.2,25,21,Driver only,4053,2.7
Lexus,Model_5108,SUV,34.3,37.9,14.6,19,34,None,6473,3.6
Hyundai,Model_5109,Van,14.0,21.9,63.9,20,35,Driver & Passenger,4082,2.3
Ford,Model_5110,Midsize,22.9,30.9,19.8,20,26,Driver & Passenger,5646,2.1
Nissan,Model_5111,Van,10.6,50.2,56.0,33,47,None,4372,4.7
BMW,Model_5112,Large,24.3,44.8,22.5,28,41,None,5533,4.6
Audi,Model_5113,SUV,36.9,20.2,31.8,30,25,Driver & Passenger,4849,2.9
Nissan,Model_5114,Sport,28.7,49.5,48.8,26,47,Driver & Passenger,4291,3.4
Hyundai,Model_5115,SUV,32.1,13.0,62.1,32,36,Driver & Passenger,5032,3.6
Toyota,Model_5116,Small,20.4,28.6,13.0,36,20,Driver & Passenger,4772,3.6
Audi,Model_5117,Sport,14.4,13.6,25.8,27,25,Driver only,4510,3.1
Kia,Model_5118,Sport,9.0,51.6,52.5,34,25,None,5087,2.3
Audi,Model_5119,Van,38.5,11.8,21.2,23,23,Driver only,5003,4.6
Honda,Model_5120,Sport,31.7,16.8,17.9,32,27,Driver & Passenger,5071,3.2
Hyundai,Model_5121,Midsize,16.9,51.2,14.4,18,28,Driver only,5190,4.6
Lexus,Model_5122,Van,23.8,36.2,38.6,25,41,Driver & Passenger,6025,4.3
Subaru,Model_5123,Sport,37.8,45.8,52.7,32,29,Driver & Passenger,4341,3.6
Volkswagen,Model_5124,Van,28.2,10.7,63.0,35,43,Driver & Passenger,5924,3.8
Nissan,Model_5125,Large,19.5,28.9,26.2,17,27,None,4443,4.6
Honda,Model_5126,Van,18.3,54.3,18.4,18,21,None,5398,3.5
Mercedes-Benz,Model_5127,Compact,16.4,36.1,33.3,23,39,Driver & Passenger,4262,2.9
Audi,Model_5128,Midsize,38.6,48.2,14.9,27,36,Driver & Passenger,6193,2.8
Honda,Model_5129,Small,29.7,53.4,29.6,29,20,Driver & Passenger,6175,4.9
Hyundai,Model_5130,Compact,34.4,40.8,46.1,24,33,None,4267,4.0
Chevrolet,Model_5131,Compact,39.9,24.7,20.9,35,41,Driver & Passenger,5505,3.7
Hyundai,Model_5132,Compact,44.5,23.9,45.5,23,42,None,6041,1.4
Volkswagen,Model_5133,Sport,17.6,13.2,63.5,30,24,Driver & Passenger,5233,3.4
Mazda,Model_5134,Van,15.1,29.2,57.8,30,43,Driver & Passenger,6349,1.8
Toyota,Model_5135,Van,25.4,51.2,30.9,27,28,Driver only,5282,2.6
Audi,Model_5136,SUV,9.8,31.5,34.3,19,39,Driver & Passenger,5976,3.2
Hyundai,Model_5137,Sport,37.4,51.0,34.2,24,36,Driver only,5076,1.0
Mazda,Model_5138,Midsize,40.8,46.8,57.6,15,25,Driver & Passenger,5085,4.4
Mazda,Model_5139,Sport,33.5,54.3,64.7,17,20,None,4908,2.8
Mercedes-Benz,Model_5140,Sport,18.3,52.6,55.8,35,37,Driver & Passenger,5842,3.5
BMW,Model_5141,Sport,13.0,41.8,41.6,17,47,Driver & Passenger,4484,1.8
Volkswagen,Model_5142,Midsize,22.4,49.2,17.2,24,30,Driver only,5426,3.8
Honda,Model_5143,SUV,38.9,43.7,62.6,31,23,Driver & Passenger,5341,2.2
Mazda,Model_5144,Midsize,21.2,41.7,57.6,32,39,Driver & Passenger,6468,3.1
Chevrolet,Model_5145,Large,9.8,42.2,56.6,27,25,None,4716,2.3
Mercedes-Benz,Model_5146,SUV,18.5,42.4,32.8,16,27,None,4344,3.6
Hyundai,Model_5147,Large,44.6,27.1,35.7,30,38,Driver & Passenger,4433,4.4
Mercedes-Benz,Model_5148,Large,33.2,29.1,18.3,18,34,Driver & Passenger,4558,3.6
Ford,Model_5149,Large,41.4,23.2,61.7,36,41,Driver & Passenger,4527,1.7
Ford,Model_5150,Van,36.8,16.7,62.0,32,38,Driver & Passenger,6413,2.0
Subaru,Model_5151,Compact,28.2,30.6,25.5,28,21,Driver only,5423,3.1
Mercedes-Benz,Model_5152,Compact,13.9,50.5,48.9,20,47,None,6242,2.1
Hyundai,Model_5153,Large,21.2,39.3,22.8,25,23,Driver only,4983,1.8
Subaru,Model_5154,Large,29.8,12.5,32.8,31,23,Driver & Passenger,6281,1.2
Audi,Model_5155,Small,40.3,46.5,28.0,22,31,Driver & Passenger,5837,1.4
Subaru,Model_5156,Compact,18.3,52.1,32.6,17,37,Driver & Passenger,4063,3.3
Kia,Model_5157,Small,12.9,47.3,28.4,17,31,Driver & Passenger,4477,1.8
Honda,Model_5158,SUV,28.9,42.7,30.3,31,46,Driver & Passenger,4948,3.0
Kia,Model_5159,Small,14.9,16.8,53.9,18,38,Driver & Passenger,4693,3.6
Mazda,Model_5160,Sport,30.8,25.7,27.9,33,44,Driver only,5617,2.0
Hyundai,Model_5161,Van,18.1,35.4,55.2,22,45,None,5460,4.8
Audi,Model_5162,SUV,16.9,13.5,42.1,31,44,Driver only,4238,2.0
Nissan,Model_5163,Midsize,23.1,14.8,53.4,36,47,Driver & Passenger,4139,1.6
Mazda,Model_5164,Compact,30.2,52.0,60.7,19,34,None,5999,2.8
Honda,Model_5165,Large,28.4,41.6,19.3,25,29,Driver & Passenger,6138,2.8
Ford,Model_5166,SUV,17.4,22.4,30.2,26,26,None,5619,4.4
Volkswagen,Model_5167,Large,41.0,24.7,14.9,35,21,Driver & Passenger,4674,1.2
Hyundai,Model_5168,Midsize,12.5,27.3,33.6,29,32,Driver only,4339,2.1
Subaru,Model_5169,SUV,9.9,13.4,24.6,26,35,None,4454,4.5
BMW,Model_5170,Compact,30.5,43.3,42.3,36,40,Driver & Passenger,5381,4.0
Hyundai,Model_5171,SUV,13.0,18.0,53.5,21,27,Driver & Passenger,4843,1.0
Toyota,Model_5172,Large,26.9,46.2,37.8,17,20,Driver & Passenger,5296,3.1
Volkswagen,Model_5173,Large,43.2,48.1,29.7,24,36,Driver & Passenger,5940,2.0
Kia,Model_5174,Sport,34.0,38.7,20.1,30,46,Driver & Passenger,5524,5.0
Subaru,Model_5175,Small,31.0,44.6,13.4,15,34,Driver & Passenger,4069,4.9
Audi,Model_5176,SUV,29.5,17.7,47.9,35,46,Driver & Passenger,5845,4.7
Kia,Model_5177,Large,15.1,35.9,13.6,25,41,Driver only,5806,1.0
Hyundai,Model_5178,Van,24.3,40.5,60.8,31,42,Driver & Passenger,5930,4.6
Kia,Model_5179,Compact,21.0,39.8,43.5,28,33,Driver & Passenger,5032,2.3
Hyundai,Model_5180,Van,43.3,15.3,30.7,32,26,None,5026,3.6
Kia,Model_5181,Midsize,17.3,25.5,14.2,26,38,Driver & Passenger,4268,2.8
Volkswagen,Model_5182,SUV,25.7,24.6,33.9,30,29,Driver & Passenger,4384,2.4
Mercedes-Benz,Model_5183,Sport,42.7,35.8,58.0,22,39,Driver & Passenger,5257,2.1
Chevrolet,Model_5184,Compact,37.3,44.4,63.4,17,44,Driver & Passenger,4900,2.7
Volkswagen,Model_5185,Sport,43.7,35.7,16.5,25,30,Driver & Passenger,5601,2.2
Mercedes-Benz,Model_5186,Small,30.7,44.0,53.2,29,45,None,4981,4.7
Nissan,Model_5187,Large,20.7,14.5,25.7,18,39,Driver & Passenger,6143,2.7
Mazda,Model_5188,Compact,38.7,49.5,32.1,30,40,Driver & Passenger,5522,4.8
Mazda,Model_5189,Midsize,19.1,34.1,41.0,36,41,Driver & Passenger,4124,2.5
Honda,Model_5190,SUV,14.5,11.7,64.7,31,42,Driver & Passenger,6416,2.0
Hyundai,Model_5191,Small,34.3,38.9,23.1,28,24,Driver & Passenger,6054,4.2
Hyundai,Model_5192,Small,31.8,33.3,18.9,16,26,Driver & Passenger,6324,3.1
Subaru,Model_5193,Sport,40.6,19.9,43.5,36,31,Driver & Passenger,4192,1.7
Volkswagen,Model_5194,Small,43.6,44.4,57.2,29,21,None,6207,4.7
Volkswagen,Model_5195,Compact,39.8,52.0,46.4,22,26,Driver only,4487,4.8
Toyota,Model_5196,Sport,10.7,24.5,30.4,27,40,None,5481,3.8
Toyota,Model_5197,Small,32.8,32.2,63.8,17,45,Driver & Passenger,4246,4.9
Hyundai,Model_5198,SUV,37.1,15.8,64.7,18,24,Driver & Passenger,4005,3.7
Honda,Model_5199,Midsize,44.3,51.8,52.8,18,46,Driver & Passenger,4552,3.5
BMW,Model_5200,SUV,22.2,24.3,54.5,18,41,Driver only,6080,4.3
Mazda,Model_5201,Van,14.7,18.8,52.3,16,31,Driver & Passenger,5688,1.3
BMW,Model_5202,Compact,39.6,31.5,25.7,27,44,Driver & Passenger,5303,2.8
Subaru,Model_5203,Midsize,20.1,11.9,20.0,36,23,Driver & Passenger,6012,2.7
Hyundai,Model_5204,Midsize,30.3,21.4,41.4,22,40,None,4754,3.5
Hyundai,Model_5205,Sport,22.7,13.0,62.6,23,40,Driver & Passenger,6153,2.4
Hyundai,Model_5206,Large,23.2,15.7,58.5,15,38,None,4945,2.8
Hyundai,Model_5207,Sport,35.2,15.0,17.7,15,22,Driver & Passenger,5544,4.4
Lexus,Model_5208,Compact,21.7,49.3,15.0,23,47,None,5090,4.8
Ford,Model_5209,Compact,33.8,51.9,58.3,25,36,None,4003,2.9
Kia,Model_5210,Sport,9.0,31.4,44.5,30,23,Driver only,4053,3.8
Toyota,Model_5211,Large,20.3,38.4,28.1,18,28,Driver only,5157,3.2
Ford,Model_5212,SUV,20.1,41.3,41.8,29,21,Driver & Passenger,4979,4.5
Nissan,Model_5213,Sport,35.8,27.6,23.7,21,29,Driver only,4044,2.0
Honda,Model_5214,Compact,20.0,26.7,62.2,16,39,Driver & Passenger,5248,4.5
Honda,Model_5215,Large,31.6,40.4,55.8,24,44,Driver & Passenger,6218,3.1
Hyundai,Model_5216,Compact,33.6,27.0,63.0,31,28,Driver only,4449,2.8
Volkswagen,Model_5217,Large,32.5,36.1,21.9,25,27,None,4366,4.8
Mazda,Model_5218,Large,30.5,33.2,56.7,37,37,None,4310,2.2
BMW,Model_5219,Sport,23.6,33.6,41.7,36,30,None,4676,1.3
Toyota,Model_5220,Sport,22.1,47.3,29.2,33,38,Driver & Passenger,6251,3.7
Ford,Model_5221,Sport,29.1,41.7,37.4,24,41,Driver only,5295,2.1
BMW,Model_5222,Large,10.8,53.2,62.1,18,37,Driver only,5502,3.6
Volkswagen,Model_5223,Large,40.5,45.6,48.6,27,38,Driver & Passenger,4250,1.2
Ford,Model_5224,Compact,38.6,16.6,31.1,15,36,Driver & Passenger,5369,3.2
Hyundai,Model_5225,Midsize,21.1,43.2,65.0,21,39,Driver only,4254,1.9
Mercedes-Benz,Model_5226,Sport,29.2,40.0,30.3,23,46,Driver & Passenger,4128,1.3
Kia,Model_5227,Van,42.5,39.1,55.1,15,41,Driver & Passenger,4513,1.2
Nissan,Model_5228,Compact,18.4,31.6,53.6,32,36,Driver & Passenger,4350,4.8
Lexus,Model_5229,Compact,35.6,12.8,50.3,32,34,None,6131,2.1
Nissan,Model_5230,Small,11.5,52.8,47.5,30,47,Driver only,5764,3.3
BMW,Model_5231,Sport,27.6,48.3,17.8,36,35,Driver & Passenger,5595,2.9
BMW,Model_5232,SUV,40.8,31.9,64.7,30,36,Driver & Passenger,5707,2.5
Lexus,Model_5233,Compact,28.6,17.1,20.5,19,27,None,6425,3.2
BMW,Model_5234,Small,31.0,47.1,43.6,28,42,Driver & Passenger,4103,3.2
Lexus,Model_5235,Van,41.6,29.4,25.2,36,26,Driver & Passenger,5503,4.3
Ford,Model_5236,Van,34.6,27.6,20.9,15,42,Driver & Passenger,5156,2.5
Lexus,Model_5237,SUV,33.9,39.9,41.7,20,40,None,4942,2.4
Kia,Model_5238,Sport,29.9,44.1,56.3,20,23,Driver & Passenger,4554,3.7
Lexus,Model_5239,Large,31.6,12.8,32.0,37,26,Driver & Passenger,5252,2.5
Mercedes-Benz,Model_5240,Small,37.8,44.5,16.1,26,30,Driver & Passenger,5211,3.0
Hyundai,Model_5241,Large,44.2,43.0,45.1,32,22,Driver & Passenger,5443,1.7
Lexus,Model_5242,Van,37.5,36.5,52.6,36,44,None,6148,2.1
Chevrolet,Model_5243,Van,34.3,25.2,27.7,23,21,Driver only,5917,1.8
Lexus,Model_5244,Midsize,13.4,17.4,48.6,30,20,Driver & Passenger,6267,4.4
BMW,Model_5245,Midsize,38.3,14.6,16.0,29,43,None,6185,4.2
Mercedes-Benz,Model_5246,SUV,35.4,10.1,31.2,16,25,None,4667,2.6
Mazda,Model_5247,Midsize,36.6,19.3,37.1,19,33,Driver & Passenger,6309,2.8
Subaru,Model_5248,Midsize,16.9,28.5,53.4,37,23,Driver & Passenger,4584,2.6
Mercedes-Benz,Model_5249,SUV,41.5,21.0,29.9,35,35,Driver & Passenger,6327,1.8
Volkswagen,Model_5250,Compact,12.1,23.9,36.0,27,29,Driver & Passenger,5587,4.1
Subaru,Model_5251,Midsize,17.8,27.6,45.3,33,44,None,5105,4.3
Toyota,Model_5252,Compact,32.7,23.9,45.1,15,24,Driver only,6371,3.4
Toyota,Model_5253,Compact,33.1,42.6,39.4,30,30,Driver only,4428,4.0
Volkswagen,Model_5254,Sport,19.9,32.1,29.4,21,20,Driver & Passenger,4470,3.6
Mercedes-Benz,Model_5255,Compact,34.1,10.9,47.5,27,36,Driver & Passenger,4780,1.4
Ford,Model_5256,Compact,22.7,20.2,56.4,36,33,Driver only,4970,3.2
Volkswagen,Model_5257,Midsize,8.5,41.9,20.2,30,26,Driver & Passenger,4586,2.4
Hyundai,Model_5258,Compact,14.4,23.5,30.0,26,33,Driver & Passenger,6194,1.9
Subaru,Model_5259,Large,40.7,51.4,47.4,21,20,Driver & Passenger,6208,3.7
Subaru,Model_5260,SUV,16.6,42.1,52.1,28,25,None,4717,4.6
BMW,Model_5261,Midsize,12.6,23.0,53.4,32,26,None,5292,5.0
Hyundai,Model_5262,SUV,33.4,33.2,46.6,35,30,Driver & Passenger,5286,3.3
Honda,Model_5263,Small,24.6,40.0,37.3,33,29,Driver only,5824,3.7
Chevrolet,Model_5264,Midsize,37.6,18.7,46.2,27,40,Driver only,6359,3.6
Subaru,Model_5265,Compact,39.9,21.1,19.2,16,22,Driver & Passenger,4228,3.8
Mazda,Model_5266,Large,39.4,32.8,23.0,33,38,Driver & Passenger,5761,2.0
Volkswagen,Model_5267,SUV,19.9,51.6,61.2,18,47,Driver & Passenger,5123,1.6
Kia,Model_5268,Midsize,27.0,25.5,60.9,28,21,Driver & Passenger,4417,2.6
Lexus,Model_5269,Large,32.2,28.1,50.4,16,46,Driver & Passenger,5251,2.9
Hyundai,Model_5270,SUV,20.3,18.6,29.3,32,31,Driver & Passenger,5214,4.1
Subaru,Model_5271,Small,10.0,36.7,46.4,33,31,Driver & Passenger,6117,3.5
Volkswagen,Model_5272,Van,26.6,43.3,48.5,33,20,Driver & Passenger,4309,3.2
Nissan,Model_5273,Small,9.0,29.8,39.3,18,33,Driver & Passenger,5974,3.0
Hyundai,Model_5274,Van,43.2,43.8,51.7,35,30,Driver & Passenger,5841,1.9
Ford,Model_5275,Sport,37.6,23.6,13.6,33,27,Driver only,4832,2.5
Chevrolet,Model_5276,Van,15.5,41.8,25.6,36,28,Driver & Passenger,6348,1.4
Audi,Model_5277,Sport,19.0,21.6,54.1,17,37,Driver & Passenger,5102,1.3
Audi,Model_5278,Midsize,44.4,45.1,61.8,22,32,Driver & Passenger,5270,1.1
BMW,Model_5279,Sport,22.1,47.4,58.4,18,23,Driver & Passenger,6364,1.4
BMW,Model_5280,Large,37.1,45.9,50.0,35,35,None,4220,3.4
Ford,Model_5281,Sport,24.8,19.7,20.8,17,22,None,4129,4.9
Kia,Model_5282,Large,40.0,41.2,31.5,19,23,None,5181,1.1
BMW,Model_5283,SUV,34.2,34.2,14.7,25,23,Driver & Passenger,4758,4.1
Honda,Model_5284,SUV,9.3,54.4,45.9,37,27,Driver only,4067,3.7
Subaru,Model_5285,Van,19.2,26.3,35.8,33,30,Driver & Passenger,6194,4.4
Chevrolet,Model_5286,Van,28.9,44.7,42.4,33,22,Driver & Passenger,6052,4.8
Mercedes-Benz,Model_5287,Van,42.3,26.7,63.9,31,38,Driver & Passenger,4584,4.3
Volkswagen,Model_5288,Sport,12.2,27.9,33.3,16,47,Driver & Passenger,4211,4.2
Mercedes-Benz,Model_5289,Van,30.4,15.0,28.3,34,25,None,4446,1.3
Ford,Model_5290,Sport,19.5,20.8,20.0,23,46,Driver & Passenger,6416,2.4
Toyota,Model_5291,Sport,41.0,17.4,19.6,17,22,Driver only,6106,3.5
Volkswagen,Model_5292,Compact,36.4,17.2,39.5,24,40,Driver & Passenger,4315,1.1
Volkswagen,Model_5293,Compact,22.0,10.4,51.7,35,23,Driver & Passenger,4122,2.9
Nissan,Model_5294,Sport,14.6,45.7,41.9,23,46,Driver & Passenger,4378,1.0
Ford,Model_5295,SUV,8.9,31.1,58.3,34,23,Driver & Passenger,5776,4.0
Ford,Model_5296,Large,31.2,46.2,28.7,18,21,Driver only,5939,2.1
Audi,Model_5297,Midsize,23.3,37.6,43.5,36,35,None,6009,4.0
Mazda,Model_5298,Small,20.0,47.4,47.0,21,44,Driver & Passenger,5675,2.9
Mercedes-Benz,Model_5299,Compact,44.5,32.7,26.9,26,24,Driver only,5335,1.4
Kia,Model_5300,Sport,25.5,14.2,33.0,25,34,Driver only,4403,4.7
Mazda,Model_5301,Small,35.9,37.8,43.3,36,24,Driver & Passenger,4982,3.8
Lexus,Model_5302,Compact,15.0,40.5,13.1,29,42,Driver & Passenger,4560,3.9
Honda,Model_5303,Midsize,9.0,38.2,59.0,34,31,Driver only,6302,1.9
Hyundai,Model_5304,Large,23.7,46.1,17.9,28,38,Driver & Passenger,4300,1.5
Lexus,Model_5305,Sport,32.8,42.9,14.5,21,34,Driver only,5526,4.8
Toyota,Model_5306,Midsize,27.0,29.5,23.4,29,47,Driver & Passenger,5227,2.4
Volkswagen,Model_5307,SUV,41.0,46.9,38.6,28,25,Driver & Passenger,5186,1.9
Audi,Model_5308,Compact,24.3,41.1,29.4,25,20,Driver only,5399,4.5
Toyota,Model_5309,Sport,19.9,15.4,35.3,24,24,Driver & Passenger,6202,2.9
Volkswagen,Model_5310,Small,41.9,34.3,16.5,33,40,None,6350,3.6
Honda,Model_5311,SUV,23.3,42.8,24.4,17,44,None,4244,2.1
Mazda,Model_5312,SUV,18.3,34.9,17.2,26,47,Driver only,6335,4.9
Ford,Model_5313,Van,12.1,52.7,24.2,27,40,Driver & Passenger,5052,2.9
BMW,Model_5314,Large,37.5,14.6,49.3,21,43,Driver only,4198,2.7
Mercedes-Benz,Model_5315,SUV,38.6,42.5,42.5,26,38,None,5999,1.3
BMW,Model_5316,Compact,9.7,47.1,29.7,36,47,Driver only,6100,3.8
Subaru,Model_5317,Large,21.6,41.6,25.8,16,30,Driver only,5116,3.2
Hyundai,Model_5318,Sport,35.9,27.4,64.9,15,41,Driver only,6487,4.9
Nissan,Model_5319,Van,43.0,27.3,52.7,20,33,Driver & Passenger,4298,1.5
Kia,Model_5320,Midsize,22.3,36.4,55.6,33,33,Driver only,5135,2.6
Honda,Model_5321,Large,40.3,27.9,13.4,20,21,Driver & Passenger,5471,2.0
Nissan,Model_5322,Small,22.9,49.7,15.2,27,44,None,5114,3.7
Subaru,Model_5323,Compact,15.1,14.9,49.8,18,41,Driver only,4982,1.3
Subaru,Model_5324,Small,8.6,38.8,22.2,28,24,None,5309,5.0
Kia,Model_5325,Large,20.6,16.0,34.6,30,28,Driver & Passenger,6090,3.9
Hyundai,Model_5326,Van,22.3,34.3,21.8,16,36,Driver & Passenger,5239,2.5
Volkswagen,Model_5327,Midsize,43.0,42.2,21.4,23,38,Driver & Passenger,4975,2.5
Nissan,Model_5328,Midsize,16.0,17.4,17.8,27,34,Driver only,5110,2.9
Mazda,Model_5329,Small,22.5,41.7,43.5,35,21,Driver & Passenger,5822,3.8
Kia,Model_5330,Sport,9.4,16.3,51.2,28,28,None,5141,3.4
Subaru,Model_5331,Sport,36.4,37.9,15.0,28,30,Driver only,6066,2.9
Mazda,Model_5332,Van,41.9,32.7,26.6,19,41,Driver & Passenger,4051,1.8
Ford,Model_5333,Midsize,17.2,23.4,46.9,16,46,None,5529,1.7
Audi,Model_5334,Small,24.2,15.0,32.8,19,25,Driver only,5859,4.7
Mazda,Model_5335,Small,13.0,43.1,49.3,20,34,Driver & Passenger,4889,3.2
Volkswagen,Model_5336,Small,25.2,27.2,52.2,16,40,None,6396,3.3
BMW,Model_5337,Large,13.4,13.9,13.7,15,39,Driver only,6165,2.7
Nissan,Model_5338,Van,27.6,44.8,32.2,30,23,Driver only,6213,3.8
Volkswagen,Model_5339,Sport,35.3,20.5,50.6,36,34,Driver only,6188,4.2
Hyundai,Model_5340,Sport,28.7,43.1,32.1,23,37,None,4507,2.6
Mercedes-Benz,Model_5341,Large,17.5,35.4,12.3,28,26,None,4027,1.2
Chevrolet,Model_5342,Compact,21.4,18.8,29.8,23,35,Driver & Passenger,5197,2.0
Subaru,Model_5343,Large,31.8,13.4,58.3,19,41,Driver & Passenger,4813,4.3
Mercedes-Benz,Model_5344,Van,30.0,36.7,62.5,29,22,Driver & Passenger,5872,3.2
Mercedes-Benz,Model_5345,Small,13.5,11.1,41.7,24,31,Driver & Passenger,6202,4.5
Kia,Model_5346,Large,39.3,12.9,28.2,29,26,None,6457,2.5
Honda,Model_5347,Small,25.8,41.6,36.7,31,28,Driver & Passenger,4757,2.3
Hyundai,Model_5348,Van,14.4,34.2,24.5,17,29,Driver only,5085,1.0
BMW,Model_5349,SUV,13.0,24.7,20.9,22,20,Driver & Passenger,4195,1.7
Mazda,Model_5350,Van,43.7,34.3,38.2,18,31,Driver & Passenger,4089,2.3
Audi,Model_5351,Midsize,18.8,36.6,51.0,25,46,Driver & Passenger,4639,1.3
Volkswagen,Model_5352,Small,41.7,35.4,23.8,33,47,Driver & Passenger,4395,3.4
Ford,Model_5353,Sport,23.5,38.9,60.2,28,45,Driver & Passenger,5484,5.0
Chevrolet,Model_5354,Large,22.6,52.3,20.9,32,43,Driver & Passenger,6227,1.2
Toyota,Model_5355,SUV,34.1,27.5,41.6,35,37,None,5062,2.6
Hyundai,Model_5356,Van,8.9,23.6,53.1,16,20,Driver only,4076,2.6
Mercedes-Benz,Model_5357,Small,20.8,11.7,23.3,23,44,None,4791,1.3
Audi,Model_5358,SUV,19.5,16.6,27.7,24,37,Driver & Passenger,5949,1.7
Toyota,Model_5359,Compact,40.2,14.8,14.7,27,42,Driver only,4322,2.8
Chevrolet,Model_5360,Midsize,27.8,25.1,62.0,33,26,None,4665,4.8
Honda,Model_5361,Compact,21.8,37.4,37.8,18,36,Driver & Passenger,5552,3.3
Honda,Model_5362,Van,18.2,12.1,15.4,30,32,Driver & Passenger,4549,1.4
Nissan,Model_5363,Compact,30.1,42.7,56.0,26,29,Driver & Passenger,5080,4.0
Lexus,Model_5364,Compact,14.0,27.9,42.2,30,33,Driver & Passenger,5885,4.4
Chevrolet,Model_5365,Midsize,17.5,53.4,14.9,31,20,None,5486,4.2
Chevrolet,Model_5366,Midsize,19.2,35.6,35.9,30,42,None,5095,4.3
Toyota,Model_5367,Midsize,30.7,44.7,35.0,21,25,Driver & Passenger,6367,4.2
Audi,Model_5368,SUV,22.1,48.8,19.7,16,23,Driver & Passenger,5302,1.9
Volkswagen,Model_5369,Midsize,27.0,50.0,34.3,23,38,Driver only,5035,3.4
Kia,Model_5370,Compact,32.2,33.3,27.0,26,34,Driver & Passenger,4358,1.7
Lexus,Model_5371,Sport,43.4,27.9,49.1,27,40,None,6031,2.3
Toyota,Model_5372,Sport,36.4,35.2,12.3,28,40,Driver only,4431,2.7
Ford,Model_5373,Midsize,23.3,28.1,17.6,26,46,Driver & Passenger,4300,2.7
Mercedes-Benz,Model_5374,SUV,35.8,20.8,60.7,17,38,Driver & Passenger,6122,2.8
Honda,Model_5375,Large,43.2,24.6,35.0,36,41,Driver & Passenger,4242,4.1
Mercedes-Benz,Model_5376,Small,26.7,20.5,21.3,35,31,Driver only,5322,3.5
Honda,Model_5377,Van,23.5,22.1,54.0,30,33,Driver & Passenger,4280,3.6
Nissan,Model_5378,SUV,11.3,14.2,57.1,32,22,Driver & Passenger,4526,4.1
Volkswagen,Model_5379,Large,41.1,29.2,23.2,17,23,Driver & Passenger,4521,1.8
Ford,Model_5380,Van,17.5,20.6,49.8,36,22,Driver & Passenger,5427,2.9
Honda,Model_5381,Large,10.8,30.2,44.6,23,47,Driver & Passenger,6319,4.4
Toyota,Model_5382,Large,28.1,45.6,51.5,29,31,Driver only,6428,3.8
Ford,Model_5383,Sport,39.4,30.2,53.8,22,41,Driver & Passenger,4212,4.5
Toyota,Model_5384,Small,23.3,53.0,47.0,24,28,Driver & Passenger,5848,2.8
Kia,Model_5385,Large,37.1,16.7,62.7,35,38,Driver & Passenger,5069,4.1
Kia,Model_5386,Midsize,39.0,48.3,57.8,36,35,None,6176,2.1
Mercedes-Benz,Model_5387,Van,25.1,21.2,24.1,17,20,Driver only,5816,4.5
Honda,Model_5388,SUV,30.1,52.0,60.4,19,33,Driver & Passenger,4045,2.2
Honda,Model_5389,Sport,28.0,20.2,31.1,20,32,Driver & Passenger,4954,2.4
Audi,Model_5390,Van,42.8,43.6,50.5,28,42,Driver & Passenger,4444,3.9
Kia,Model_5391,Midsize,35.0,12.8,56.9,33,31,Driver & Passenger,4978,4.0
Volkswagen,Model_5392,Midsize,42.3,38.3,35.1,32,24,Driver & Passenger,4552,1.2
Volkswagen,Model_5393,Large,16.5,19.8,14.7,21,39,None,5166,1.6
Hyundai,Model_5394,Midsize,19.8,40.2,62.3,18,22,Driver only,4640,2.0
Hyundai,Model_5395,Small,11.1,38.6,15.8,17,42,Driver & Passenger,4110,5.0
Nissan,Model_5396,Midsize,26.7,51.6,30.4,27,21,Driver & Passenger,4224,4.3
Kia,Model_5397,Large,40.4,38.2,43.6,18,30,Driver & Passenger,5140,3.9
Toyota,Model_5398,Van,20.4,28.4,18.2,23,39,Driver & Passenger,6465,4.9
Toyota,Model_5399,Midsize,13.2,18.7,56.4,20,21,Driver only,4387,3.7
BMW,Model_5400,Sport,11.0,39.6,22.8,25,35,Driver only,6470,3.8
Ford,Model_5401,SUV,24.8,15.2,64.3,23,45,Driver only,4949,4.6
Mazda,Model_5402,Sport,14.5,47.3,60.6,23,27,Driver only,5321,2.2
Mercedes-Benz,Model_5403,Sport,21.1,21.1,44.0,36,22,Driver & Passenger,5580,1.0
Hyundai,Model_5404,Van,38.4,33.6,47.0,35,40,Driver & Passenger,5636,3.9
Mercedes-Benz,Model_5405,Compact,22.5,36.8,40.3,33,46,Driver & Passenger,4409,1.6
Honda,Model_5406,SUV,30.8,26.3,32.7,15,23,Driver only,4920,2.1
Nissan,Model_5407,Sport,26.8,39.9,30.6,18,40,Driver only,4796,4.3
Volkswagen,Model_5408,Sport,34.7,21.3,59.3,15,23,Driver & Passenger,6413,4.1
Mazda,Model_5409,Compact,14.2,11.6,42.6,27,27,Driver & Passenger,5394,2.9
Chevrolet,Model_5410,Van,42.1,53.2,55.6,30,25,Driver only,5881,1.4
Nissan,Model_5411,SUV,32.0,24.4,39.2,26,33,Driver & Passenger,4443,2.2
Chevrolet,Model_5412,Sport,18.4,42.1,28.3,15,34,Driver only,4345,2.9
Subaru,Model_5413,Large,13.0,32.8,16.9,29,36,Driver & Passenger,5715,4.1
Kia,Model_5414,Van,14.0,40.1,29.2,36,24,Driver & Passenger,4596,4.9
Chevrolet,Model_5415,SUV,37.1,15.0,58.6,19,20,Driver & Passenger,5428,3.5
Chevrolet,Model_5416,Sport,30.0,33.3,49.7,37,31,None,5641,1.2
Mercedes-Benz,Model_5417,Sport,22.4,27.6,53.6,15,38,None,5159,1.9
Subaru,Model_5418,Compact,20.7,30.3,53.0,31,31,None,4372,2.0
Audi,Model_5419,SUV,39.7,53.5,18.4,22,30,None,4321,3.5
Hyundai,Model_5420,Large,40.4,16.1,20.4,36,41,Driver & Passenger,6273,1.1
Audi,Model_5421,Van,29.7,44.0,28.8,22,28,Driver & Passenger,5739,3.0
Audi,Model_5422,Midsize,27.6,24.9,28.0,36,38,None,6065,5.0
Kia,Model_5423,Small,38.3,23.1,15.5,36,47,None,4770,4.1
Mazda,Model_5424,Large,35.9,22.2,20.1,29,47,Driver & Passenger,4594,4.1
Nissan,Model_5425,Midsize,23.1,25.7,57.4,37,47,Driver & Passenger,5338,4.0
Nissan,Model_5426,Large,11.5,26.1,43.2,26,23,None,4121,3.7
Lexus,Model_5427,SUV,36.6,22.2,30.1,30,32,Driver & Passenger,4010,2.2
Honda,Model_5428,Midsize,14.7,40.0,39.9,32,29,None,6001,4.1
Audi,Model_5429,SUV,9.1,12.1,25.8,17,20,Driver & Passenger,6228,3.6
Kia,Model_5430,Midsize,39.3,25.0,42.9,18,29,None,6460,1.9
Honda,Model_5431,Large,29.6,22.6,16.0,29,37,None,5858,4.9
Hyundai,Model_5432,Compact,41.0,43.8,59.8,28,32,Driver & Passenger,4387,4.9
Ford,Model_5433,Large,26.2,16.6,24.7,15,26,Driver & Passenger,4219,2.5
Honda,Model_5434,SUV,42.3,52.3,55.4,34,27,Driver & Passenger,5160,4.0
Mercedes-Benz,Model_5435,Large,21.4,17.7,47.0,31,36,Driver & Passenger,6360,3.7
Mercedes-Benz,Model_5436,Midsize,34.9,26.7,39.7,31,44,Driver & Passenger,4960,3.3
Mazda,Model_5437,Small,19.5,19.0,61.3,36,41,Driver only,6466,1.7
Hyundai,Model_5438,Midsize,8.5,22.9,20.3,32,20,Driver & Passenger,4430,2.9
Chevrolet,Model_5439,Sport,22.4,44.2,18.3,15,35,Driver & Passenger,6081,3.9
Audi,Model_5440,Large,35.4,31.4,29.1,16,39,Driver & Passenger,4318,5.0
Lexus,Model_5441,Van,14.0,17.3,56.0,37,23,None,5735,3.5
Subaru,Model_5442,Large,26.9,12.1,13.9,30,42,Driver & Passenger,4274,4.0
Lexus,Model_5443,Compact,16.2,20.3,24.7,28,36,Driver & Passenger,5433,4.7
Hyundai,Model_5444,SUV,11.2,52.6,34.5,34,32,Driver & Passenger,5197,3.5
Volkswagen,Model_5445,Van,31.0,48.0,49.8,37,29,Driver only,5335,4.1
Honda,Model_5446,Midsize,43.2,29.8,27.9,37,28,Driver & Passenger,6313,2.8
Kia,Model_5447,Compact,19.8,31.7,35.7,34,33,Driver & Passenger,4682,2.2
Hyundai,Model_5448,Large,29.7,50.5,29.9,32,36,Driver & Passenger,4551,3.0
Chevrolet,Model_5449,Midsize,43.3,36.6,16.9,23,45,Driver only,4182,1.4
Nissan,Model_5450,Midsize,32.2,49.6,51.1,28,22,Driver & Passenger,4441,4.7
Toyota,Model_5451,Sport,33.1,32.1,36.5,27,20,Driver & Passenger,5822,2.2
Chevrolet,Model_5452,Sport,15.0,19.0,55.1,28,20,Driver & Passenger,4489,2.8
Hyundai,Model_5453,Small,26.5,42.7,48.8,33,39,Driver & Passenger,6340,3.6
Mazda,Model_5454,Sport,21.9,33.7,15.1,31,21,Driver & Passenger,6126,3.0
Volkswagen,Model_5455,SUV,25.7,40.1,38.5,22,35,Driver only,5208,2.1
Mazda,Model_5456,Van,37.7,17.1,64.5,18,28,Driver only,4610,4.9
Hyundai,Model_5457,Midsize,25.3,39.1,28.3,23,33,Driver & Passenger,4898,4.4
Mercedes-Benz,Model_5458,Sport,10.8,27.2,38.1,25,20,Driver only,5692,1.4
Honda,Model_5459,Small,41.6,24.9,46.6,21,22,Driver only,4556,2.5
Ford,Model_5460,Large,28.4,40.2,22.7,29,37,Driver only,6376,1.8
Mercedes-Benz,Model_5461,Van,42.2,36.7,49.2,32,20,Driver & Passenger,6044,2.9
Mazda,Model_5462,Sport,29.4,39.2,47.0,34,30,None,5537,1.8
Mazda,Model_5463,Midsize,11.0,53.4,31.9,19,44,Driver & Passenger,4398,2.2
Kia,Model_5464,Large,28.7,41.6,27.1,30,24,Driver & Passenger,4657,3.1
Honda,Model_5465,SUV,29.5,38.8,60.7,35,30,Driver & Passenger,5782,1.6
Chevrolet,Model_5466,Midsize,16.3,37.6,18.7,26,25,Driver & Passenger,6050,4.4
Ford,Model_5467,Large,25.7,27.9,34.9,31,43,Driver & Passenger,5760,2.5
Hyundai,Model_5468,SUV,25.3,47.8,52.7,29,26,Driver & Passenger,5337,4.7
Toyota,Model_5469,SUV,31.2,27.1,19.9,35,32,Driver & Passenger,5350,1.1
Audi,Model_5470,Van,18.0,41.5,61.4,33,42,None,5373,4.1
Nissan,Model_5471,Midsize,29.7,23.2,39.9,21,35,Driver only,6266,4.5
Mazda,Model_5472,Sport,17.3,16.6,38.8,35,44,Driver & Passenger,5661,4.9
Honda,Model_5473,Sport,24.8,15.8,34.5,26,22,Driver & Passenger,5896,1.5
Audi,Model_5474,Small,13.0,38.6,58.0,31,45,Driver & Passenger,6346,2.7
Mercedes-Benz,Model_5475,Large,9.9,24.8,62.3,21,34,Driver & Passenger,6202,4.0
Nissan,Model_5476,Small,20.2,22.4,32.1,25,27,Driver & Passenger,5653,3.1
Hyundai,Model_5477,Compact,18.5,36.6,40.7,15,41,Driver & Passenger,5026,4.3
Lexus,Model_5478,Sport,23.4,11.2,28.7,31,43,Driver & Passenger,4870,4.9
Nissan,Model_5479,Large,43.6,21.1,31.5,36,39,Driver & Passenger,6035,4.0
Lexus,Model_5480,Van,27.6,25.3,13.5,21,35,Driver & Passenger,4652,4.0
Hyundai,Model_5481,Small,28.7,41.9,53.7,16,36,None,5083,3.3
Hyundai,Model_5482,Van,42.9,34.5,63.4,25,46,Driver only,4595,2.9
Mercedes-Benz,Model_5483,Van,42.1,48.5,52.8,30,32,Driver & Passenger,5221,4.3
Hyundai,Model_5484,Van,40.8,25.1,39.5,29,22,Driver only,6410,1.9
Subaru,Model_5485,Small,12.1,23.3,55.9,22,45,Driver & Passenger,4848,4.4
BMW,Model_5486,Compact,31.7,11.5,57.5,29,22,Driver & Passenger,5838,4.3
BMW,Model_5487,SUV,38.0,52.8,40.9,21,32,Driver only,6495,3.9
Nissan,Model_5488,SUV,39.0,32.6,61.7,19,36,Driver & Passenger,4488,3.8
Hyundai,Model_5489,Small,29.6,32.6,13.6,22,33,Driver & Passenger,5869,1.0
Kia,Model_5490,SUV,9.1,51.6,12.5,16,24,Driver & Passenger,5005,5.0
Mazda,Model_5491,Midsize,44.0,23.0,16.3,20,31,Driver & Passenger,6370,2.6
Audi,Model_5492,SUV,25.7,24.9,15.1,18,35,Driver & Passenger,4868,2.5
Audi,Model_5493,Sport,22.9,39.5,34.5,21,25,Driver & Passenger,5429,5.0
BMW,Model_5494,Small,22.9,45.3,61.8,20,28,Driver & Passenger,5228,2.0
Nissan,Model_5495,SUV,24.0,41.5,47.8,36,35,Driver & Passenger,5996,4.8
Mercedes-Benz,Model_5496,Small,17.3,45.5,47.0,19,43,Driver only,4320,2.5
Honda,Model_5497,Compact,20.4,35.9,32.4,19,23,Driver & Passenger,5151,1.4
Chevrolet,Model_5498,Midsize,44.5,48.8,40.3,32,25,Driver & Passenger,4936,3.1
Chevrolet,Model_5499,Small,21.9,34.8,28.1,25,38,Driver & Passenger,6147,3.8
BMW,Model_5500,Sport,27.7,20.3,39.4,37,20,None,5604,3.4
Hyundai,Model_5501,SUV,39.5,34.4,51.6,37,44,Driver & Passenger,6032,4.8
Honda,Model_5502,Sport,27.8,42.1,41.6,22,27,Driver & Passenger,4326,2.5
Subaru,Model_5503,SUV,20.3,39.4,34.2,34,25,None,4241,2.8
Subaru,Model_5504,Small,27.6,20.9,56.8,25,22,Driver & Passenger,6092,2.0
BMW,Model_5505,Van,12.7,11.8,27.2,33,46,Driver & Passenger,5055,3.3
Chevrolet,Model_5506,SUV,13.2,21.4,37.5,33,40,Driver & Passenger,5376,4.8
Hyundai,Model_5507,Van,33.8,54.3,63.8,16,33,Driver only,4749,2.4
Honda,Model_5508,Midsize,42.0,18.3,63.3,24,44,Driver & Passenger,5457,1.5
Hyundai,Model_5509,Sport,35.0,30.9,12.3,21,42,Driver & Passenger,5920,2.5
Hyundai,Model_5510,Van,11.2,38.7,40.2,26,21,None,6160,4.5
Nissan,Model_5511,Sport,23.2,49.6,29.9,16,35,Driver & Passenger,5309,4.6
Mercedes-Benz,Model_5512,SUV,8.6,44.2,27.4,21,41,Driver & Passenger,5569,1.5
Audi,Model_5513,SUV,27.2,50.9,43.6,33,32,Driver & Passenger,6465,4.1
Kia,Model_5514,Midsize,15.6,37.2,35.7,15,44,Driver & Passenger,4186,1.6
Ford,Model_5515,SUV,40.2,48.9,50.8,25,35,Driver & Passenger,5926,4.5
Lexus,Model_5516,Midsize,12.3,21.9,13.4,22,30,Driver & Passenger,4448,2.9
Lexus,Model_5517,Van,8.6,29.4,61.1,22,30,Driver & Passenger,4977,4.6
Nissan,Model_5518,SUV,25.0,48.0,42.1,28,35,Driver & Passenger,4753,1.3
Hyundai,Model_5519,Small,14.2,24.7,48.3,27,29,Driver & Passenger,5298,1.3
Volkswagen,Model_5520,Large,35.4,49.2,44.0,24,36,Driver only,4908,4.7
Chevrolet,Model_5521,Compact,42.1,26.3,64.4,31,31,Driver & Passenger,4022,4.1
Lexus,Model_5522,Large,10.0,26.4,64.3,20,24,None,5109,1.6
Hyundai,Model_5523,Large,22.9,23.9,44.3,34,44,Driver & Passenger,5110,4.6
Lexus,Model_5524,Sport,44.9,34.6,48.3,35,31,Driver & Passenger,4327,4.4
Volkswagen,Model_5525,Midsize,35.2,15.8,44.8,28,22,Driver & Passenger,5976,3.2
Hyundai,Model_5526,Sport,43.3,11.6,28.5,22,38,Driver & Passenger,5646,1.7
BMW,Model_5527,Van,14.5,50.4,22.2,21,47,Driver & Passenger,5162,2.7
Honda,Model_5528,Compact,16.6,51.8,33.3,19,47,Driver & Passenger,6282,3.2
Audi,Model_5529,Van,14.2,13.4,48.2,20,29,None,4773,1.8
Mazda,Model_5530,Small,19.5,34.7,15.0,22,35,None,4873,4.4
BMW,Model_5531,Compact,34.9,34.3,39.3,35,44,None,5009,4.3
Nissan,Model_5532,Sport,14.5,26.8,33.6,17,38,Driver only,5836,1.1
BMW,Model_5533,SUV,27.6,35.6,40.0,23,30,Driver & Passenger,5744,1.1
Nissan,Model_5534,SUV,18.3,30.6,57.6,24,44,Driver & Passenger,6275,2.7
Mazda,Model_5535,Sport,38.8,32.0,14.5,15,35,Driver & Passenger,5720,4.7
Toyota,Model_5536,Van,8.7,44.0,52.5,21,47,Driver & Passenger,4081,4.1
Volkswagen,Model_5537,Sport,16.6,33.7,47.3,34,29,Driver & Passenger,4672,4.8
Audi,Model_5538,Sport,30.6,24.6,22.8,20,34,Driver & Passenger,6236,2.1
Hyundai,Model_5539,Large,12.0,36.2,50.9,27,22,Driver & Passenger,4017,4.9
Kia,Model_5540,Small,25.5,38.8,38.3,21,43,Driver & Passenger,5030,3.1
Kia,Model_5541,SUV,24.4,39.8,37.5,22,29,Driver & Passenger,5308,3.4
Volkswagen,Model_5542,Large,39.6,37.8,37.6,35,31,Driver & Passenger,5220,1.9
Ford,Model_5543,Sport,31.3,39.9,62.3,19,28,Driver only,4399,2.8
Hyundai,Model_5544,Midsize,31.8,24.0,62.1,26,38,Driver & Passenger,4734,4.0
Lexus,Model_5545,Large,43.2,30.1,60.4,20,20,Driver & Passenger,4073,2.4
Hyundai,Model_5546,Sport,44.4,40.1,59.0,37,32,Driver & Passenger,4412,1.3
Toyota,Model_5547,SUV,32.3,43.9,14.0,29,44,Driver & Passenger,4412,4.4
Volkswagen,Model_5548,Sport,27.6,29.5,33.2,35,26,Driver only,5039,1.1
Kia,Model_5549,Small,30.7,26.4,59.4,35,41,None,4259,1.4
BMW,Model_5550,Van,22.5,42.2,52.0,18,47,Driver & Passenger,5088,3.5
Hyundai,Model_5551,Compact,44.5,20.0,36.2,31,39,Driver & Passenger,5095,3.7
Toyota,Model_5552,Large,34.2,10.4,53.0,28,40,Driver & Passenger,4987,3.2
Honda,Model_5553,Large,19.1,31.2,23.0,21,26,Driver & Passenger,4640,1.3
Honda,Model_5554,Large,10.6,17.8,43.8,37,44,None,4505,4.1
Hyundai,Model_5555,Sport,10.1,27.0,40.2,27,25,Driver & Passenger,5755,3.4
Hyundai,Model_5556,Small,16.0,23.1,42.4,36,31,Driver & Passenger,5154,3.7
Volkswagen,Model_5557,Sport,17.0,45.0,50.3,24,23,Driver & Passenger,4065,1.0
Nissan,Model_5558,Sport,23.6,24.9,62.3,32,47,None,5624,1.4
Nissan,Model_5559,Van,16.3,38.8,26.0,16,39,Driver only,5380,3.9
BMW,Model_5560,Midsize,31.5,40.3,52.2,36,29,Driver & Passenger,5482,3.7
Toyota,Model_5561,Small,16.2,30.5,46.2,26,38,Driver & Passenger,4877,1.8
Toyota,Model_5562,Large,15.4,13.6,48.8,27,21,Driver & Passenger,5129,3.0
Hyundai,Model_5563,Compact,25.7,41.5,34.7,35,23,Driver & Passenger,5062,2.2
Hyundai,Model_5564,Large,40.9,13.4,62.1,21,34,Driver & Passenger,4487,3.5
Chevrolet,Model_5565,Sport,25.6,14.5,37.4,32,25,Driver & Passenger,5144,4.2
Honda,Model_5566,Small,23.6,18.8,18.4,36,20,Driver & Passenger,4595,1.8
Toyota,Model_5567,SUV,29.6,22.6,48.1,25,37,None,6256,3.6
Hyundai,Model_5568,Small,17.9,48.1,18.8,36,27,None,4950,2.7
Hyundai,Model_5569,Small,21.4,40.4,29.1,24,32,None,4111,1.8
Mazda,Model_5570,Midsize,16.3,27.4,24.1,36,38,None,5424,2.6
Ford,Model_5571,Large,29.4,54.0,40.6,20,35,None,5827,1.4
Mazda,Model_5572,Midsize,34.0,21.0,30.4,28,20,None,4891,3.6
Hyundai,Model_5573,SUV,33.1,37.4,20.5,34,21,Driver & Passenger,4733,5.0
Audi,Model_5574,SUV,17.8,48.1,53.9,19,38,Driver & Passenger,4000,3.9
Volkswagen,Model_5575,Van,37.0,46.1,36.8,34,33,Driver only,4758,4.4
BMW,Model_5576,Compact,17.8,14.1,36.1,20,34,Driver & Passenger,5314,1.9
Toyota,Model_5577,Van,14.0,41.4,59.0,23,21,None,4400,1.4
Hyundai,Model_5578,Sport,21.3,21.6,40.6,19,32,Driver & Passenger,4749,1.0
Audi,Model_5579,Midsize,30.3,26.0,49.6,19,39,Driver & Passenger,4950,3.9
Kia,Model_5580,Midsize,13.7,32.0,29.4,33,39,Driver & Passenger,4895,4.3
Audi,Model_5581,Van,32.2,45.6,41.7,27,30,Driver & Passenger,4114,1.8
Mercedes-Benz,Model_5582,Sport,40.0,17.5,50.5,37,29,Driver only,5664,2.9
Lexus,Model_5583,Small,19.2,14.9,27.7,19,21,None,5241,3.3
Hyundai,Model_5584,Sport,24.9,16.9,48.5,28,36,Driver & Passenger,4715,4.8
Toyota,Model_5585,Large,16.8,19.8,42.1,16,22,Driver only,4036,4.7
Ford,Model_5586,Van,21.7,12.7,35.0,19,23,Driver & Passenger,6011,1.1
Volkswagen,Model_5587,Sport,9.3,51.7,49.8,37,46,None,6083,1.2
Hyundai,Model_5588,Small,43.3,24.4,28.8,37,41,Driver only,6372,4.8
Mercedes-Benz,Model_5589,Sport,23.7,18.0,49.9,26,24,None,4642,1.2
Hyundai,Model_5590,Midsize,37.3,38.7,41.2,34,21,Driver only,6446,3.3
Mercedes-Benz,Model_5591,Compact,13.7,45.4,25.0,21,23,Driver & Passenger,4332,1.3
BMW,Model_5592,Midsize,38.2,43.9,47.4,17,31,None,6326,3.7
BMW,Model_5593,SUV,39.9,42.3,58.9,23,25,None,4046,1.7
Honda,Model_5594,Compact,34.6,12.3,28.4,29,47,Driver & Passenger,5832,1.1
Honda,Model_5595,SUV,41.5,45.2,55.1,29,39,Driver & Passenger,5838,2.1
Nissan,Model_5596,Sport,14.6,32.6,29.8,22,46,Driver & Passenger,6206,3.1
Chevrolet,Model_5597,Large,25.9,39.2,55.5,30,46,Driver & Passenger,4034,3.1
Toyota,Model_5598,Sport,31.1,53.0,14.7,16,34,Driver & Passenger,5926,4.1
Hyundai,Model_5599,Small,30.3,46.5,12.4,34,26,Driver only,5759,1.2
Toyota,Model_5600,Sport,39.9,47.1,18.0,15,25,Driver & Passenger,4509,1.0
Subaru,Model_5601,Compact,16.4,18.2,58.3,18,41,Driver & Passenger,5260,3.9
Hyundai,Model_5602,Midsize,14.9,31.4,40.3,18,45,Driver & Passenger,5382,4.8
Mercedes-Benz,Model_5603,Large,17.7,52.7,43.5,37,33,Driver & Passenger,5584,1.8
Audi,Model_5604,SUV,41.0,36.2,56.6,20,37,None,5946,1.6
Toyota,Model_5605,Sport,42.8,14.6,14.7,17,46,Driver & Passenger,4401,2.4
Toyota,Model_5606,Sport,29.3,42.9,32.5,22,26,Driver & Passenger,5987,3.8
Chevrolet,Model_5607,Midsize,26.8,11.9,46.1,16,44,Driver & Passenger,5772,4.0
Kia,Model_5608,Large,30.6,43.4,33.4,31,25,Driver & Passenger,6341,4.7
Hyundai,Model_5609,Van,31.0,49.6,13.7,26,43,Driver only,4236,4.2
Honda,Model_5610,SUV,14.7,29.1,46.5,26,25,Driver & Passenger,5609,1.1
Honda,Model_5611,Sport,33.6,28.6,32.7,29,25,Driver & Passenger,4863,1.8
Ford,Model_5612,Sport,25.0,23.7,13.0,32,39,Driver only,4841,2.4
Toyota,Model_5613,Van,27.4,49.5,21.0,23,41,None,4329,4.8
Chevrolet,Model_5614,SUV,9.6,34.7,23.5,35,29,None,4458,3.4
Volkswagen,Model_5615,Compact,36.4,36.1,39.1,19,23,Driver & Passenger,5649,5.0
Honda,Model_5616,Compact,39.0,39.8,21.9,36,29,Driver & Passenger,5766,2.3
Chevrolet,Model_5617,Small,31.1,23.5,31.2,17,41,Driver & Passenger,5672,4.7
Mazda,Model_5618,Midsize,35.8,29.5,51.8,31,20,Driver & Passenger,4184,3.8
Lexus,Model_5619,Large,27.6,43.4,54.8,37,42,Driver only,5001,4.5
Kia,Model_5620,Sport,31.1,54.3,54.2,26,33,Driver & Passenger,4081,4.7
Toyota,Model_5621,SUV,22.9,11.5,48.8,28,37,None,5390,2.8
Lexus,Model_5622,Sport,37.4,11.9,40.7,22,41,Driver & Passenger,4312,4.5
Ford,Model_5623,Small,25.6,29.3,41.2,23,28,Driver & Passenger,4522,4.9
Mercedes-Benz,Model_5624,SUV,33.3,39.7,62.5,16,29,Driver & Passenger,5947,3.7
Audi,Model_5625,SUV,31.2,27.4,58.5,35,38,None,5541,2.0
Honda,Model_5626,Sport,34.1,55.0,46.4,16,23,Driver & Passenger,4909,2.1
Mazda,Model_5627,Midsize,37.2,18.8,36.8,30,40,Driver & Passenger,5820,4.0
Volkswagen,Model_5628,Small,27.2,10.4,50.6,34,43,Driver & Passenger,4102,2.3
Mercedes-Benz,Model_5629,Midsize,38.2,18.6,15.3,25,32,Driver & Passenger,5678,2.6
Chevrolet,Model_5630,Small,26.6,49.9,62.1,34,29,Driver only,5719,3.1
BMW,Model_5631,Sport,43.4,16.5,41.0,24,32,Driver only,5860,4.6
Hyundai,Model_5632,Small,36.0,31.6,38.6,22,41,Driver & Passenger,6035,3.8
Toyota,Model_5633,Compact,14.7,28.9,27.4,21,31,Driver & Passenger,5182,2.2
Toyota,Model_5634,SUV,38.8,40.0,12.2,15,43,Driver & Passenger,5778,1.5
Mazda,Model_5635,Large,28.6,12.5,15.2,37,22,Driver & Passenger,4709,2.2
Chevrolet,Model_5636,Sport,44.4,39.6,25.9,24,38,None,4029,2.3
Nissan,Model_5637,Van,34.7,26.0,40.7,33,28,Driver & Passenger,4528,3.9
Toyota,Model_5638,Large,11.6,51.7,16.4,19,32,Driver & Passenger,5248,2.7
Nissan,Model_5639,Sport,22.9,48.2,63.5,36,41,Driver & Passenger,6371,5.0
Volkswagen,Model_5640,Large,27.4,28.0,33.8,22,27,None,5502,1.1
BMW,Model_5641,Compact,39.1,54.7,28.8,35,23,Driver only,4800,2.4
Mazda,Model_5642,Large,35.1,12.3,39.8,23,40,Driver & Passenger,4753,1.3
Mercedes-Benz,Model_5643,Small,22.0,45.5,15.4,27,47,Driver & Passenger,5267,2.4
Lexus,Model_5644,Large,32.4,29.5,57.1,28,28,Driver & Passenger,4771,2.7
Chevrolet,Model_5645,Sport,29.6,29.5,36.4,20,26,Driver & Passenger,5266,4.6
Chevrolet,Model_5646,Van,13.1,17.7,21.5,25,40,Driver only,4516,2.7
Subaru,Model_5647,Van,17.1,33.2,20.6,23,42,Driver & Passenger,5215,1.1
Volkswagen,Model_5648,Midsize,21.0,13.8,31.1,27,30,Driver only,5667,4.8
Volkswagen,Model_5649,SUV,15.6,37.7,42.4,18,44,Driver & Passenger,6025,1.6
Kia,Model_5650,Large,14.0,20.9,34.1,16,34,Driver only,4290,4.1
Hyundai,Model_5651,Van,10.6,42.6,43.6,35,32,Driver only,4665,1.8
Honda,Model_5652,Large,40.4,37.3,49.4,16,22,Driver & Passenger,4036,4.7
Hyundai,Model_5653,SUV,19.0,43.6,51.7,36,22,Driver only,4650,1.9
Honda,Model_5654,Van,19.1,43.7,33.3,27,39,Driver & Passenger,6113,4.4
Subaru,Model_5655,SUV,16.0,18.9,50.0,33,30,None,5407,2.7
Audi,Model_5656,Large,25.9,10.0,19.5,15,45,Driver only,5054,2.8
Ford,Model_5657,Sport,27.3,26.5,39.2,20,42,None,4401,3.5
Mazda,Model_5658,Large,16.1,51.4,15.8,22,40,Driver & Passenger,6250,2.9
BMW,Model_5659,SUV,30.7,36.0,24.9,31,24,Driver & Passenger,5023,2.3
Chevrolet,Model_5660,Sport,34.9,42.7,42.9,17,39,Driver & Passenger,5579,2.0
Hyundai,Model_5661,Sport,22.1,49.6,51.2,20,43,Driver & Passenger,5503,2.1
Nissan,Model_5662,Midsize,29.9,50.8,17.1,33,38,Driver & Passenger,6423,3.8
Mazda,Model_5663,Van,26.8,33.8,23.0,21,31,Driver & Passenger,5199,1.4
Audi,Model_5664,Small,15.6,34.3,64.6,29,37,Driver & Passenger,5519,3.2
Lexus,Model_5665,Sport,35.1,48.3,29.9,20,23,Driver only,4675,2.5
Mazda,Model_5666,SUV,37.8,46.3,27.1,36,27,None,5287,2.4
Audi,Model_5667,Van,32.2,41.4,16.5,37,33,None,6072,3.9
Chevrolet,Model_5668,Compact,20.3,37.2,48.8,32,35,None,4423,3.0
Ford,Model_5669,Large,42.3,37.8,38.9,24,39,Driver & Passenger,5502,1.3
Audi,Model_5670,SUV,25.1,26.3,20.4,18,27,None,5644,4.6
Chevrolet,Model_5671,Compact,18.2,47.8,45.5,19,24,Driver & Passenger,5178,4.6
Chevrolet,Model_5672,SUV,23.4,37.8,39.9,32,28,Driver & Passenger,4488,2.7
Ford,Model_5673,Large,33.8,20.1,41.9,24,21,None,6469,1.1
Honda,Model_5674,Midsize,39.4,20.8,64.7,24,27,Driver only,4108,1.2
Mazda,Model_5675,SUV,21.5,48.8,13.5,24,26,Driver & Passenger,5932,3.0
Subaru,Model_5676,Sport,17.0,38.2,60.5,21,37,Driver & Passenger,4852,1.3
Toyota,Model_5677,Small,31.4,27.9,56.6,34,40,Driver & Passenger,6382,2.8
Toyota,Model_5678,Sport,42.1,18.4,34.0,28,41,Driver & Passenger,4628,1.8
Subaru,Model_5679,Large,15.2,37.5,58.7,22,28,Driver & Passenger,4447,4.2
Lexus,Model_5680,SUV,37.8,18.3,46.4,23,30,Driver & Passenger,4116,2.5
Nissan,Model_5681,Small,25.9,31.2,59.1,19,31,Driver & Passenger,5004,2.5
Volkswagen,Model_5682,Sport,37.7,40.5,43.5,35,27,Driver & Passenger,5787,1.1
Nissan,Model_5683,Small,27.0,35.4,23.5,22,42,Driver only,4487,3.6
Volkswagen,Model_5684,Large,22.3,51.5,42.5,34,46,Driver & Passenger,4180,4.1
Subaru,Model_5685,Midsize,33.9,11.8,21.5,19,36,Driver & Passenger,6377,2.1
Toyota,Model_5686,Midsize,41.4,22.6,19.5,34,45,Driver & Passenger,5291,3.5
BMW,Model_5687,SUV,20.2,12.6,46.7,32,38,Driver & Passenger,4789,3.6
Toyota,Model_5688,Sport,25.3,18.8,62.2,18,20,Driver & Passenger,5190,3.5
Nissan,Model_5689,Compact,16.9,15.6,43.2,25,45,Driver only,5983,3.8
Hyundai,Model_5690,Large,15.2,43.0,54.2,35,41,Driver & Passenger,5579,4.1
Subaru,Model_5691,Sport,36.9,26.6,20.9,36,22,Driver & Passenger,5039,4.0
Lexus,Model_5692,Sport,15.8,51.6,46.7,34,33,Driver & Passenger,5850,3.3
Nissan,Model_5693,Midsize,37.5,11.1,50.8,25,37,Driver & Passenger,6081,4.8
BMW,Model_5694,SUV,24.2,39.4,14.2,28,45,None,4973,4.1
Mazda,Model_5695,Small,44.8,53.7,17.1,27,21,None,4965,4.6
Volkswagen,Model_5696,Large,15.7,17.9,53.4,18,27,Driver & Passenger,4887,3.0
Toyota,Model_5697,Small,11.9,29.9,35.3,30,36,Driver only,5788,3.8
Lexus,Model_5698,Van,11.3,41.6,33.5,20,28,Driver & Passenger,5393,4.5
Ford,Model_5699,Van,39.0,38.5,60.8,37,31,Driver & Passenger,6121,3.2
Hyundai,Model_5700,Large,24.5,35.5,64.6,27,26,Driver & Passenger,5559,4.5
Chevrolet,Model_5701,SUV,8.6,24.7,52.5,37,20,Driver & Passenger,4622,3.9
BMW,Model_5702,Compact,40.4,42.8,54.0,34,40,Driver & Passenger,5265,4.0
Nissan,Model_5703,Van,40.5,39.4,23.0,19,40,Driver & Passenger,4456,4.7
Volkswagen,Model_5704,Midsize,37.9,17.3,22.2,33,33,None,6287,2.3
Ford,Model_5705,Compact,17.6,53.4,64.0,35,21,Driver & Passenger,5423,3.4
Lexus,Model_5706,Sport,22.1,35.0,48.8,24,36,Driver only,5070,2.1
Hyundai,Model_5707,Van,35.7,33.6,48.4,19,26,Driver only,6424,3.1
Audi,Model_5708,Midsize,26.4,48.2,27.2,28,34,Driver & Passenger,6270,2.8
Honda,Model_5709,Sport,14.1,38.8,59.0,18,47,None,5927,2.8
Toyota,Model_5710,Compact,17.4,13.4,14.4,20,28,Driver & Passenger,4073,1.8
Mercedes-Benz,Model_5711,Large,44.0,32.8,26.6,19,27,Driver & Passenger,6181,3.5
Honda,Model_5712,Sport,14.0,45.1,21.5,16,26,None,5778,4.2
BMW,Model_5713,Small,35.0,41.5,49.7,20,23,Driver & Passenger,5634,2.1
Audi,Model_5714,Large,25.9,53.7,49.9,16,29,None,4305,1.5
Hyundai,Model_5715,Large,35.8,11.1,40.3,26,26,None,5895,2.0
Audi,Model_5716,Compact,32.6,21.8,12.3,36,34,Driver & Passenger,5273,4.0
Lexus,Model_5717,Compact,24.5,34.7,58.3,18,32,Driver & Passenger,6324,1.3
Audi,Model_5718,Midsize,21.4,37.9,62.6,27,27,Driver & Passenger,4836,3.5
Chevrolet,Model_5719,Midsize,36.0,22.3,22.7,31,28,Driver & Passenger,5220,4.3
BMW,Model_5720,Small,20.3,47.2,56.6,20,28,Driver & Passenger,4439,4.2
Mercedes-Benz,Model_5721,Large,37.3,17.4,63.6,17,24,Driver & Passenger,6103,5.0
Mazda,Model_5722,SUV,33.3,10.0,29.3,27,40,Driver & Passenger,4182,4.2
Honda,Model_5723,Small,29.6,52.9,21.8,37,25,Driver only,5237,1.5
Mercedes-Benz,Model_5724,Small,22.0,27.6,63.8,17,35,Driver only,4324,2.4
Mazda,Model_5725,SUV,16.0,53.1,15.2,34,35,Driver & Passenger,5789,1.9
Ford,Model_5726,SUV,34.4,22.5,26.6,23,43,Driver only,6223,2.5
Hyundai,Model_5727,SUV,11.8,12.9,51.3,37,33,None,4948,3.5
Kia,Model_5728,Compact,43.9,44.8,44.7,18,38,Driver & Passenger,5177,2.2
Hyundai,Model_5729,Small,44.2,47.6,48.3,16,38,Driver & Passenger,4392,1.5
Hyundai,Model_5730,Small,13.3,32.1,49.5,19,35,Driver & Passenger,5387,3.9
Mazda,Model_5731,Sport,12.3,13.3,48.4,22,46,Driver & Passenger,6405,1.5
Kia,Model_5732,SUV,23.6,39.4,30.1,16,24,Driver & Passenger,6028,4.8
Lexus,Model_5733,SUV,43.7,18.2,28.5,19,46,Driver & Passenger,5079,3.5
Mercedes-Benz,Model_5734,Midsize,23.1,48.2,34.7,20,20,None,5307,4.1
Kia,Model_5735,Midsize,21.8,22.3,54.8,21,24,Driver & Passenger,5686,4.3
Toyota,Model_5736,Large,34.2,48.1,61.7,27,28,None,5950,3.6
Ford,Model_5737,Midsize,15.0,29.2,36.1,23,40,Driver & Passenger,5985,3.8
BMW,Model_5738,Van,21.8,36.8,16.5,21,26,Driver only,5212,4.2
Kia,Model_5739,Large,19.1,45.5,61.7,18,29,Driver & Passenger,5617,2.8
Nissan,Model_5740,SUV,30.5,11.8,16.3,19,44,Driver & Passenger,5039,1.0
Subaru,Model_5741,Sport,14.4,47.0,20.4,17,43,Driver & Passenger,6234,4.9
Lexus,Model_5742,Midsize,28.5,16.2,58.0,31,34,Driver & Passenger,4745,2.0
Hyundai,Model_5743,Sport,39.8,26.1,41.2,33,40,Driver & Passenger,6320,1.6
Nissan,Model_5744,Midsize,27.3,31.3,30.7,27,31,Driver & Passenger,6018,4.7
Ford,Model_5745,Midsize,33.4,50.3,61.3,15,32,Driver only,4215,3.2
Kia,Model_5746,Sport,11.2,11.0,62.9,19,37,Driver only,5704,2.1
Honda,Model_5747,Small,24.9,35.2,29.5,37,40,Driver & Passenger,5316,4.7
Hyundai,Model_5748,Small,12.0,38.9,58.0,23,29,Driver & Passenger,6160,4.4
Toyota,Model_5749,Small,30.4,24.2,48.0,18,43,Driver & Passenger,6077,2.8
Volkswagen,Model_5750,Van,18.8,23.1,26.5,24,46,Driver & Passenger,6385,4.8
Toyota,Model_5751,Small,19.0,32.1,61.9,28,20,Driver only,5242,1.4
Subaru,Model_5752,Midsize,11.3,18.4,15.3,24,45,None,4979,4.8
Audi,Model_5753,SUV,19.8,31.1,28.9,15,23,None,5819,2.8
Volkswagen,Model_5754,Compact,27.0,44.4,33.0,37,36,Driver & Passenger,4040,2.8
Chevrolet,Model_5755,Sport,29.8,48.0,48.6,33,40,Driver & Passenger,5276,2.8
Kia,Model_5756,SUV,10.9,27.3,14.0,31,32,Driver & Passenger,5836,2.7
Ford,Model_5757,Compact,32.3,37.8,59.2,34,21,Driver & Passenger,4352,3.1
Hyundai,Model_5758,SUV,26.3,10.0,46.9,29,34,Driver & Passenger,4623,5.0
Chevrolet,Model_5759,Van,28.1,34.8,26.6,36,31,Driver & Passenger,4200,1.1
Ford,Model_5760,Compact,38.9,53.9,46.9,20,21,Driver & Passenger,5471,3.0
Subaru,Model_5761,Large,21.0,24.1,40.5,21,26,Driver & Passenger,6263,2.1
Mazda,Model_5762,Small,14.9,36.8,29.8,15,23,Driver & Passenger,4221,1.7
Kia,Model_5763,Van,28.6,44.3,13.5,19,33,Driver & Passenger,6029,4.7
BMW,Model_5764,SUV,43.0,37.4,41.2,34,37,Driver & Passenger,4224,2.5
BMW,Model_5765,Midsize,27.4,28.8,16.4,34,30,None,6166,3.2
Kia,Model_5766,Small,38.9,16.9,54.9,21,22,Driver & Passenger,5133,4.7
Volkswagen,Model_5767,Small,36.1,30.9,16.7,16,22,Driver & Passenger,5908,2.9
Audi,Model_5768,Compact,27.4,23.3,34.7,35,37,Driver & Passenger,5536,2.2
Audi,Model_5769,Large,32.1,41.3,35.0,37,42,Driver & Passenger,5568,1.4
Volkswagen,Model_5770,Small,23.3,29.9,41.5,17,20,Driver only,6256,3.4
Mercedes-Benz,Model_5771,SUV,27.9,48.2,14.1,16,32,Driver & Passenger,4606,4.6
Hyundai,Model_5772,SUV,27.0,18.7,22.8,30,44,None,4437,1.3
BMW,Model_5773,Sport,34.4,28.8,22.6,31,24,None,4245,2.8
Honda,Model_5774,Sport,23.5,35.1,43.7,35,23,None,4911,3.7
Volkswagen,Model_5775,Small,12.1,15.7,26.0,26,22,Driver & Passenger,4868,1.4
Hyundai,Model_5776,Compact,37.3,36.5,19.6,19,38,Driver & Passenger,4247,1.3
BMW,Model_5777,Compact,33.5,23.1,13.0,18,32,Driver & Passenger,4390,1.8
Honda,Model_5778,Midsize,43.2,20.3,56.5,30,35,Driver only,6292,1.5
Subaru,Model_5779,Van,24.1,16.4,63.5,32,38,Driver & Passenger,6019,2.5
Chevrolet,Model_5780,Van,11.4,25.7,49.3,27,20,Driver & Passenger,5169,2.6
Honda,Model_5781,Van,12.9,51.8,33.9,34,37,Driver & Passenger,5449,2.8
Chevrolet,Model_5782,Large,36.7,11.4,18.5,35,46,Driver & Passenger,5817,3.0
Hyundai,Model_5783,Compact,11.0,48.3,37.2,23,26,None,5216,1.2
Ford,Model_5784,Midsize,41.6,27.9,36.2,30,22,Driver only,4636,3.7
Lexus,Model_5785,Sport,18.8,35.3,34.3,17,41,Driver & Passenger,4124,3.9
Nissan,Model_5786,SUV,41.3,33.1,32.1,31,39,Driver only,5592,1.5
Ford,Model_5787,Van,36.7,51.7,38.3,34,29,Driver & Passenger,5509,1.9
BMW,Model_5788,Sport,40.3,44.7,15.9,24,40,None,4196,2.1
Chevrolet,Model_5789,Sport,16.3,54.3,14.0,36,27,Driver & Passenger,6261,2.7
BMW,Model_5790,Small,30.2,45.7,15.4,37,21,Driver & Passenger,4497,2.6
Hyundai,Model_5791,Large,11.9,23.3,22.6,34,29,Driver & Passenger,4390,1.8
Volkswagen,Model_5792,Midsize,15.9,53.3,26.7,18,40,Driver & Passenger,4869,1.3
Kia,Model_5793,Large,19.8,54.3,21.0,36,37,Driver & Passenger,4267,2.2
Hyundai,Model_5794,Small,35.5,15.5,25.4,15,31,Driver & Passenger,5317,4.1
Toyota,Model_5795,Midsize,9.4,50.5,21.8,35,33,Driver & Passenger,5238,1.2
BMW,Model_5796,Midsize,41.5,39.9,20.0,30,44,Driver & Passenger,4438,2.5
Hyundai,Model_5797,Compact,11.1,51.5,27.5,25,21,Driver & Passenger,4821,1.8
Volkswagen,Model_5798,Large,22.2,51.2,33.1,33,36,Driver only,5607,3.9
Honda,Model_5799,Large,11.5,50.1,51.4,22,39,Driver & Passenger,5038,2.3
Volkswagen,Model_5800,Compact,36.6,49.8,62.6,19,31,Driver & Passenger,5053,2.6
Subaru,Model_5801,Sport,13.7,15.3,60.7,37,26,Driver & Passenger,5259,4.7
Ford,Model_5802,Small,40.8,16.5,37.2,22,34,Driver only,6363,3.4
Mercedes-Benz,Model_5803,Large,27.9,15.3,36.5,32,21,Driver & Passenger,5997,4.3
Honda,Model_5804,Compact,43.1,14.1,18.7,29,46,None,4647,3.7
Toyota,Model_5805,SUV,19.1,25.9,63.5,32,45,Driver & Passenger,5198,4.8
Chevrolet,Model_5806,Midsize,25.1,40.8,52.3,27,44,Driver & Passenger,5911,3.3
Kia,Model_5807,Van,33.8,26.0,56.9,29,31,None,4840,2.0
Hyundai,Model_5808,SUV,38.9,42.4,24.4,35,36,Driver & Passenger,6107,3.8
Kia,Model_5809,Compact,23.9,46.9,33.3,27,20,Driver only,4736,4.3
Nissan,Model_5810,Van,41.1,40.0,17.4,17,27,Driver & Passenger,4636,4.9
Hyundai,Model_5811,Sport,12.8,30.9,61.9,26,24,Driver & Passenger,4584,3.5
Volkswagen,Model_5812,Small,34.4,23.3,27.1,26,47,Driver & Passenger,6427,4.3
BMW,Model_5813,Van,21.2,15.6,43.6,24,47,Driver & Passenger,6108,3.8
Chevrolet,Model_5814,Sport,12.2,32.2,20.1,15,44,Driver & Passenger,4416,4.1
Nissan,Model_5815,Van,22.6,42.4,54.5,20,27,Driver only,5715,3.4
Volkswagen,Model_5816,Midsize,40.6,34.7,21.9,33,41,Driver & Passenger,6414,2.2
Mazda,Model_5817,Midsize,44.3,42.5,54.9,27,39,None,4336,1.4
BMW,Model_5818,Midsize,22.8,25.1,33.3,15,33,None,4255,3.9
Honda,Model_5819,Midsize,40.9,13.0,42.6,33,25,Driver only,4359,4.3
Ford,Model_5820,Compact,27.1,44.7,26.3,20,37,Driver & Passenger,6066,4.1
Lexus,Model_5821,Midsize,34.7,19.9,58.8,15,24,None,5799,1.2
Hyundai,Model_5822,SUV,10.2,37.7,52.3,37,29,Driver & Passenger,4645,1.2
Mercedes-Benz,Model_5823,Midsize,28.8,46.2,30.8,31,34,Driver & Passenger,4711,1.4
Subaru,Model_5824,SUV,11.1,16.3,43.0,31,22,Driver only,6488,4.3
Toyota,Model_5825,Compact,18.3,36.9,18.8,35,22,Driver & Passenger,5595,3.4
Toyota,Model_5826,Midsize,29.2,41.0,20.5,25,36,Driver & Passenger,4402,3.4
Mercedes-Benz,Model_5827,Sport,38.0,43.6,40.3,34,33,Driver & Passenger,6172,1.9
Honda,Model_5828,Sport,29.0,16.6,46.0,26,46,None,4936,1.3
Audi,Model_5829,Large,42.7,47.1,41.5,27,43,Driver & Passenger,6394,4.2
Toyota,Model_5830,Sport,38.1,14.2,41.6,32,29,Driver & Passenger,4467,4.3
Hyundai,Model_5831,Small,14.2,33.4,51.3,36,38,Driver & Passenger,4677,2.0
Honda,Model_5832,Small,22.7,30.0,59.8,15,35,Driver & Passenger,6430,4.3
Chevrolet,Model_5833,Small,32.9,20.0,32.5,17,36,Driver only,6372,2.3
Toyota,Model_5834,Compact,42.8,23.6,40.5,31,39,Driver & Passenger,4550,4.2
Kia,Model_5835,Sport,44.6,17.4,59.3,21,32,None,5225,1.3
Honda,Model_5836,SUV,36.4,29.2,36.6,31,20,None,4562,2.4
Hyundai,Model_5837,Small,29.4,11.6,35.6,30,20,Driver & Passenger,4115,4.1
Mercedes-Benz,Model_5838,Large,36.1,50.0,52.6,26,36,Driver only,4082,2.2
Lexus,Model_5839,Compact,18.5,17.4,58.5,22,37,Driver & Passenger,6493,1.2
Kia,Model_5840,Large,18.9,49.9,51.1,25,47,Driver & Passenger,5138,1.6
BMW,Model_5841,Sport,32.4,48.9,17.3,17,36,Driver & Passenger,4808,4.8
BMW,Model_5842,Midsize,40.3,30.3,36.6,26,31,Driver & Passenger,6132,3.4
Toyota,Model_5843,Large,43.9,32.4,23.2,18,25,Driver & Passenger,6242,1.7
Kia,Model_5844,Midsize,21.0,23.6,28.8,23,26,Driver & Passenger,4058,3.6
Ford,Model_5845,Compact,37.6,54.9,36.8,36,36,Driver & Passenger,5780,3.5
Volkswagen,Model_5846,Large,39.6,40.2,23.7,35,45,None,5256,2.6
BMW,Model_5847,Large,31.2,52.8,39.3,35,35,None,5597,3.7
Ford,Model_5848,Van,21.2,28.7,46.1,31,20,None,5985,1.4
Chevrolet,Model_5849,Compact,31.1,49.7,58.4,30,30,Driver only,4813,2.3
Honda,Model_5850,Compact,29.8,30.2,23.2,26,29,Driver & Passenger,4357,1.2
Volkswagen,Model_5851,Small,30.6,49.0,28.5,29,44,Driver & Passenger,4087,4.7
Nissan,Model_5852,Sport,31.1,15.9,33.5,29,44,None,4534,4.6
Hyundai,Model_5853,Large,39.4,38.7,23.9,15,20,Driver & Passenger,6342,1.8
Hyundai,Model_5854,Large,14.7,40.5,29.6,17,30,None,5083,3.8
Subaru,Model_5855,SUV,21.9,39.5,58.8,16,43,Driver only,5976,4.3
Hyundai,Model_5856,Compact,29.9,30.1,19.3,31,22,Driver & Passenger,4555,2.6
Hyundai,Model_5857,Compact,18.8,40.8,35.5,26,42,Driver only,4747,4.3
Honda,Model_5858,Sport,44.2,20.8,28.5,19,35,Driver & Passenger,5093,3.0
Mercedes-Benz,Model_5859,Compact,18.1,36.8,16.1,25,20,Driver & Passenger,5942,4.2
Volkswagen,Model_5860,Midsize,25.6,34.9,17.1,33,26,Driver & Passenger,5560,4.0
Hyundai,Model_5861,Midsize,40.5,24.3,53.6,29,30,Driver & Passenger,4832,3.2
Volkswagen,Model_5862,Van,11.4,45.0,57.2,21,36,Driver only,5893,3.0
Kia,Model_5863,Midsize,38.5,13.6,51.3,22,38,Driver & Passenger,4137,2.2
Chevrolet,Model_5864,Midsize,29.3,17.7,40.6,24,47,Driver & Passenger,6457,2.6
Mazda,Model_5865,Sport,9.7,31.2,53.0,20,33,Driver & Passenger,4905,2.6
Subaru,Model_5866,Large,41.5,50.1,20.1,35,42,None,6376,1.4
Toyota,Model_5867,Midsize,9.9,35.9,53.4,29,35,Driver & Passenger,4044,3.1
Volkswagen,Model_5868,Van,27.3,47.9,34.4,24,36,Driver & Passenger,4665,3.3
Hyundai,Model_5869,Compact,10.3,33.3,51.8,35,33,None,5928,4.9
Hyundai,Model_5870,Midsize,11.1,45.3,24.1,31,28,Driver & Passenger,6083,2.1
Kia,Model_5871,Van,40.9,24.7,56.1,36,40,Driver & Passenger,6455,2.6
Ford,Model_5872,Sport,36.5,46.7,42.1,20,32,Driver & Passenger,5959,3.2
Honda,Model_5873,SUV,15.7,28.1,12.4,33,21,Driver & Passenger,4762,4.4
Mercedes-Benz,Model_5874,SUV,31.1,35.1,39.5,34,39,Driver & Passenger,4741,2.0
Mazda,Model_5875,SUV,37.5,17.9,28.4,34,27,Driver & Passenger,4350,1.9
Audi,Model_5876,Compact,41.0,51.4,15.0,20,23,Driver & Passenger,5555,3.1
Toyota,Model_5877,Van,25.6,41.6,35.7,28,45,None,6201,1.5
Nissan,Model_5878,Midsize,41.3,48.6,28.5,27,24,Driver only,5467,3.8
Audi,Model_5879,Large,27.0,19.4,22.8,27,34,Driver only,4196,4.4
Hyundai,Model_5880,Compact,33.6,13.0,30.5,23,21,Driver & Passenger,4067,1.1
Honda,Model_5881,Compact,44.2,25.2,21.5,23,40,Driver & Passenger,5764,1.8
Hyundai,Model_5882,SUV,17.1,33.3,27.9,35,42,Driver only,5141,3.3
Hyundai,Model_5883,Large,14.7,46.1,18.1,22,28,Driver & Passenger,6430,4.3
Toyota,Model_5884,SUV,21.0,27.9,16.5,24,27,Driver & Passenger,5732,3.0
Hyundai,Model_5885,Compact,14.5,22.1,60.2,34,45,Driver & Passenger,5414,4.1
Lexus,Model_5886,Midsize,18.9,26.8,59.8,18,30,None,6372,2.7
Nissan,Model_5887,SUV,35.6,41.7,55.9,17,41,Driver & Passenger,4548,2.6
Volkswagen,Model_5888,SUV,25.9,25.1,24.2,27,32,Driver & Passenger,4117,1.7
Ford,Model_5889,SUV,22.2,54.1,50.5,35,44,None,4513,1.6
Mazda,Model_5890,Compact,22.0,17.9,43.3,22,26,Driver only,4688,4.0
Volkswagen,Model_5891,Midsize,15.6,43.9,14.7,23,38,Driver & Passenger,5254,1.7
Mercedes-Benz,Model_5892,Large,24.8,36.5,59.7,28,46,Driver & Passenger,5040,2.6
Ford,Model_5893,Small,31.3,20.5,64.9,15,34,Driver & Passenger,5519,3.2
Chevrolet,Model_5894,Large,13.6,43.9,49.6,28,31,None,6354,2.1
Lexus,Model_5895,Midsize,44.0,30.1,24.3,26,32,Driver & Passenger,4369,4.3
Kia,Model_5896,Sport,24.7,40.7,41.4,18,20,Driver & Passenger,5495,2.6
Toyota,Model_5897,SUV,43.1,39.8,17.8,36,40,Driver & Passenger,5484,2.5
Volkswagen,Model_5898,Large,13.4,15.0,27.8,35,44,Driver only,6075,1.7
Ford,Model_5899,Sport,36.5,47.8,50.0,18,27,Driver only,4889,1.9
Lexus,Model_5900,Sport,31.0,40.7,28.0,27,34,Driver only,5388,2.2
Audi,Model_5901,Midsize,38.4,45.1,19.8,30,41,Driver & Passenger,4617,2.4
Kia,Model_5902,Midsize,30.4,30.1,12.4,25,33,None,4214,3.8
Ford,Model_5903,SUV,43.6,18.8,42.3,17,27,Driver only,5622,5.0
BMW,Model_5904,Small,31.4,24.7,63.3,16,43,Driver only,5993,3.0
Hyundai,Model_5905,Van,37.1,50.6,37.7,17,22,Driver & Passenger,5290,3.8
Chevrolet,Model_5906,Compact,40.5,52.2,23.3,34,31,None,6002,2.0
Honda,Model_5907,Large,34.6,31.7,36.6,31,34,None,5659,4.8
Volkswagen,Model_5908,Midsize,27.6,23.4,43.9,15,41,Driver & Passenger,5516,4.2
Hyundai,Model_5909,Large,18.5,42.9,54.5,25,35,Driver & Passenger,4171,3.7
Mercedes-Benz,Model_5910,Van,39.7,44.5,36.0,30,26,None,5899,2.3
Mazda,Model_5911,Van,26.0,46.7,21.2,34,37,Driver only,5754,1.3
Lexus,Model_5912,SUV,31.2,11.4,22.0,24,32,Driver & Passenger,6044,4.9
Chevrolet,Model_5913,Sport,11.4,10.4,59.7,34,46,Driver & Passenger,4803,3.9
Kia,Model_5914,SUV,26.7,26.1,24.5,20,42,Driver & Passenger,5400,1.5
BMW,Model_5915,Compact,34.0,16.9,50.6,16,45,Driver & Passenger,4315,3.2
Toyota,Model_5916,Small,29.8,46.2,26.3,36,25,Driver only,4470,3.4
Audi,Model_5917,Large,24.9,34.0,50.2,21,21,None,5632,2.8
Mazda,Model_5918,Compact,16.7,47.1,16.2,31,21,Driver & Passenger,6253,2.9
Volkswagen,Model_5919,Small,19.8,18.0,23.0,22,41,Driver & Passenger,5100,3.2
Lexus,Model_5920,Large,34.1,38.2,33.7,27,38,None,5478,4.2
Mazda,Model_5921,Compact,16.7,36.1,39.3,36,25,Driver & Passenger,6424,4.2
Chevrolet,Model_5922,Midsize,31.2,25.3,30.7,18,44,None,5573,4.8
Lexus,Model_5923,Large,30.0,33.3,42.4,25,29,Driver only,5600,1.7
Kia,Model_5924,Compact,43.9,36.5,29.2,16,47,Driver & Passenger,5504,1.4
Toyota,Model_5925,Van,10.7,50.0,48.0,22,36,Driver only,4853,3.4
Hyundai,Model_5926,Small,12.4,12.5,39.1,32,38,Driver only,6430,3.8
Mercedes-Benz,Model_5927,Compact,27.0,47.1,49.4,22,35,Driver only,6198,2.4
BMW,Model_5928,Midsize,27.7,54.1,34.8,25,37,Driver & Passenger,5406,4.9
Volkswagen,Model_5929,SUV,10.0,42.9,58.5,19,46,Driver only,4363,4.4
Hyundai,Model_5930,Large,38.6,43.2,32.3,21,38,None,6382,3.0
Audi,Model_5931,Large,26.6,19.8,28.3,37,21,Driver & Passenger,6334,3.9
Toyota,Model_5932,Large,21.2,33.5,41.5,18,22,Driver & Passenger,4322,2.8
Subaru,Model_5933,Midsize,20.1,41.8,39.0,36,34,None,6473,1.8
Subaru,Model_5934,Small,39.9,37.1,39.5,24,34,None,4800,1.6
Toyota,Model_5935,Large,15.7,27.3,54.2,20,31,Driver & Passenger,5632,2.2
BMW,Model_5936,Small,14.4,52.3,43.2,27,39,Driver & Passenger,4406,4.6
Nissan,Model_5937,Compact,16.3,33.1,58.9,30,32,Driver & Passenger,6395,2.5
Hyundai,Model_5938,Van,31.3,53.6,44.8,36,42,Driver & Passenger,4820,4.6
Ford,Model_5939,Van,38.1,35.4,13.2,16,21,Driver only,6191,4.2
Mazda,Model_5940,Small,20.6,45.7,58.1,29,37,Driver only,4420,3.4
Volkswagen,Model_5941,Small,14.8,43.4,56.5,22,34,Driver & Passenger,5412,4.6
Nissan,Model_5942,Van,16.1,39.7,14.6,31,37,None,6282,1.8
Ford,Model_5943,Large,31.1,10.7,18.6,28,32,Driver & Passenger,4650,1.3
Mercedes-Benz,Model_5944,Sport,17.5,13.5,41.5,32,25,Driver & Passenger,4779,4.0
Kia,Model_5945,Sport,40.5,36.2,14.3,28,27,None,6324,4.6
Volkswagen,Model_5946,Midsize,12.3,51.0,33.8,18,35,Driver & Passenger,6449,2.5
Volkswagen,Model_5947,SUV,9.7,37.1,63.7,35,39,Driver & Passenger,5433,1.0
Subaru,Model_5948,Van,11.7,20.6,21.2,35,47,Driver & Passenger,5496,4.1
BMW,Model_5949,Van,39.4,24.4,22.9,36,45,Driver & Passenger,5086,2.5
Kia,Model_5950,Midsize,32.3,38.0,47.8,37,22,Driver & Passenger,5137,3.3
Mazda,Model_5951,Sport,43.5,36.9,14.3,15,44,Driver & Passenger,6420,1.8
Honda,Model_5952,Compact,20.8,53.0,55.5,37,36,Driver only,4886,3.7
Ford,Model_5953,Large,16.3,33.8,22.5,20,45,Driver & Passenger,5171,3.1
Subaru,Model_5954,Large,29.0,26.0,40.2,19,37,Driver & Passenger,6366,1.1
Volkswagen,Model_5955,Compact,28.1,33.6,25.2,29,31,None,4616,1.0
Nissan,Model_5956,Compact,30.1,45.4,46.9,30,26,Driver & Passenger,6165,2.8
Hyundai,Model_5957,Sport,21.2,34.3,43.1,36,31,Driver & Passenger,4242,1.7
Subaru,Model_5958,Midsize,8.7,24.7,62.2,22,22,None,4907,4.6
Ford,Model_5959,Compact,9.8,25.2,35.6,20,31,None,4543,1.4
Ford,Model_5960,Midsize,32.7,44.1,58.4,19,44,Driver only,4096,3.9
Hyundai,Model_5961,SUV,27.6,13.0,42.5,20,34,None,4303,2.4
BMW,Model_5962,Small,38.5,22.4,60.5,15,36,Driver only,4990,4.7
Volkswagen,Model_5963,Large,19.5,16.9,27.5,28,31,Driver & Passenger,6016,1.5
Kia,Model_5964,Sport,38.3,52.5,41.1,33,28,Driver & Passenger,5210,4.1
Hyundai,Model_5965,Large,24.0,14.1,32.7,33,41,Driver & Passenger,5299,4.8
Mercedes-Benz,Model_5966,Sport,12.0,44.1,15.5,29,20,None,4868,4.8
Honda,Model_5967,Small,44.2,38.4,42.4,33,44,Driver & Passenger,5575,2.0
BMW,Model_5968,Large,27.2,38.5,54.1,20,35,Driver & Passenger,4118,2.2
Audi,Model_5969,Small,31.5,44.4,41.5,19,44,Driver only,4956,1.6
Mercedes-Benz,Model_5970,Sport,33.0,28.0,26.8,30,45,Driver only,5591,2.5
Volkswagen,Model_5971,Compact,21.7,28.0,26.0,23,34,Driver & Passenger,5805,3.7
BMW,Model_5972,SUV,35.8,23.0,24.6,29,30,None,4203,1.0
Mazda,Model_5973,Large,40.3,36.9,63.9,36,24,Driver & Passenger,6081,3.6
Honda,Model_5974,Small,22.6,51.8,33.2,22,26,Driver & Passenger,4557,1.1
Subaru,Model_5975,Van,32.5,51.6,28.8,22,22,Driver only,5740,3.7
Hyundai,Model_5976,Large,36.1,41.6,34.2,18,32,Driver & Passenger,6453,4.4
Toyota,Model_5977,Large,15.4,50.8,18.1,16,43,None,4354,2.4
Audi,Model_5978,Large,20.6,53.4,22.4,30,32,Driver & Passenger,6020,2.6
Chevrolet,Model_5979,Midsize,12.5,45.8,39.0,17,38,Driver only,5174,3.9
Lexus,Model_5980,Small,30.5,28.4,54.3,23,29,Driver & Passenger,6161,4.2
BMW,Model_5981,Small,37.7,31.7,58.5,18,26,Driver only,5599,5.0
Ford,Model_5982,Large,30.8,51.9,57.9,16,39,Driver only,4607,3.2
Hyundai,Model_5983,Compact,15.1,40.2,62.1,33,40,Driver & Passenger,5195,4.4
Toyota,Model_5984,Large,28.4,46.9,18.7,37,42,Driver only,4010,1.2
BMW,Model_5985,Midsize,39.0,15.2,14.2,29,34,Driver & Passenger,5603,1.4
BMW,Model_5986,Sport,19.5,18.7,17.6,21,37,Driver & Passenger,4316,4.5
Nissan,Model_5987,Midsize,38.9,25.5,43.8,22,39,Driver & Passenger,4690,2.5
Mercedes-Benz,Model_5988,Compact,37.1,18.5,41.5,17,26,Driver & Passenger,4062,1.9
Nissan,Model_5989,Large,9.3,50.8,47.6,37,22,Driver & Passenger,4009,2.6
Toyota,Model_5990,Small,17.2,19.8,31.7,29,39,Driver only,4498,3.1
Kia,Model_5991,SUV,28.3,35.1,32.8,15,29,Driver only,5536,2.3
Subaru,Model_5992,Van,34.7,13.8,40.9,30,34,Driver only,5583,1.8
Nissan,Model_5993,Large,40.6,17.0,16.2,36,31,Driver only,5910,1.1
Ford,Model_5994,Compact,31.9,21.1,54.4,17,35,Driver & Passenger,6203,4.1
Audi,Model_5995,Small,22.4,54.2,60.9,16,43,None,6219,4.6
Chevrolet,Model_5996,Midsize,15.2,45.9,32.5,29,38,Driver & Passenger,4236,1.1
Mercedes-Benz,Model_5997,Sport,36.2,40.3,51.2,18,31,None,5140,2.4
Hyundai,Model_5998,Sport,16.0,51.2,41.1,28,44,None,4239,4.6
Honda,Model_5999,SUV,33.9,53.0,24.5,23,40,Driver & Passenger,6433,1.1
Chevrolet,Model_6000,Large,15.1,30.4,15.6,36,21,None,5640,3.9
Chevrolet,Model_6001,Midsize,11.8,24.7,25.0,23,27,Driver & Passenger,4569,2.0
Honda,Model_6002,SUV,17.7,24.2,44.1,28,45,Driver only,4169,4.1
Nissan,Model_6003,Van,18.9,11.6,14.1,29,43,Driver & Passenger,5808,3.7
Toyota,Model_6004,Van,32.1,22.6,56.3,19,32,None,4420,4.8
Honda,Model_6005,SUV,14.4,26.0,63.4,16,20,Driver only,5963,2.2
Subaru,Model_6006,Compact,42.5,11.7,16.4,31,44,Driver only,5046,1.6
Subaru,Model_6007,Sport,28.7,49.7,25.1,25,21,None,6343,3.0
Volkswagen,Model_6008,Midsize,26.4,48.2,47.8,27,33,Driver & Passenger,5611,4.9
Mazda,Model_6009,Large,24.4,21.3,54.7,26,23,Driver & Passenger,6268,1.2
Kia,Model_6010,Small,29.2,46.1,30.3,17,25,Driver & Passenger,6281,1.7
Audi,Model_6011,Large,9.3,45.8,39.3,37,32,Driver only,5915,4.4
Hyundai,Model_6012,Large,44.6,25.1,59.3,34,28,Driver & Passenger,4908,3.7
Nissan,Model_6013,Midsize,28.8,41.4,32.4,27,35,None,4473,2.7
Mercedes-Benz,Model_6014,Sport,9.8,23.0,16.3,29,20,Driver & Passenger,4480,3.0
Hyundai,Model_6015,Midsize,30.0,13.2,64.7,25,28,Driver & Passenger,5121,2.0
Kia,Model_6016,Small,24.5,32.7,21.6,30,43,Driver only,5811,4.8
Honda,Model_6017,SUV,9.4,29.7,14.6,21,47,Driver & Passenger,4777,2.4
Mazda,Model_6018,Midsize,42.2,16.2,33.8,15,26,Driver only,6240,2.5
Hyundai,Model_6019,Compact,8.9,32.1,18.4,37,37,Driver & Passenger,4318,2.9
Mercedes-Benz,Model_6020,Large,29.6,52.7,63.9,33,35,Driver & Passenger,5692,1.9
Audi,Model_6021,Sport,43.6,42.9,32.2,32,26,Driver & Passenger,6485,1.8
Lexus,Model_6022,Van,17.2,43.2,55.8,23,37,Driver only,4637,3.4
Audi,Model_6023,Small,17.8,44.1,21.4,32,28,Driver & Passenger,4085,4.1
Nissan,Model_6024,Van,8.5,43.5,19.4,17,47,None,5600,4.0
Honda,Model_6025,Large,10.9,10.9,46.4,17,39,None,6296,3.3
Lexus,Model_6026,Midsize,10.1,51.6,60.2,18,21,None,4776,3.6
Kia,Model_6027,Van,38.5,47.4,18.1,30,24,Driver & Passenger,4022,3.3
Toyota,Model_6028,Compact,39.0,22.4,43.2,25,28,Driver & Passenger,6259,4.5
Kia,Model_6029,Midsize,35.0,34.9,16.5,37,23,Driver only,5551,2.5
Kia,Model_6030,Large,21.4,37.7,55.0,37,35,Driver only,6005,1.5
Audi,Model_6031,Van,38.5,15.9,60.2,29,40,Driver only,5532,2.7
Toyota,Model_6032,SUV,28.2,21.4,45.3,23,43,None,5261,4.5
Toyota,Model_6033,Small,19.6,11.0,48.5,22,22,Driver only,4701,4.6
Nissan,Model_6034,Van,24.5,48.9,14.9,36,25,None,4726,3.4
Mercedes-Benz,Model_6035,SUV,10.9,11.1,15.9,20,36,Driver & Passenger,5715,1.2
Hyundai,Model_6036,SUV,43.0,24.3,21.5,35,38,Driver & Passenger,5686,3.9
BMW,Model_6037,Van,31.1,13.5,26.5,32,27,None,4889,3.6
Chevrolet,Model_6038,Sport,35.2,45.2,52.3,20,29,None,6417,2.8
Mercedes-Benz,Model_6039,Van,33.2,51.6,35.1,20,29,Driver & Passenger,4775,1.7
Chevrolet,Model_6040,Large,32.9,35.3,16.1,26,35,None,5575,3.4
Audi,Model_6041,SUV,9.1,16.3,57.2,19,25,None,5729,2.9
BMW,Model_6042,Small,27.7,35.1,64.7,28,45,Driver & Passenger,4431,1.2
Hyundai,Model_6043,Large,38.5,44.7,36.1,20,39,Driver & Passenger,6170,2.6
BMW,Model_6044,Compact,10.1,42.3,39.1,35,47,None,5709,4.8
Nissan,Model_6045,Midsize,43.4,43.4,16.2,34,27,Driver & Passenger,4002,2.6
Kia,Model_6046,Van,24.0,22.6,32.3,33,22,Driver & Passenger,4852,2.7
Audi,Model_6047,Sport,19.1,13.3,31.7,28,21,None,5095,3.2
Toyota,Model_6048,Small,27.9,16.7,63.2,15,29,Driver only,4144,2.2
Subaru,Model_6049,Sport,37.7,53.0,47.0,34,27,Driver only,5308,1.3
Audi,Model_6050,Sport,25.8,37.6,53.5,37,31,Driver & Passenger,6119,3.4
Chevrolet,Model_6051,Sport,32.0,42.8,18.8,21,39,Driver & Passenger,5957,3.0
Lexus,Model_6052,Van,26.7,50.5,34.1,21,31,Driver & Passenger,5066,3.7
Hyundai,Model_6053,Small,31.5,48.4,22.2,28,28,Driver & Passenger,5223,2.9
Hyundai,Model_6054,Small,13.5,19.8,57.6,34,46,Driver & Passenger,4408,2.0
BMW,Model_6055,SUV,9.9,12.6,20.1,30,38,Driver & Passenger,4361,2.5
Hyundai,Model_6056,Sport,13.5,51.6,35.3,26,44,Driver only,5525,1.1
Mercedes-Benz,Model_6057,SUV,18.9,54.2,14.8,37,45,None,5147,1.6
Hyundai,Model_6058,SUV,17.7,35.5,45.6,25,41,Driver & Passenger,6358,4.1
Nissan,Model_6059,Midsize,31.0,50.0,37.5,32,34,Driver only,6220,4.7
Audi,Model_6060,Van,25.1,20.4,38.4,26,33,Driver & Passenger,5237,2.5
Mercedes-Benz,Model_6061,Van,9.9,15.0,17.4,24,24,Driver & Passenger,5268,4.7
Lexus,Model_6062,Large,9.8,32.5,39.2,19,37,None,5077,3.5
Honda,Model_6063,SUV,11.8,46.5,41.9,16,31,Driver & Passenger,5125,2.1
Hyundai,Model_6064,Van,21.4,39.5,63.0,24,46,Driver & Passenger,5520,3.4
Audi,Model_6065,Sport,8.7,38.7,13.8,30,25,Driver & Passenger,4535,4.2
Mercedes-Benz,Model_6066,Compact,26.5,10.8,60.9,20,39,None,5824,4.1
Toyota,Model_6067,Sport,21.7,24.3,37.4,20,40,Driver & Passenger,4807,4.5
Audi,Model_6068,Small,28.8,52.3,23.1,34,30,Driver only,4156,4.1
Mazda,Model_6069,Van,34.8,16.0,47.3,37,34,Driver & Passenger,5295,3.8
Nissan,Model_6070,Van,17.7,42.7,39.4,26,41,Driver & Passenger,5914,2.5
Ford,Model_6071,Large,14.2,44.2,24.0,23,42,Driver & Passenger,4416,1.7
Nissan,Model_6072,SUV,18.6,43.0,45.2,31,23,Driver & Passenger,6367,1.5
BMW,Model_6073,Compact,8.6,54.5,37.1,24,46,Driver & Passenger,5278,4.3
Subaru,Model_6074,Van,12.9,28.4,48.5,22,43,Driver & Passenger,5180,4.1
Ford,Model_6075,Large,35.9,40.7,48.5,23,33,Driver & Passenger,5328,4.6
Lexus,Model_6076,Large,16.6,18.7,37.1,21,24,Driver only,6135,1.3
BMW,Model_6077,Compact,44.8,28.0,32.7,24,42,Driver & Passenger,6052,3.5
BMW,Model_6078,Sport,14.6,32.1,15.4,15,41,None,5460,3.9
Toyota,Model_6079,Sport,37.3,19.7,38.2,33,46,Driver & Passenger,5579,2.7
Lexus,Model_6080,Sport,34.2,50.8,24.9,36,46,Driver & Passenger,5262,3.1
Toyota,Model_6081,Midsize,20.3,42.2,14.8,25,40,None,5158,3.0
Lexus,Model_6082,SUV,20.6,22.8,29.5,37,42,Driver & Passenger,4990,2.7
Volkswagen,Model_6083,SUV,29.1,16.1,16.6,34,30,Driver only,6013,2.2
Kia,Model_6084,Sport,39.6,23.0,42.7,24,39,Driver & Passenger,4581,5.0
Chevrolet,Model_6085,Compact,22.6,38.0,38.7,16,26,None,6458,4.5
Lexus,Model_6086,Midsize,10.7,47.2,54.0,28,32,Driver & Passenger,4565,4.1
Kia,Model_6087,SUV,22.2,32.6,26.2,26,38,Driver & Passenger,5224,4.4
Kia,Model_6088,Sport,16.1,14.6,31.7,18,43,Driver & Passenger,6429,4.3
Hyundai,Model_6089,Midsize,42.8,21.2,48.5,36,45,Driver & Passenger,5652,1.3
Subaru,Model_6090,Compact,34.0,25.5,64.6,27,23,None,5622,3.3
Chevrolet,Model_6091,Sport,10.4,38.6,59.9,34,39,Driver & Passenger,5325,2.9
Honda,Model_6092,Small,19.2,21.1,39.6,24,31,Driver only,5500,1.8
Ford,Model_6093,Van,10.3,20.5,47.9,16,33,Driver & Passenger,6362,2.0
Hyundai,Model_6094,Compact,38.8,22.9,40.2,31,20,Driver only,4365,1.6
Kia,Model_6095,Large,41.6,36.7,35.0,24,27,Driver & Passenger,4821,2.9
Subaru,Model_6096,Large,12.6,32.2,43.9,37,35,Driver & Passenger,6172,2.0
Volkswagen,Model_6097,Compact,24.6,47.9,32.5,30,40,Driver & Passenger,5393,1.9
Lexus,Model_6098,Large,42.5,41.4,26.8,23,44,Driver & Passenger,4652,3.2
Audi,Model_6099,SUV,13.8,40.0,49.4,33,38,Driver & Passenger,5537,1.9
Audi,Model_6100,Compact,19.2,17.0,58.2,25,24,Driver only,6089,3.4
Hyundai,Model_6101,Small,19.6,12.5,27.3,20,33,Driver only,5205,1.6
BMW,Model_6102,Compact,9.6,32.9,49.5,18,31,Driver & Passenger,6287,3.8
Hyundai,Model_6103,Sport,9.8,13.2,35.0,30,31,Driver & Passenger,4368,2.2
Chevrolet,Model_6104,Sport,43.3,26.4,28.0,26,39,Driver & Passenger,6453,4.1
BMW,Model_6105,Midsize,29.3,11.2,44.9,30,31,Driver & Passenger,4212,4.2
Hyundai,Model_6106,Large,19.7,18.0,61.8,37,30,Driver & Passenger,6156,4.9
Lexus,Model_6107,Van,22.3,15.0,30.6,36,34,Driver & Passenger,4176,1.1
Subaru,Model_6108,Large,34.6,46.0,52.3,17,26,Driver & Passenger,6084,4.2
Mazda,Model_6109,SUV,21.9,25.6,28.7,26,29,Driver only,5827,2.9
Mazda,Model_6110,Compact,16.8,13.5,54.6,29,24,Driver & Passenger,5712,1.5
Volkswagen,Model_6111,Van,12.2,21.9,52.3,34,34,Driver only,4569,4.0
Mercedes-Benz,Model_6112,Van,35.1,40.7,52.6,26,21,Driver only,4961,1.3
Hyundai,Model_6113,Large,15.1,43.6,64.9,23,41,Driver & Passenger,4986,4.5
Hyundai,Model_6114,Van,11.0,15.4,19.4,24,32,Driver only,4160,3.5
Toyota,Model_6115,Van,24.1,45.0,32.6,37,33,Driver & Passenger,5967,1.8
Lexus,Model_6116,Sport,9.9,26.7,45.4,22,39,Driver & Passenger,4074,3.7
Toyota,Model_6117,Small,43.7,40.6,43.3,27,25,None,5222,1.7
Chevrolet,Model_6118,Compact,31.4,40.2,53.4,36,20,Driver & Passenger,6084,3.3
Chevrolet,Model_6119,Large,14.1,45.7,14.5,29,34,Driver & Passenger,5713,1.0
Kia,Model_6120,Sport,14.8,41.4,49.4,31,30,Driver & Passenger,5447,4.7
Mazda,Model_6121,SUV,29.3,11.7,51.1,26,32,Driver & Passenger,6485,1.3
Hyundai,Model_6122,SUV,21.5,33.4,15.2,30,47,Driver & Passenger,5855,4.0
Kia,Model_6123,Midsize,36.8,17.5,40.6,25,36,Driver & Passenger,4709,3.8
Toyota,Model_6124,Van,28.4,53.6,25.0,33,23,Driver & Passenger,5396,3.6
Mercedes-Benz,Model_6125,Van,24.3,21.5,54.5,27,42,Driver only,5844,1.2
Ford,Model_6126,Large,43.6,28.9,14.6,17,30,Driver & Passenger,6272,3.6
Ford,Model_6127,Small,22.8,18.9,19.7,18,42,Driver & Passenger,5990,3.5
Chevrolet,Model_6128,Small,23.1,16.1,17.5,29,20,Driver only,4693,3.5
Mercedes-Benz,Model_6129,Large,32.8,37.0,15.5,28,33,Driver & Passenger,5600,3.2
BMW,Model_6130,Large,38.0,32.2,43.8,25,40,Driver only,5638,2.3
Toyota,Model_6131,Sport,31.4,26.9,58.0,27,41,Driver & Passenger,6477,1.9
Ford,Model_6132,SUV,34.0,13.8,39.1,34,24,Driver & Passenger,6021,2.8
Mercedes-Benz,Model_6133,Large,22.1,43.1,23.2,32,42,Driver & Passenger,6217,2.5
Hyundai,Model_6134,SUV,26.0,10.3,30.2,27,41,Driver & Passenger,4092,3.8
Mercedes-Benz,Model_6135,Midsize,15.7,30.6,31.1,35,40,Driver & Passenger,4823,2.1
Toyota,Model_6136,SUV,33.3,38.5,35.9,33,24,Driver & Passenger,4014,4.2
Nissan,Model_6137,Sport,16.6,29.4,34.3,18,44,Driver & Passenger,6333,4.9
Mercedes-Benz,Model_6138,Van,8.5,15.7,47.6,26,22,Driver & Passenger,4779,3.8
Mercedes-Benz,Model_6139,Van,42.6,45.0,30.0,17,28,None,4603,3.0
Audi,Model_6140,SUV,19.7,24.6,47.1,30,32,Driver only,4862,1.7
Mazda,Model_6141,Van,15.7,16.1,41.0,15,30,Driver & Passenger,4122,4.9
Kia,Model_6142,Van,18.3,34.8,14.6,18,37,Driver only,5295,2.1
Toyota,Model_6143,Compact,20.6,10.9,60.7,23,29,Driver & Passenger,5181,3.3
Audi,Model_6144,Midsize,25.8,24.6,21.4,37,42,Driver & Passenger,4440,2.8
Mercedes-Benz,Model_6145,Sport,11.0,43.8,35.9,27,25,Driver & Passenger,4864,1.8
Nissan,Model_6146,Sport,10.4,51.1,62.2,36,43,Driver & Passenger,5275,4.1
Kia,Model_6147,Van,19.2,36.6,25.1,24,28,None,5691,1.5
Toyota,Model_6148,Small,19.3,19.8,13.2,23,32,Driver & Passenger,5742,2.7
Chevrolet,Model_6149,Sport,12.8,19.9,38.0,34,41,Driver & Passenger,5561,1.8
Audi,Model_6150,Midsize,23.3,37.2,23.9,20,37,None,4525,3.2
Kia,Model_6151,Large,18.9,28.3,42.8,33,29,None,5720,4.4
Toyota,Model_6152,Midsize,9.5,18.0,55.3,17,34,Driver & Passenger,5678,4.6
Audi,Model_6153,Van,40.8,45.4,39.1,24,31,Driver & Passenger,5729,3.1
Nissan,Model_6154,Van,40.8,19.0,46.2,24,39,Driver only,6063,2.0
Toyota,Model_6155,Compact,16.1,24.5,47.3,35,34,Driver & Passenger,6340,2.5
Toyota,Model_6156,SUV,14.4,12.8,55.5,16,33,Driver & Passenger,6298,3.8
Lexus,Model_6157,Sport,28.5,41.6,48.5,27,38,None,5802,2.2
Toyota,Model_6158,SUV,31.5,22.4,63.7,21,38,Driver only,4778,1.6
Volkswagen,Model_6159,SUV,43.5,20.5,36.2,27,40,Driver only,4160,2.1
Hyundai,Model_6160,Sport,22.3,23.7,14.7,28,29,Driver & Passenger,5922,1.5
Volkswagen,Model_6161,Sport,31.1,49.3,32.9,32,20,Driver & Passenger,4339,2.1
Mercedes-Benz,Model_6162,Van,40.6,33.3,56.5,28,44,Driver only,6336,1.2
Chevrolet,Model_6163,Sport,24.9,17.1,19.1,37,39,Driver & Passenger,5008,1.2
Hyundai,Model_6164,Small,13.0,44.9,51.0,27,26,None,4801,4.4
Mercedes-Benz,Model_6165,Small,22.3,19.4,40.4,33,42,Driver & Passenger,4860,1.7
Nissan,Model_6166,Large,13.5,28.6,59.7,22,42,None,4961,4.4
Volkswagen,Model_6167,Sport,9.1,35.6,50.8,18,30,Driver & Passenger,4241,5.0
Kia,Model_6168,Compact,35.9,36.3,47.0,23,40,Driver & Passenger,5946,2.6
Subaru,Model_6169,Large,17.2,13.1,59.0,26,23,Driver & Passenger,5479,2.8
Hyundai,Model_6170,Van,8.6,47.7,60.1,34,23,None,4838,2.1
BMW,Model_6171,Sport,40.3,31.6,32.4,16,40,None,6419,1.5
Subaru,Model_6172,Small,24.7,54.5,61.2,18,41,Driver only,5254,3.5
Hyundai,Model_6173,Compact,17.2,42.3,14.9,35,29,Driver & Passenger,4605,4.4
Mazda,Model_6174,Large,18.1,54.7,52.4,33,42,Driver & Passenger,5200,3.7
Mazda,Model_6175,Compact,17.3,30.4,29.8,23,24,Driver & Passenger,5326,1.4
Toyota,Model_6176,Sport,15.6,16.3,37.8,23,35,Driver only,5940,3.4
Mercedes-Benz,Model_6177,Midsize,39.2,42.7,56.3,25,47,Driver & Passenger,5235,3.6
Hyundai,Model_6178,Compact,14.7,45.0,45.8,24,31,None,5933,3.8
BMW,Model_6179,Compact,29.0,48.4,36.2,17,44,Driver & Passenger,5540,1.3
Hyundai,Model_6180,Van,11.3,23.6,20.7,22,44,Driver only,4158,3.8
Chevrolet,Model_6181,Small,43.2,33.0,61.8,36,20,Driver only,4567,3.4
Subaru,Model_6182,Sport,30.5,48.6,29.6,25,24,Driver only,5419,4.5
Chevrolet,Model_6183,Compact,41.5,48.9,17.4,20,37,Driver & Passenger,4193,1.7
BMW,Model_6184,Sport,23.0,11.2,41.9,32,23,Driver & Passenger,5091,1.2
Hyundai,Model_6185,Small,38.1,40.2,33.5,22,46,None,5505,4.3
Audi,Model_6186,Van,39.7,37.1,43.3,37,34,Driver & Passenger,5299,1.4
Lexus,Model_6187,Sport,34.2,13.8,24.4,16,42,None,5644,2.5
Mercedes-Benz,Model_6188,SUV,11.9,51.9,32.1,34,45,Driver & Passenger,5442,4.5
Chevrolet,Model_6189,Small,9.1,30.0,63.5,19,25,Driver & Passenger,4751,2.1
Chevrolet,Model_6190,Small,14.7,40.3,61.6,24,26,Driver & Passenger,4269,2.8
Ford,Model_6191,Large,12.8,49.7,57.8,32,38,None,4820,3.5
Hyundai,Model_6192,Van,35.0,15.9,53.3,26,33,Driver & Passenger,5717,3.6
Mercedes-Benz,Model_6193,Van,28.8,48.5,20.3,37,34,Driver & Passenger,5013,3.4
Hyundai,Model_6194,SUV,27.7,42.6,36.7,35,40,Driver & Passenger,6494,1.2
Chevrolet,Model_6195,Sport,17.7,47.8,50.6,16,35,Driver & Passenger,4441,4.1
Volkswagen,Model_6196,Midsize,14.1,32.3,25.9,24,41,Driver only,5178,4.2
Nissan,Model_6197,SUV,16.0,11.5,13.8,26,34,Driver & Passenger,4513,1.4
Lexus,Model_6198,Large,23.1,40.2,34.2,33,46,Driver & Passenger,5907,4.0
Lexus,Model_6199,Van,35.5,26.9,34.5,19,25,Driver & Passenger,5101,3.0
Hyundai,Model_6200,Small,17.8,28.1,15.5,24,25,Driver only,4317,1.1
Mazda,Model_6201,Van,34.0,29.9,29.0,15,44,Driver & Passenger,4327,3.8
Ford,Model_6202,SUV,26.4,32.2,60.6,21,25,Driver & Passenger,6106,2.8
Chevrolet,Model_6203,Midsize,40.8,39.8,25.3,15,31,Driver & Passenger,5995,1.5
Ford,Model_6204,Compact,17.0,42.7,42.2,36,21,Driver only,4936,1.7
Mazda,Model_6205,Compact,25.0,45.0,37.9,36,44,Driver & Passenger,4224,4.0
BMW,Model_6206,Van,12.0,40.2,57.7,31,23,Driver & Passenger,4381,4.8
BMW,Model_6207,Van,20.7,46.2,46.6,26,42,Driver & Passenger,6382,1.7
Subaru,Model_6208,Large,27.0,15.5,20.4,21,25,Driver only,5328,2.6
Hyundai,Model_6209,Van,35.2,47.7,19.6,22,44,Driver only,4769,2.3
Hyundai,Model_6210,Midsize,15.7,27.4,41.5,17,29,Driver & Passenger,4130,3.3
Mazda,Model_6211,Van,16.5,33.8,14.5,29,38,None,6249,1.8
Honda,Model_6212,Sport,31.6,29.5,32.9,26,43,Driver & Passenger,4786,3.3
Hyundai,Model_6213,SUV,22.5,31.4,33.1,31,24,None,4744,4.3
Subaru,Model_6214,Midsize,26.1,22.8,22.4,16,25,Driver & Passenger,4273,3.6
Honda,Model_6215,Large,39.0,17.6,28.0,31,33,None,4674,1.8
Hyundai,Model_6216,Sport,26.7,14.7,29.5,18,34,Driver & Passenger,5256,4.0
Toyota,Model_6217,Sport,32.3,30.3,12.6,21,38,None,5018,2.8
Mercedes-Benz,Model_6218,SUV,32.5,15.6,54.7,29,38,Driver & Passenger,4648,1.5
Ford,Model_6219,Compact,37.8,21.0,62.7,35,26,None,5246,2.3
Ford,Model_6220,Midsize,31.8,16.0,27.3,30,41,Driver & Passenger,5373,2.0
Mercedes-Benz,Model_6221,SUV,10.9,14.9,17.9,20,37,Driver & Passenger,5971,4.4
Mercedes-Benz,Model_6222,Sport,21.0,49.7,62.5,19,45,Driver & Passenger,4945,1.9
BMW,Model_6223,Large,44.6,40.3,51.2,30,31,Driver & Passenger,6059,3.0
Hyundai,Model_6224,SUV,15.7,51.6,59.2,15,27,Driver & Passenger,4218,3.6
Honda,Model_6225,Compact,29.9,39.0,31.1,29,47,Driver & Passenger,4852,1.2
Mercedes-Benz,Model_6226,Sport,39.3,48.0,37.7,34,40,None,4304,1.6
Volkswagen,Model_6227,SUV,29.9,35.0,61.3,19,42,None,5711,4.1
Kia,Model_6228,Midsize,22.1,30.8,36.4,27,22,Driver & Passenger,4245,2.4
Mercedes-Benz,Model_6229,Compact,11.4,33.8,47.6,28,34,Driver only,4182,3.8
Chevrolet,Model_6230,Midsize,21.7,24.4,49.4,16,29,Driver & Passenger,4488,4.0
Chevrolet,Model_6231,Midsize,15.1,39.6,56.4,16,40,None,4514,3.6
Chevrolet,Model_6232,Midsize,43.6,50.4,63.7,33,47,Driver & Passenger,4215,3.3
BMW,Model_6233,SUV,34.6,45.2,29.7,33,38,Driver & Passenger,5247,3.0
Lexus,Model_6234,Compact,35.9,30.8,25.1,26,31,Driver & Passenger,5124,2.6
Mazda,Model_6235,SUV,24.4,52.9,16.1,37,22,Driver & Passenger,4887,1.6
Volkswagen,Model_6236,SUV,12.5,54.3,57.4,31,47,None,5607,4.9
Audi,Model_6237,SUV,18.2,32.2,27.5,16,33,Driver & Passenger,6402,3.6
Lexus,Model_6238,Sport,18.0,48.9,14.6,25,36,Driver only,4662,1.8
Honda,Model_6239,Van,26.3,10.2,57.9,31,46,Driver & Passenger,5743,4.3
Volkswagen,Model_6240,Small,25.3,13.0,39.0,28,22,Driver & Passenger,5736,4.3
Subaru,Model_6241,Sport,24.3,11.0,56.4,23,26,Driver only,4825,4.0
Honda,Model_6242,Compact,26.6,44.8,41.4,33,46,Driver & Passenger,4529,1.5
Volkswagen,Model_6243,Small,44.5,13.6,28.6,33,44,Driver & Passenger,4624,1.1
Kia,Model_6244,Small,19.4,10.8,18.9,15,36,None,6229,3.8
Hyundai,Model_6245,Small,31.0,16.6,35.2,19,34,Driver only,4485,1.8
Volkswagen,Model_6246,Van,17.2,23.8,13.4,33,39,None,6367,4.4
Volkswagen,Model_6247,SUV,25.5,30.9,43.9,16,29,Driver & Passenger,5060,3.7
Lexus,Model_6248,Large,15.8,12.9,34.7,28,26,None,5134,2.5
Volkswagen,Model_6249,Compact,28.9,32.5,19.5,33,41,Driver & Passenger,6017,3.0
Ford,Model_6250,Van,18.2,21.2,40.1,22,39,Driver only,5774,3.0
Lexus,Model_6251,Van,9.8,22.3,54.4,31,46,Driver & Passenger,5861,2.5
Toyota,Model_6252,Large,38.3,47.0,63.7,16,22,None,4205,1.7
Hyundai,Model_6253,Small,13.2,54.4,40.0,31,41,Driver only,5384,5.0
Subaru,Model_6254,SUV,21.9,30.9,18.9,22,34,Driver & Passenger,5367,4.0
Hyundai,Model_6255,Large,25.9,24.5,55.0,28,39,Driver only,4352,1.6
Subaru,Model_6256,Large,24.3,51.9,48.9,31,24,Driver & Passenger,5833,1.1
Ford,Model_6257,Van,35.0,32.5,62.6,20,21,Driver & Passenger,4881,2.4
Mercedes-Benz,Model_6258,Compact,30.3,42.9,40.4,25,28,Driver & Passenger,5564,3.2
Mazda,Model_6259,Midsize,19.3,28.6,30.9,22,37,Driver & Passenger,4372,4.8
Hyundai,Model_6260,SUV,10.4,19.1,63.0,27,32,Driver & Passenger,6193,1.5
Hyundai,Model_6261,Large,36.5,39.5,40.5,22,39,Driver & Passenger,5948,2.8
Honda,Model_6262,SUV,21.4,39.9,12.8,21,43,None,5065,1.7
Mazda,Model_6263,Large,41.0,30.7,37.1,17,26,Driver & Passenger,5246,1.3
Hyundai,Model_6264,Small,22.9,22.1,12.1,16,23,Driver only,6255,3.4
Kia,Model_6265,SUV,34.7,47.4,51.1,26,27,Driver & Passenger,5749,1.4
Kia,Model_6266,Small,42.8,22.4,42.0,18,46,Driver only,6049,3.9
Nissan,Model_6267,Van,32.3,39.7,17.8,19,25,None,4562,3.2
Mercedes-Benz,Model_6268,Small,23.6,27.3,55.1,30,43,Driver only,4910,1.9
Lexus,Model_6269,SUV,29.2,31.3,40.4,16,23,Driver only,5383,4.2
Audi,Model_6270,Sport,28.3,19.5,18.0,27,24,Driver only,5676,3.8
Kia,Model_6271,SUV,29.8,39.2,20.5,18,39,Driver & Passenger,6229,3.5
Honda,Model_6272,Large,13.9,20.2,55.6,19,42,Driver only,4383,1.9
Toyota,Model_6273,Small,34.0,31.9,30.8,26,39,Driver only,6156,3.8
Chevrolet,Model_6274,Compact,13.8,24.8,55.5,29,40,Driver only,4586,3.2
Nissan,Model_6275,Sport,9.0,53.4,15.7,19,28,Driver & Passenger,5952,3.1
Chevrolet,Model_6276,Van,31.3,54.2,24.9,19,27,Driver only,4589,1.5
Subaru,Model_6277,Midsize,12.8,43.9,52.5,30,21,Driver & Passenger,5633,1.5
Mercedes-Benz,Model_6278,Large,36.6,54.3,46.0,23,26,Driver & Passenger,4643,1.1
Volkswagen,Model_6279,Large,40.1,15.1,28.3,29,47,Driver & Passenger,4363,2.0
Audi,Model_6280,Compact,43.0,54.7,61.6,18,37,None,5177,3.0
Subaru,Model_6281,Midsize,32.8,14.7,23.2,31,29,Driver & Passenger,5664,2.4
Hyundai,Model_6282,Midsize,26.1,28.7,57.0,15,22,Driver & Passenger,4001,3.9
Hyundai,Model_6283,Van,21.4,20.8,48.9,30,36,Driver only,5564,2.6
Subaru,Model_6284,Van,26.4,52.9,18.4,37,21,Driver & Passenger,6037,1.4
BMW,Model_6285,Sport,15.4,38.6,41.4,34,22,Driver & Passenger,4380,3.9
Mercedes-Benz,Model_6286,Large,21.2,36.9,61.3,31,24,Driver & Passenger,4989,1.7
Kia,Model_6287,Small,34.7,54.9,44.8,18,32,Driver & Passenger,4827,2.3
Toyota,Model_6288,Van,16.4,37.6,40.0,37,32,Driver & Passenger,4780,3.0
Audi,Model_6289,Compact,18.1,39.1,31.4,27,25,Driver only,4509,3.2
Hyundai,Model_6290,Compact,35.9,12.0,53.8,22,33,Driver & Passenger,5614,2.2
Chevrolet,Model_6291,Compact,15.0,48.7,60.4,32,42,Driver & Passenger,5237,2.8
Nissan,Model_6292,SUV,17.5,53.7,51.9,27,24,Driver only,5816,1.3
Kia,Model_6293,Van,9.1,53.2,50.4,23,40,Driver & Passenger,5677,1.6
Honda,Model_6294,Van,34.8,19.9,22.2,19,46,None,4621,3.4
Kia,Model_6295,Compact,31.1,20.2,56.2,25,43,Driver & Passenger,4597,1.0
Nissan,Model_6296,Van,33.8,26.5,14.2,28,20,Driver only,5238,1.7
Nissan,Model_6297,SUV,16.3,24.0,52.1,32,28,Driver & Passenger,4508,3.5
BMW,Model_6298,Small,33.6,23.8,23.2,32,22,None,4422,1.9
Lexus,Model_6299,Small,30.3,37.2,37.8,34,46,None,5668,4.3
Kia,Model_6300,Sport,21.9,46.3,48.8,30,25,Driver & Passenger,5757,2.6
Subaru,Model_6301,Large,24.5,52.2,52.2,18,23,Driver only,4454,3.9
Kia,Model_6302,Small,29.2,13.1,59.1,33,21,None,5469,4.5
Mercedes-Benz,Model_6303,Sport,26.5,22.5,27.0,19,35,Driver & Passenger,6300,2.8
Mercedes-Benz,Model_6304,Midsize,31.9,21.5,23.9,16,25,Driver only,4158,3.7
Volkswagen,Model_6305,Large,15.1,26.1,64.8,31,33,Driver & Passenger,4757,4.4
BMW,Model_6306,Small,28.2,29.1,23.0,18,29,Driver & Passenger,4284,2.0
Mazda,Model_6307,SUV,24.9,27.5,47.3,20,43,Driver & Passenger,5074,4.5
Mazda,Model_6308,Midsize,25.3,52.8,62.5,36,23,Driver & Passenger,6008,4.4
Volkswagen,Model_6309,Sport,25.6,29.7,59.5,32,43,Driver only,4716,1.2
Hyundai,Model_6310,Small,40.7,34.8,35.5,20,26,Driver only,5908,2.9
Mazda,Model_6311,Small,38.4,43.7,45.8,34,36,None,5016,1.4
Mercedes-Benz,Model_6312,Van,31.5,42.6,40.0,29,24,Driver & Passenger,6126,4.5
Volkswagen,Model_6313,Midsize,34.7,36.2,30.4,15,33,Driver only,5885,2.0
Ford,Model_6314,Small,10.1,48.7,19.7,31,35,Driver & Passenger,4966,2.5
Lexus,Model_6315,Compact,35.7,38.1,54.6,16,27,Driver & Passenger,4836,4.8
Lexus,Model_6316,SUV,26.2,49.4,16.8,18,35,Driver only,6061,3.2
Subaru,Model_6317,Van,20.1,23.6,44.3,17,25,Driver & Passenger,4093,4.7
Kia,Model_6318,Van,13.6,15.9,43.5,35,44,Driver & Passenger,5046,2.8
Subaru,Model_6319,Small,11.2,46.9,29.7,17,30,None,6391,4.9
Volkswagen,Model_6320,SUV,10.1,27.2,19.2,28,42,Driver & Passenger,5428,4.8
Hyundai,Model_6321,Van,14.4,39.3,54.4,34,21,Driver & Passenger,4925,1.1
Toyota,Model_6322,Large,9.6,43.2,36.5,22,20,Driver only,4364,2.6
Kia,Model_6323,Midsize,35.2,24.7,50.4,22,47,Driver & Passenger,6471,4.8
Ford,Model_6324,Large,17.6,32.7,12.9,23,28,None,4093,4.3
Ford,Model_6325,Sport,22.0,50.3,15.9,32,24,Driver & Passenger,5557,1.8
Subaru,Model_6326,Large,38.5,49.6,21.3,21,21,Driver & Passenger,4385,4.5
Chevrolet,Model_6327,SUV,12.7,43.7,18.0,24,46,Driver & Passenger,4918,1.8
Kia,Model_6328,Compact,39.0,44.3,22.2,15,33,None,5641,4.7
Audi,Model_6329,Van,31.8,50.4,48.4,18,39,Driver & Passenger,6237,1.3
Ford,Model_6330,SUV,21.0,43.1,14.5,34,45,Driver & Passenger,4154,4.8
Lexus,Model_6331,Van,12.8,25.3,14.0,18,32,Driver & Passenger,6017,1.3
Toyota,Model_6332,Compact,11.8,15.4,13.7,37,31,Driver only,5482,1.9
Lexus,Model_6333,Van,20.7,29.0,49.0,28,41,Driver & Passenger,4732,3.3
BMW,Model_6334,Large,13.6,13.9,40.4,19,28,Driver & Passenger,4036,1.8
Hyundai,Model_6335,Sport,18.3,15.2,31.6,19,43,Driver & Passenger,6373,2.6
Hyundai,Model_6336,Small,10.4,52.8,47.8,33,25,Driver & Passenger,6067,1.7
Chevrolet,Model_6337,Compact,30.2,40.4,41.3,35,23,Driver only,4941,3.2
BMW,Model_6338,Large,13.8,48.3,12.4,19,29,None,5893,3.4
Chevrolet,Model_6339,SUV,36.1,38.9,56.4,25,24,None,6426,1.9
Lexus,Model_6340,Large,16.5,28.8,30.6,16,46,None,5353,2.2
Mercedes-Benz,Model_6341,Large,37.6,11.1,33.2,29,46,Driver & Passenger,5771,4.0
Toyota,Model_6342,Small,15.4,53.0,53.5,28,23,None,5338,1.3
Lexus,Model_6343,Midsize,34.8,13.2,21.9,28,39,None,5695,2.8
Mercedes-Benz,Model_6344,Van,20.7,37.5,12.5,22,43,Driver & Passenger,5241,2.2
Subaru,Model_6345,Van,29.8,14.6,60.2,34,23,Driver & Passenger,4463,2.6
Nissan,Model_6346,SUV,9.9,22.8,38.8,22,32,None,6441,4.3
Kia,Model_6347,Sport,26.6,18.4,30.5,19,35,Driver & Passenger,5168,4.9
Lexus,Model_6348,SUV,13.9,34.9,55.4,19,30,Driver & Passenger,6285,1.7
Mercedes-Benz,Model_6349,Midsize,26.3,49.9,13.4,28,38,Driver only,5914,1.2
Volkswagen,Model_6350,Van,13.7,38.6,22.7,19,37,Driver & Passenger,4643,1.8
Honda,Model_6351,Sport,24.5,39.9,20.2,23,45,Driver & Passenger,5212,4.5
Audi,Model_6352,SUV,12.5,50.9,51.1,36,20,Driver & Passenger,6251,4.5
BMW,Model_6353,Sport,16.5,43.7,28.5,25,40,Driver & Passenger,4161,2.1
Kia,Model_6354,Large,30.2,49.0,53.0,31,23,None,5357,2.3
Audi,Model_6355,Compact,44.1,28.7,14.2,26,45,Driver only,5175,3.7
Nissan,Model_6356,Large,24.9,48.9,44.2,26,28,Driver & Passenger,4855,2.4
Hyundai,Model_6357,Small,33.6,39.1,28.9,30,28,None,5617,4.6
Hyundai,Model_6358,Van,28.2,16.1,21.9,15,30,Driver & Passenger,5560,4.2
Honda,Model_6359,Sport,26.7,11.7,55.3,32,24,Driver & Passenger,4344,2.4
Audi,Model_6360,SUV,10.9,21.0,33.8,20,40,Driver & Passenger,4104,4.9
Audi,Model_6361,Compact,13.8,27.0,42.3,19,25,Driver & Passenger,6328,4.0
BMW,Model_6362,SUV,40.7,47.7,13.8,32,39,Driver & Passenger,4157,4.0
Mazda,Model_6363,Van,23.5,43.4,54.0,27,25,None,4950,4.8
Honda,Model_6364,Sport,30.9,53.0,27.2,20,27,Driver & Passenger,4600,2.7
Kia,Model_6365,Sport,27.8,35.2,48.8,21,47,Driver only,4919,1.2
Nissan,Model_6366,Large,22.3,43.6,52.3,17,40,Driver only,6279,5.0
Honda,Model_6367,Compact,22.7,22.4,18.2,25,43,Driver only,4422,4.7
Subaru,Model_6368,Compact,28.8,40.6,27.7,22,43,Driver & Passenger,4204,4.9
Toyota,Model_6369,Van,13.7,41.8,50.3,18,38,Driver & Passenger,4769,2.9
Subaru,Model_6370,Sport,22.6,48.2,24.3,24,41,Driver & Passenger,6199,1.7
Mazda,Model_6371,Compact,24.8,34.1,57.0,23,20,Driver only,4476,1.8
Toyota,Model_6372,Compact,44.5,39.2,28.5,37,24,Driver & Passenger,4358,2.9
Nissan,Model_6373,SUV,21.3,19.1,33.3,27,42,Driver & Passenger,5232,3.7
Hyundai,Model_6374,Van,32.0,43.2,17.3,33,40,Driver only,4523,2.9
BMW,Model_6375,Large,13.5,47.7,19.8,29,38,Driver & Passenger,6190,2.6
BMW,Model_6376,SUV,10.9,36.7,26.6,19,21,Driver & Passenger,5524,4.9
Mercedes-Benz,Model_6377,SUV,40.3,15.2,14.6,27,47,None,4059,3.6
Nissan,Model_6378,Midsize,35.2,24.1,22.2,26,35,None,6367,2.6
Chevrolet,Model_6379,Small,20.1,31.4,33.7,23,21,None,4897,3.8
Hyundai,Model_6380,Midsize,26.9,40.5,32.1,22,28,Driver only,4965,4.2
Nissan,Model_6381,Compact,13.5,24.4,22.5,23,37,Driver only,6211,2.5
Subaru,Model_6382,Sport,34.3,47.8,16.3,35,35,Driver & Passenger,5238,2.9
Mazda,Model_6383,Small,11.1,26.7,28.9,27,26,Driver & Passenger,6316,3.6
Lexus,Model_6384,Small,36.1,11.9,51.5,23,28,Driver & Passenger,4887,3.6
Ford,Model_6385,Sport,28.5,45.7,39.0,20,31,Driver & Passenger,5796,1.7
BMW,Model_6386,Small,18.7,39.0,62.2,20,38,Driver & Passenger,5471,3.0
Hyundai,Model_6387,Sport,40.0,46.1,19.4,25,42,Driver only,5062,2.0
Mazda,Model_6388,Small,44.5,25.7,23.0,24,20,Driver & Passenger,4674,4.7
Lexus,Model_6389,SUV,17.8,10.8,26.9,28,47,Driver only,5976,3.0
Volkswagen,Model_6390,Van,37.9,13.3,12.7,20,25,Driver & Passenger,5576,4.1
Mazda,Model_6391,Van,35.9,15.0,62.0,21,46,Driver & Passenger,6220,1.2
Mazda,Model_6392,Midsize,35.8,46.2,35.6,23,21,Driver only,4161,2.5
Hyundai,Model_6393,SUV,43.4,23.6,37.5,17,45,None,4381,1.6
Mercedes-Benz,Model_6394,Small,26.3,54.9,20.4,26,36,Driver & Passenger,5753,2.6
Audi,Model_6395,Large,33.1,44.1,58.3,30,40,None,4809,4.2
Mazda,Model_6396,Sport,38.6,37.1,48.7,27,33,Driver only,5898,4.7
Mercedes-Benz,Model_6397,SUV,26.0,54.3,34.9,20,32,Driver & Passenger,6064,4.7
BMW,Model_6398,Small,26.1,24.2,58.5,27,41,Driver & Passenger,5136,1.5
Ford,Model_6399,Van,20.1,17.5,60.0,19,30,Driver & Passenger,6082,2.2
Ford,Model_6400,Van,37.0,43.2,14.6,18,35,None,5227,3.6
Mazda,Model_6401,Sport,33.5,22.5,18.3,22,37,Driver & Passenger,5186,1.8
Volkswagen,Model_6402,Large,25.0,53.2,13.5,17,39,Driver only,4356,1.2
Toyota,Model_6403,Small,23.8,54.5,42.8,16,22,Driver only,4261,4.8
BMW,Model_6404,Small,11.1,51.7,23.6,34,20,Driver & Passenger,5459,2.3
Mercedes-Benz,Model_6405,Large,8.7,52.5,56.8,33,33,Driver only,6121,2.7
BMW,Model_6406,Large,27.8,37.7,36.7,21,36,Driver & Passenger,4406,2.1
Volkswagen,Model_6407,Large,23.7,41.1,56.4,26,22,None,6163,2.3
Honda,Model_6408,Van,37.6,14.2,41.4,18,31,Driver & Passenger,5194,4.9
Subaru,Model_6409,Sport,28.3,44.3,54.2,24,21,Driver & Passenger,5460,1.8
Volkswagen,Model_6410,SUV,42.7,19.1,31.7,23,21,Driver & Passenger,5608,3.0
Mercedes-Benz,Model_6411,Large,15.7,47.8,62.1,26,31,None,5217,3.6
Hyundai,Model_6412,Sport,44.6,53.3,47.4,25,45,Driver & Passenger,4417,1.9
Volkswagen,Model_6413,Midsize,19.4,19.6,43.6,35,40,Driver & Passenger,5489,3.9
Mercedes-Benz,Model_6414,Small,31.9,13.5,30.7,33,24,Driver & Passenger,5690,3.7
Kia,Model_6415,Small,26.8,31.8,61.7,16,47,Driver & Passenger,4747,4.8
Chevrolet,Model_6416,Compact,21.6,45.6,29.9,20,42,None,4447,2.8
Mercedes-Benz,Model_6417,Midsize,13.6,44.7,56.3,20,35,Driver & Passenger,5211,2.5
Volkswagen,Model_6418,SUV,13.4,41.4,33.4,15,24,Driver only,4208,2.4
Chevrolet,Model_6419,Large,34.5,46.9,52.7,21,22,None,5096,2.5
Hyundai,Model_6420,Large,22.3,17.9,60.3,26,45,Driver & Passenger,4095,1.2
Hyundai,Model_6421,SUV,43.6,39.3,36.7,35,25,Driver & Passenger,5546,1.9
Mercedes-Benz,Model_6422,Van,20.4,37.3,39.9,37,38,Driver only,4050,1.5
Mercedes-Benz,Model_6423,Midsize,44.4,16.9,29.5,26,31,None,4562,4.5
Toyota,Model_6424,Large,16.0,28.6,14.9,34,27,Driver & Passenger,5583,1.2
Chevrolet,Model_6425,Compact,12.3,48.4,46.6,35,25,Driver & Passenger,4132,2.5
Honda,Model_6426,Sport,19.9,53.7,18.3,37,33,Driver & Passenger,4841,1.9
Volkswagen,Model_6427,Small,40.8,39.9,30.8,20,42,Driver & Passenger,5896,3.6
Volkswagen,Model_6428,Midsize,27.5,51.5,30.5,28,22,Driver & Passenger,5361,2.3
Nissan,Model_6429,Small,13.5,15.9,20.0,31,30,Driver & Passenger,4886,1.1
Chevrolet,Model_6430,Sport,15.9,53.9,47.3,31,26,Driver & Passenger,5046,4.6
BMW,Model_6431,Midsize,19.9,11.5,21.3,32,28,Driver & Passenger,4485,3.5
Volkswagen,Model_6432,Sport,30.0,33.7,53.3,27,43,Driver & Passenger,4086,1.0
Lexus,Model_6433,Large,20.6,23.1,25.2,27,30,Driver & Passenger,5071,3.7
Hyundai,Model_6434,SUV,35.8,46.6,27.2,25,32,Driver & Passenger,5890,1.9
Subaru,Model_6435,Large,31.0,19.8,30.2,17,37,None,5848,4.9
Nissan,Model_6436,SUV,40.4,10.5,20.1,31,29,Driver only,4672,2.8
Chevrolet,Model_6437,Large,26.8,28.7,35.0,16,45,Driver & Passenger,6496,1.9
BMW,Model_6438,Sport,20.6,12.9,16.3,16,21,Driver & Passenger,4517,1.1
BMW,Model_6439,Sport,44.9,23.1,34.6,21,26,Driver & Passenger,5684,1.2
Hyundai,Model_6440,Sport,21.5,39.0,30.0,36,34,Driver & Passenger,5348,1.2
Lexus,Model_6441,Small,24.1,23.3,29.9,24,29,Driver only,4474,1.1
Mazda,Model_6442,Sport,38.0,21.1,47.0,28,31,Driver only,5529,3.2
Ford,Model_6443,Large,11.7,17.0,52.8,35,39,Driver & Passenger,4491,4.4
Toyota,Model_6444,Compact,22.6,16.1,30.9,33,44,Driver & Passenger,4645,2.4
Honda,Model_6445,Sport,11.6,33.7,25.9,31,41,Driver & Passenger,4807,2.4
Audi,Model_6446,Compact,13.6,40.7,38.2,30,28,Driver & Passenger,4152,1.4
Hyundai,Model_6447,SUV,8.7,30.4,53.7,31,46,Driver only,4701,1.0
Volkswagen,Model_6448,Large,8.8,15.6,46.2,32,38,Driver & Passenger,4078,4.8
Kia,Model_6449,Sport,22.4,39.1,14.0,25,41,Driver & Passenger,5455,2.8
Chevrolet,Model_6450,Small,38.0,35.1,37.4,33,25,None,6469,3.9
Chevrolet,Model_6451,Small,29.9,27.2,64.5,25,43,Driver only,4529,4.5
Nissan,Model_6452,SUV,31.7,24.9,30.7,24,42,None,5922,1.4
Nissan,Model_6453,Compact,27.5,18.2,35.4,28,38,Driver & Passenger,5112,2.1
Mercedes-Benz,Model_6454,Van,38.4,16.6,27.2,28,20,None,5890,3.0
Kia,Model_6455,Small,40.6,25.2,38.4,24,21,Driver & Passenger,4876,2.2
Chevrolet,Model_6456,Small,39.5,11.9,20.5,35,34,Driver & Passenger,4874,1.2
Hyundai,Model_6457,Small,38.1,29.6,25.1,37,30,Driver & Passenger,6078,4.6
Honda,Model_6458,Large,15.2,37.1,49.7,18,45,Driver & Passenger,5663,2.0
Mercedes-Benz,Model_6459,Small,30.2,52.4,19.3,24,37,Driver & Passenger,6404,1.3
Mercedes-Benz,Model_6460,Midsize,29.7,38.2,61.1,20,20,Driver & Passenger,5208,2.7
Hyundai,Model_6461,Sport,27.8,38.1,28.3,36,23,Driver & Passenger,4310,4.2
Chevrolet,Model_6462,SUV,26.0,26.8,42.5,25,41,Driver & Passenger,6416,1.7
Volkswagen,Model_6463,Small,11.8,16.0,29.1,32,23,None,4330,2.7
Ford,Model_6464,Van,12.2,30.1,37.3,20,23,Driver & Passenger,4998,1.7
Kia,Model_6465,Van,41.4,36.9,59.9,35,46,Driver only,4356,4.3
Mercedes-Benz,Model_6466,Small,31.5,42.6,15.6,29,44,Driver & Passenger,6146,3.1
Volkswagen,Model_6467,Small,18.1,47.2,57.4,20,37,Driver & Passenger,4250,3.3
Hyundai,Model_6468,Midsize,18.7,21.5,41.6,34,20,Driver only,4295,4.0
Honda,Model_6469,Small,30.8,20.9,47.2,15,26,Driver & Passenger,6455,4.8
Chevrolet,Model_6470,Small,23.4,35.4,15.0,23,33,Driver only,6406,1.4
Audi,Model_6471,Sport,24.6,35.5,52.4,28,35,None,5032,4.4
Mazda,Model_6472,Van,10.7,19.8,18.8,17,34,Driver & Passenger,4633,2.9
Volkswagen,Model_6473,Midsize,13.6,36.4,63.1,15,24,Driver only,6346,3.6
Lexus,Model_6474,Van,22.9,25.6,54.4,28,32,Driver & Passenger,5888,4.4
Ford,Model_6475,Midsize,34.0,38.8,38.1,28,24,Driver & Passenger,4724,2.3
Audi,Model_6476,Van,10.3,23.1,61.0,18,37,Driver & Passenger,4973,4.5
Subaru,Model_6477,Small,20.7,36.7,21.0,28,41,Driver only,4561,3.5
Nissan,Model_6478,Van,33.9,44.6,64.6,37,24,Driver only,5366,2.1
Hyundai,Model_6479,Van,37.4,54.1,50.0,18,24,None,5173,4.7
Volkswagen,Model_6480,Midsize,15.4,51.0,17.2,25,25,None,4602,1.2
Nissan,Model_6481,SUV,35.2,32.7,40.4,34,33,Driver & Passenger,5033,3.4
Chevrolet,Model_6482,Compact,43.4,32.0,49.7,23,21,None,5233,1.1
Nissan,Model_6483,Midsize,41.6,29.7,44.5,25,34,Driver & Passenger,6007,1.3
Subaru,Model_6484,Midsize,37.3,11.2,34.5,29,35,Driver only,5053,1.4
Ford,Model_6485,Midsize,34.5,17.5,25.2,20,24,Driver & Passenger,5492,4.6
Honda,Model_6486,Large,17.1,12.7,24.6,26,46,Driver & Passenger,6197,3.2
BMW,Model_6487,SUV,31.6,41.3,61.1,27,35,None,6139,2.0
Toyota,Model_6488,Large,32.0,28.6,24.4,32,20,Driver & Passenger,4712,2.6
Kia,Model_6489,Large,23.3,12.9,63.0,37,27,None,4363,4.4
Honda,Model_6490,Midsize,26.5,41.1,23.1,37,20,Driver & Passenger,4296,3.3
BMW,Model_6491,Compact,33.8,39.0,32.4,28,26,Driver & Passenger,5512,1.1
Hyundai,Model_6492,Midsize,43.3,42.4,12.7,25,25,Driver only,4580,4.5
Lexus,Model_6493,Small,19.3,37.0,59.9,16,27,Driver & Passenger,4653,3.2
Volkswagen,Model_6494,Compact,17.5,17.3,17.5,33,24,Driver & Passenger,5037,1.8
Volkswagen,Model_6495,Large,30.5,12.8,30.9,16,46,Driver only,4686,3.9
Mercedes-Benz,Model_6496,Van,13.3,46.8,56.7,31,34,Driver & Passenger,6406,3.1
Ford,Model_6497,Van,29.8,19.7,54.0,37,41,Driver & Passenger,5603,1.8
Volkswagen,Model_6498,SUV,11.7,34.4,56.6,22,39,Driver & Passenger,4932,3.6
Audi,Model_6499,Sport,26.4,31.8,60.4,19,45,Driver & Passenger,5064,3.6
BMW,Model_6500,SUV,31.1,51.4,60.3,25,45,None,4086,4.8
Ford,Model_6501,Compact,11.1,34.9,52.8,34,35,None,4840,2.1
Mazda,Model_6502,Large,16.1,36.1,42.9,15,36,None,5098,3.2
Audi,Model_6503,Compact,20.7,24.4,41.8,34,30,Driver & Passenger,6002,2.3
Volkswagen,Model_6504,Compact,22.0,53.1,12.7,30,42,Driver & Passenger,5838,2.2
Nissan,Model_6505,Van,33.2,37.6,50.3,19,21,None,6187,3.0
Subaru,Model_6506,Midsize,27.8,10.2,24.0,30,20,Driver only,4130,3.9
Nissan,Model_6507,Small,22.4,35.0,55.9,19,36,None,4925,3.4
Audi,Model_6508,Sport,24.9,26.4,41.4,24,20,Driver only,5390,1.5
Hyundai,Model_6509,Large,9.0,11.4,64.3,23,21,None,6226,4.7
Volkswagen,Model_6510,Compact,36.6,29.4,23.1,36,47,Driver only,4866,3.8
Hyundai,Model_6511,Sport,10.0,44.8,50.3,33,36,Driver & Passenger,4810,3.3
Hyundai,Model_6512,Compact,38.8,32.7,41.0,17,23,Driver only,6453,1.6
Hyundai,Model_6513,Van,28.2,38.8,61.4,23,31,Driver & Passenger,5288,1.5
BMW,Model_6514,Small,27.8,38.8,26.1,36,29,None,6395,2.2
Kia,Model_6515,Van,34.2,40.2,15.2,34,29,Driver & Passenger,4230,4.7
BMW,Model_6516,Sport,39.9,27.4,40.8,22,34,Driver only,4976,1.6
Chevrolet,Model_6517,Large,42.9,26.7,39.6,18,30,Driver & Passenger,5347,3.6
Toyota,Model_6518,Compact,28.3,10.2,28.5,25,26,Driver & Passenger,4056,3.6
Audi,Model_6519,Small,14.0,16.9,64.3,18,29,None,5286,1.4
Honda,Model_6520,Van,40.6,52.8,15.7,26,38,Driver & Passenger,6101,3.8
Toyota,Model_6521,Sport,10.0,47.9,42.2,37,44,Driver & Passenger,6468,2.9
Hyundai,Model_6522,Van,38.0,22.4,25.8,21,37,Driver & Passenger,6001,3.0
Mazda,Model_6523,Compact,33.3,28.1,12.1,22,21,Driver & Passenger,4058,1.0
Subaru,Model_6524,Compact,41.5,52.3,64.4,24,26,None,6477,4.6
BMW,Model_6525,Large,41.3,21.3,37.5,37,44,Driver & Passenger,6494,3.4
BMW,Model_6526,Small,10.4,34.0,57.4,27,33,Driver & Passenger,5442,3.4
Ford,Model_6527,Midsize,30.7,11.0,56.5,28,41,Driver & Passenger,4866,2.6
Hyundai,Model_6528,Van,13.1,37.9,55.1,30,30,Driver & Passenger,5906,3.8
Toyota,Model_6529,Compact,11.4,51.9,36.3,21,20,Driver only,6259,4.3
Mercedes-Benz,Model_6530,Sport,24.9,49.8,59.5,30,41,Driver & Passenger,4132,3.0
Lexus,Model_6531,Van,12.1,32.6,31.5,31,39,Driver only,5255,3.2
Lexus,Model_6532,Large,35.1,39.2,33.6,34,24,Driver & Passenger,6072,1.8
Ford,Model_6533,Large,43.9,35.6,25.6,33,23,Driver & Passenger,5873,2.4
Honda,Model_6534,Compact,29.3,13.0,35.7,26,33,None,4711,2.9
Ford,Model_6535,Compact,17.1,17.1,64.3,23,22,Driver & Passenger,4934,3.6
Toyota,Model_6536,Compact,39.3,53.4,42.4,22,37,Driver & Passenger,4047,4.7
Audi,Model_6537,SUV,39.6,21.5,56.0,23,37,Driver & Passenger,6099,1.5
Volkswagen,Model_6538,Midsize,35.2,27.3,26.0,19,45,Driver only,6107,3.1
Volkswagen,Model_6539,Compact,31.0,32.9,62.7,35,46,Driver & Passenger,4790,3.4
Hyundai,Model_6540,Van,40.2,54.1,12.7,24,23,Driver & Passenger,5476,4.3
Subaru,Model_6541,Van,14.5,41.0,61.3,19,22,None,5877,4.4
Mazda,Model_6542,SUV,42.5,38.3,59.6,28,46,Driver & Passenger,6230,3.6
BMW,Model_6543,SUV,43.1,33.6,15.6,32,47,Driver & Passenger,5262,1.8
Honda,Model_6544,Small,40.3,41.5,44.1,21,41,Driver & Passenger,6111,4.1
Lexus,Model_6545,Sport,17.6,39.9,53.6,22,29,Driver only,6368,3.3
BMW,Model_6546,Compact,39.8,50.6,33.4,19,35,Driver only,5843,4.8
Chevrolet,Model_6547,Van,26.7,34.4,16.9,20,22,Driver & Passenger,4628,4.8
Subaru,Model_6548,SUV,30.2,29.0,56.0,34,38,None,5588,3.2
Mazda,Model_6549,Van,39.2,46.3,36.7,37,39,Driver only,4611,4.8
Kia,Model_6550,Van,9.6,46.0,26.0,23,34,Driver & Passenger,5742,1.1
Lexus,Model_6551,SUV,21.7,17.6,15.8,35,24,None,5549,4.7
Mercedes-Benz,Model_6552,Midsize,38.3,20.7,45.9,23,30,Driver & Passenger,4571,4.9
Mercedes-Benz,Model_6553,SUV,38.2,53.1,14.2,22,28,Driver only,5688,4.9
Ford,Model_6554,SUV,39.5,30.0,53.9,31,32,Driver & Passenger,6458,4.1
Nissan,Model_6555,Sport,14.7,33.4,52.8,22,30,Driver & Passenger,4020,1.7
Toyota,Model_6556,SUV,34.3,24.0,29.1,37,40,Driver & Passenger,4546,4.9
BMW,Model_6557,Large,13.8,31.6,37.0,15,33,None,4453,2.7
Ford,Model_6558,SUV,37.2,43.5,47.5,36,20,Driver & Passenger,5506,2.9
Honda,Model_6559,Van,17.4,31.7,62.8,32,28,Driver & Passenger,5177,1.1
BMW,Model_6560,Compact,35.4,24.2,39.6,29,32,Driver & Passenger,5014,2.4
Kia,Model_6561,Van,25.1,14.3,64.8,36,21,Driver & Passenger,6052,2.0
Volkswagen,Model_6562,Sport,44.5,51.8,29.2,30,23,None,6009,2.8
Mazda,Model_6563,Large,29.7,49.2,39.9,16,35,Driver & Passenger,4947,2.1
Subaru,Model_6564,SUV,31.6,45.6,18.1,27,29,Driver only,4787,2.8
Mazda,Model_6565,Midsize,21.9,41.2,41.5,16,25,None,4745,1.6
Volkswagen,Model_6566,Small,35.3,33.2,40.4,28,28,None,4311,4.8
BMW,Model_6567,SUV,26.6,50.4,57.0,21,21,Driver & Passenger,5345,3.7
Honda,Model_6568,Compact,9.2,45.6,64.8,25,44,Driver & Passenger,4519,5.0
Mazda,Model_6569,Small,30.7,46.7,64.3,29,44,Driver & Passenger,4063,1.0
Mercedes-Benz,Model_6570,Midsize,38.8,23.9,24.5,31,20,Driver & Passenger,5692,4.3
Mazda,Model_6571,Sport,17.1,29.1,29.9,35,31,None,5392,1.3
Kia,Model_6572,Sport,16.6,41.8,26.6,31,47,Driver only,4014,4.1
Lexus,Model_6573,Midsize,30.7,26.7,22.6,29,46,Driver only,5347,4.7
Toyota,Model_6574,Van,38.4,32.2,20.0,30,41,None,5342,1.6
Honda,Model_6575,Midsize,17.6,39.1,39.1,23,47,Driver & Passenger,6138,4.8
Honda,Model_6576,SUV,42.5,29.7,58.2,35,41,Driver & Passenger,5326,2.7
Audi,Model_6577,Compact,42.3,45.7,43.3,35,44,Driver & Passenger,5503,2.4
Lexus,Model_6578,Large,15.8,15.2,58.3,34,41,Driver & Passenger,6035,4.2
Lexus,Model_6579,SUV,18.1,42.3,62.9,33,35,Driver only,5391,4.4
Volkswagen,Model_6580,SUV,34.1,16.5,32.3,37,21,Driver & Passenger,5325,4.3
Audi,Model_6581,SUV,43.2,52.2,56.3,23,32,Driver & Passenger,6057,3.5
Mercedes-Benz,Model_6582,Small,34.4,24.1,14.8,20,27,Driver & Passenger,5462,2.2
Volkswagen,Model_6583,Small,24.7,45.8,37.5,15,20,Driver & Passenger,6326,2.1
Hyundai,Model_6584,Sport,14.7,33.5,31.5,19,24,Driver & Passenger,4132,1.9
Mazda,Model_6585,SUV,25.3,14.1,22.9,19,29,Driver & Passenger,4515,1.6
Volkswagen,Model_6586,Van,30.6,36.2,35.2,37,22,None,4413,2.6
Nissan,Model_6587,Sport,20.6,51.0,35.5,15,30,Driver only,4224,4.4
Audi,Model_6588,Compact,27.1,17.1,54.9,15,41,Driver & Passenger,5263,5.0
Mazda,Model_6589,Midsize,13.3,24.5,58.1,36,47,Driver only,4908,3.8
Hyundai,Model_6590,Small,25.0,29.8,46.8,20,24,Driver only,5141,1.6
Hyundai,Model_6591,SUV,11.8,22.4,45.6,23,31,None,4415,3.7
Chevrolet,Model_6592,Compact,10.3,52.5,17.8,33,31,Driver & Passenger,4416,2.1
Chevrolet,Model_6593,Sport,39.8,27.0,42.5,19,32,Driver & Passenger,5734,3.9
Honda,Model_6594,Sport,16.0,39.6,26.5,35,45,Driver & Passenger,5639,1.9
Nissan,Model_6595,Small,29.5,20.1,27.6,31,33,Driver & Passenger,6159,1.7
Kia,Model_6596,Sport,13.9,19.9,17.0,36,23,Driver & Passenger,5037,3.5
Toyota,Model_6597,Van,18.1,17.9,45.7,34,22,Driver only,5640,3.7
Hyundai,Model_6598,Sport,21.7,29.6,42.9,26,36,Driver only,5978,1.7
Hyundai,Model_6599,Large,13.7,34.0,23.7,20,27,None,5830,3.0
Audi,Model_6600,Midsize,10.2,10.5,25.9,27,35,Driver only,5937,4.5
Hyundai,Model_6601,Sport,40.5,47.5,53.0,22,30,Driver only,4402,3.7
Mazda,Model_6602,Large,8.9,33.1,54.0,17,24,Driver & Passenger,6023,3.7
Hyundai,Model_6603,Compact,10.7,17.1,38.1,25,35,Driver & Passenger,6025,3.9
Hyundai,Model_6604,Sport,37.9,13.0,19.9,34,43,Driver & Passenger,4106,2.4
Nissan,Model_6605,Van,18.8,12.8,14.9,15,28,Driver & Passenger,5026,1.8
Lexus,Model_6606,Compact,34.9,21.6,26.4,28,32,Driver & Passenger,4646,3.9
Lexus,Model_6607,SUV,13.8,32.5,50.8,35,27,Driver & Passenger,4326,4.2
Honda,Model_6608,Sport,17.2,48.7,43.8,27,41,Driver & Passenger,4437,4.6
Subaru,Model_6609,Small,29.4,50.6,50.1,29,45,Driver & Passenger,5061,4.2
Audi,Model_6610,Large,44.6,47.5,37.0,37,43,Driver & Passenger,4574,2.4
Nissan,Model_6611,Large,11.2,24.8,52.0,35,24,None,6037,2.9
Audi,Model_6612,Small,23.1,23.8,37.5,22,28,None,5399,4.1
Subaru,Model_6613,Midsize,10.1,54.4,16.5,29,25,Driver only,4005,3.2
Toyota,Model_6614,SUV,15.8,40.7,16.2,27,21,None,4639,3.2
Toyota,Model_6615,Van,41.6,23.7,56.1,15,26,None,4307,4.8
Kia,Model_6616,Large,12.0,24.8,45.4,25,36,Driver & Passenger,6219,4.8
Lexus,Model_6617,Compact,39.8,29.6,26.8,34,45,Driver & Passenger,5443,4.0
Mercedes-Benz,Model_6618,Van,15.0,38.0,52.1,29,31,Driver & Passenger,4932,4.2
Chevrolet,Model_6619,Large,40.0,50.4,19.2,35,20,Driver & Passenger,5343,2.1
Lexus,Model_6620,SUV,28.1,18.9,46.2,18,47,Driver & Passenger,4943,3.4
Volkswagen,Model_6621,Midsize,40.6,13.8,64.4,20,34,Driver & Passenger,5216,2.9
Ford,Model_6622,SUV,14.0,28.3,20.0,26,43,Driver & Passenger,5920,1.2
Ford,Model_6623,Compact,36.3,21.0,19.5,15,47,Driver & Passenger,4431,4.5
Audi,Model_6624,SUV,33.3,35.9,36.8,24,40,Driver & Passenger,4164,2.2
Subaru,Model_6625,Van,28.3,41.5,46.1,32,30,None,5371,4.7
Kia,Model_6626,Compact,38.1,24.0,13.4,15,29,Driver & Passenger,6096,3.5
Ford,Model_6627,Small,32.2,40.8,38.5,21,35,Driver & Passenger,5062,4.3
Volkswagen,Model_6628,Sport,40.5,25.4,16.4,16,28,Driver & Passenger,6211,2.8
Honda,Model_6629,Small,22.4,38.6,24.8,22,31,Driver & Passenger,5217,1.7
Ford,Model_6630,Van,30.0,38.5,49.8,15,41,Driver & Passenger,5473,4.5
BMW,Model_6631,Sport,40.3,22.5,51.2,33,34,Driver & Passenger,5639,4.1
Mazda,Model_6632,Small,16.3,38.6,50.7,20,35,Driver & Passenger,4273,4.0
Kia,Model_6633,Sport,26.2,27.1,15.5,25,20,Driver only,4865,1.9
Honda,Model_6634,Large,43.6,25.1,53.7,33,25,Driver & Passenger,4739,3.1
Hyundai,Model_6635,SUV,25.8,23.0,34.9,24,32,Driver & Passenger,5190,2.3
Nissan,Model_6636,Compact,17.7,25.6,37.2,30,20,Driver & Passenger,5482,3.5
Honda,Model_6637,Sport,21.3,45.4,34.2,30,32,Driver & Passenger,5538,3.1
Chevrolet,Model_6638,Large,40.8,21.0,57.4,24,24,Driver & Passenger,4688,1.7
Nissan,Model_6639,SUV,43.4,40.7,48.0,32,22,Driver only,5051,3.5
Lexus,Model_6640,SUV,43.2,50.5,38.5,36,31,Driver only,6191,1.2
Hyundai,Model_6641,Midsize,34.0,25.8,56.2,32,45,Driver only,4482,1.3
Mazda,Model_6642,Small,27.1,11.3,54.7,17,29,Driver & Passenger,5146,1.7
Mazda,Model_6643,Midsize,15.2,11.1,12.3,26,28,Driver & Passenger,6163,3.3
Mazda,Model_6644,Van,13.0,16.3,37.4,24,36,None,6069,4.0
Subaru,Model_6645,Large,10.7,15.0,14.2,30,25,Driver only,6383,4.1
Mazda,Model_6646,Midsize,9.1,43.7,28.3,23,33,None,4332,2.1
Audi,Model_6647,Midsize,40.6,23.3,54.6,32,22,Driver & Passenger,5532,2.5
Mazda,Model_6648,SUV,38.0,39.4,62.0,27,44,Driver & Passenger,6331,1.9
Volkswagen,Model_6649,Large,29.2,11.9,24.8,28,37,None,5423,1.1
Lexus,Model_6650,SUV,45.0,23.3,13.1,33,47,None,4063,3.0
Mazda,Model_6651,Compact,43.3,20.5,33.3,28,46,Driver only,5211,3.2
Mercedes-Benz,Model_6652,Sport,32.4,22.5,29.8,16,26,Driver only,5193,4.7
Lexus,Model_6653,Van,25.5,18.6,47.9,25,28,Driver & Passenger,6011,3.8
Mazda,Model_6654,Van,14.1,37.8,38.2,22,34,None,5410,4.7
Subaru,Model_6655,Small,27.3,39.8,33.1,17,38,Driver only,5643,2.1
Kia,Model_6656,SUV,14.3,16.7,24.2,29,35,None,6324,3.9
Audi,Model_6657,Sport,23.0,43.4,55.9,27,38,None,5823,3.4
Subaru,Model_6658,Small,42.9,21.3,25.2,22,38,Driver only,4196,2.2
Toyota,Model_6659,Van,21.0,22.7,14.9,27,36,Driver only,4023,1.8
Honda,Model_6660,Sport,14.1,47.3,41.9,30,44,Driver & Passenger,4576,2.2
Mercedes-Benz,Model_6661,Midsize,29.8,50.6,28.8,36,44,None,4790,4.9
Mercedes-Benz,Model_6662,Compact,30.5,47.1,49.8,15,25,None,4591,1.1
Honda,Model_6663,Midsize,15.6,16.6,16.3,16,44,Driver & Passenger,6055,4.6
Nissan,Model_6664,Compact,15.7,55.0,63.2,27,44,Driver & Passenger,4556,4.1
Kia,Model_6665,SUV,44.6,40.2,21.9,28,20,None,4365,3.2
BMW,Model_6666,Large,17.4,33.0,30.9,16,38,Driver only,5674,4.4
Honda,Model_6667,Small,39.1,53.0,37.5,30,34,Driver & Passenger,5592,1.2
Hyundai,Model_6668,Small,25.7,46.8,59.2,28,22,Driver only,5035,3.2
Ford,Model_6669,Large,24.4,41.1,50.3,21,36,None,4062,2.1
BMW,Model_6670,Sport,19.3,47.7,19.7,36,25,Driver only,5186,1.0
Hyundai,Model_6671,Large,36.7,27.3,35.2,28,23,Driver only,5586,3.5
Mazda,Model_6672,SUV,40.6,40.8,40.8,32,27,Driver & Passenger,4913,3.6
Hyundai,Model_6673,Van,18.0,18.6,49.2,31,41,None,6449,3.4
Mazda,Model_6674,Large,12.0,54.5,42.3,19,23,None,4665,2.6
Audi,Model_6675,Compact,13.5,36.5,36.2,25,40,Driver & Passenger,4792,4.2
BMW,Model_6676,Van,37.4,46.6,52.6,32,47,None,5502,2.4
Ford,Model_6677,Large,24.4,28.3,32.0,30,21,None,6292,3.4
Hyundai,Model_6678,Small,13.3,44.1,64.3,24,29,None,6476,5.0
Audi,Model_6679,Midsize,20.9,27.4,62.2,20,31,Driver only,4953,4.4
Volkswagen,Model_6680,Compact,27.3,36.6,49.5,28,20,Driver & Passenger,6026,3.6
Subaru,Model_6681,SUV,39.6,45.0,58.8,16,31,None,4047,3.7
Lexus,Model_6682,Compact,31.9,15.2,32.8,23,42,Driver & Passenger,6061,4.4
Lexus,Model_6683,Sport,14.9,26.1,42.8,27,29,Driver & Passenger,6438,1.7
Nissan,Model_6684,Midsize,14.3,34.5,26.5,35,31,Driver & Passenger,5087,1.4
BMW,Model_6685,Compact,23.6,25.0,58.9,37,38,Driver & Passenger,5308,1.9
Kia,Model_6686,Large,11.2,23.9,37.0,34,22,Driver & Passenger,5110,4.0
Mazda,Model_6687,Compact,36.1,22.7,40.4,26,41,Driver & Passenger,4494,4.1
Lexus,Model_6688,Compact,23.2,20.3,57.8,16,38,Driver & Passenger,4248,1.1
Mazda,Model_6689,Compact,21.0,48.2,54.3,17,42,None,5648,1.2
Chevrolet,Model_6690,Sport,27.1,51.6,29.1,27,26,Driver only,4080,4.9
Subaru,Model_6691,Compact,34.4,41.5,16.6,35,40,Driver & Passenger,5964,3.0
Subaru,Model_6692,Compact,29.3,11.3,20.6,15,20,Driver only,6433,3.1
Lexus,Model_6693,Sport,37.8,45.4,30.0,34,32,None,5729,3.4
Audi,Model_6694,Van,31.5,33.9,28.2,18,28,Driver only,4486,4.9
Toyota,Model_6695,Midsize,37.3,44.1,14.0,32,35,Driver & Passenger,6153,1.6
Toyota,Model_6696,SUV,33.9,29.7,34.9,27,37,None,6083,3.5
Audi,Model_6697,Van,15.5,11.9,17.6,20,34,Driver & Passenger,4695,1.3
Hyundai,Model_6698,Small,10.4,40.7,23.7,20,39,Driver & Passenger,6196,3.1
Hyundai,Model_6699,Sport,41.5,30.0,53.7,29,34,None,4574,2.8
Kia,Model_6700,Sport,43.0,49.3,38.2,32,34,Driver & Passenger,4385,2.1
Hyundai,Model_6701,Compact,35.0,43.2,31.8,31,29,Driver only,6249,2.8
Audi,Model_6702,Compact,34.9,26.2,21.8,28,45,None,6493,3.8
Kia,Model_6703,SUV,18.4,42.6,57.9,18,37,Driver only,5291,4.4
Nissan,Model_6704,Small,28.3,32.3,59.9,15,34,Driver & Passenger,4258,4.1
Mazda,Model_6705,Compact,44.7,19.0,39.5,22,31,Driver & Passenger,4253,3.3
Ford,Model_6706,Large,39.7,28.9,60.8,25,20,Driver only,5288,4.6
Hyundai,Model_6707,Compact,19.6,20.0,36.6,27,32,Driver & Passenger,4429,3.8
BMW,Model_6708,Compact,19.5,10.2,17.7,31,36,Driver & Passenger,5577,4.4
Mercedes-Benz,Model_6709,Large,26.2,21.1,12.9,35,36,Driver & Passenger,4713,2.6
Hyundai,Model_6710,Small,23.3,19.4,18.8,28,26,None,5188,3.8
Ford,Model_6711,Large,22.0,10.2,45.0,31,30,Driver & Passenger,4778,1.3
Chevrolet,Model_6712,Sport,31.4,45.3,29.0,34,31,Driver & Passenger,4282,4.8
Subaru,Model_6713,Large,8.9,13.5,46.4,15,28,Driver & Passenger,4941,3.5
Mazda,Model_6714,Midsize,36.4,30.2,38.9,22,34,Driver only,4069,4.4
Toyota,Model_6715,Sport,35.5,28.8,29.6,33,20,Driver & Passenger,5258,2.9
Hyundai,Model_6716,Compact,38.8,18.2,23.6,25,45,None,6346,1.1
Kia,Model_6717,SUV,39.2,53.5,16.3,37,41,Driver only,6018,3.0
Hyundai,Model_6718,Sport,29.2,37.2,53.5,24,30,Driver & Passenger,5937,3.9
Hyundai,Model_6719,Small,37.0,46.6,55.4,15,24,Driver & Passenger,4817,1.3
Hyundai,Model_6720,Small,26.5,32.3,40.7,19,38,Driver & Passenger,6046,1.4
Audi,Model_6721,Large,43.2,42.5,20.3,30,37,Driver & Passenger,6188,1.2
Audi,Model_6722,Sport,15.5,53.6,26.0,34,37,Driver only,5253,1.5
Mercedes-Benz,Model_6723,Compact,41.9,25.7,62.6,34,37,Driver & Passenger,4779,3.5
Toyota,Model_6724,Small,17.9,32.7,24.0,19,42,Driver & Passenger,5736,4.5
Hyundai,Model_6725,Van,12.2,33.2,15.0,30,39,Driver & Passenger,5122,2.9
Mazda,Model_6726,Compact,24.5,54.6,41.2,17,26,Driver & Passenger,4302,4.2
Honda,Model_6727,Van,30.9,20.5,25.9,37,33,None,4550,2.6
Kia,Model_6728,Midsize,16.9,40.4,62.7,16,45,Driver & Passenger,5719,4.4
Volkswagen,Model_6729,Van,28.8,16.2,42.5,31,20,None,4212,1.6
Nissan,Model_6730,Small,38.0,51.7,63.2,36,47,Driver & Passenger,4402,3.3
Ford,Model_6731,Large,17.9,36.6,53.6,15,45,None,5658,3.1
Mercedes-Benz,Model_6732,Midsize,29.7,48.7,50.3,30,39,Driver only,4819,1.4
Hyundai,Model_6733,Sport,20.9,50.3,56.0,37,28,Driver & Passenger,5019,2.0
Hyundai,Model_6734,Compact,27.8,35.1,44.1,16,35,Driver & Passenger,6487,2.9
Subaru,Model_6735,Small,32.8,40.7,12.6,34,42,None,4909,4.1
Subaru,Model_6736,Midsize,21.3,41.4,32.8,21,45,Driver & Passenger,4356,4.6
BMW,Model_6737,Midsize,44.8,30.7,23.6,25,25,Driver & Passenger,5824,3.9
Chevrolet,Model_6738,Small,29.1,29.6,35.0,20,26,Driver & Passenger,4107,2.2
Subaru,Model_6739,Sport,38.6,18.4,36.9,16,37,None,6187,1.4
Audi,Model_6740,Sport,35.0,27.3,18.8,28,20,Driver & Passenger,6290,3.1
Hyundai,Model_6741,Large,39.6,54.6,13.2,18,45,Driver & Passenger,4605,2.4
Chevrolet,Model_6742,SUV,14.8,22.1,19.3,33,44,Driver & Passenger,6389,3.3
Ford,Model_6743,Van,16.6,44.3,57.4,36,35,Driver & Passenger,5857,2.6
Audi,Model_6744,Sport,26.3,12.7,52.1,16,37,Driver & Passenger,5687,2.5
Audi,Model_6745,Large,39.6,31.0,54.3,16,37,Driver & Passenger,6271,4.6
Honda,Model_6746,Van,15.7,12.6,26.6,27,38,None,5196,3.7
Volkswagen,Model_6747,Midsize,43.9,31.4,24.5,27,47,Driver & Passenger,4715,3.7
Hyundai,Model_6748,Small,13.2,11.2,14.0,17,32,Driver only,5206,1.5
Lexus,Model_6749,Sport,14.9,37.6,37.0,35,38,Driver only,5914,2.6
Mazda,Model_6750,Large,14.6,36.4,32.3,20,22,Driver & Passenger,5478,4.1
Mercedes-Benz,Model_6751,Midsize,29.9,45.9,56.3,35,39,Driver & Passenger,4961,3.3
Mercedes-Benz,Model_6752,Sport,42.0,36.2,48.1,31,46,Driver & Passenger,4871,2.8
Toyota,Model_6753,Compact,17.8,51.7,19.6,15,36,Driver & Passenger,4690,4.9
Toyota,Model_6754,SUV,28.7,45.2,64.3,21,30,Driver & Passenger,5121,1.5
Nissan,Model_6755,Midsize,14.9,16.0,52.8,21,36,Driver & Passenger,5661,1.6
BMW,Model_6756,Sport,31.5,21.9,50.2,27,31,Driver & Passenger,5217,3.3
Chevrolet,Model_6757,Midsize,13.0,11.2,23.5,36,31,Driver & Passenger,4556,2.6
Mercedes-Benz,Model_6758,Small,26.4,27.4,60.0,23,39,Driver only,4383,2.9
Hyundai,Model_6759,Small,32.4,32.9,37.1,32,35,Driver & Passenger,4423,3.2
Subaru,Model_6760,SUV,29.6,52.6,27.8,15,20,Driver & Passenger,5746,1.5
Kia,Model_6761,Small,13.6,33.5,46.7,25,47,Driver & Passenger,4389,2.1
Lexus,Model_6762,Van,14.4,45.1,23.2,36,39,Driver & Passenger,5168,3.1
Hyundai,Model_6763,Compact,33.0,22.1,60.1,36,32,Driver & Passenger,4918,1.8
BMW,Model_6764,Small,38.0,16.9,57.3,25,21,None,4420,4.4
Honda,Model_6765,Compact,41.6,46.5,36.6,24,35,Driver & Passenger,5893,4.1
Subaru,Model_6766,Small,38.2,21.1,22.1,31,26,Driver & Passenger,4697,3.3
Audi,Model_6767,Van,44.0,49.2,38.3,31,41,Driver & Passenger,4906,3.0
Mazda,Model_6768,Midsize,23.4,17.6,19.9,26,21,Driver & Passenger,5757,4.7
Hyundai,Model_6769,Sport,20.6,48.3,26.3,24,37,Driver & Passenger,4851,4.0
Mercedes-Benz,Model_6770,Sport,9.5,44.8,37.6,26,47,Driver only,6222,1.2
Volkswagen,Model_6771,Small,24.9,37.5,13.1,20,36,Driver & Passenger,4558,1.9
BMW,Model_6772,Sport,32.3,48.3,52.6,35,35,Driver & Passenger,4485,1.3
Hyundai,Model_6773,Small,38.3,24.9,22.4,20,39,Driver & Passenger,5713,5.0
BMW,Model_6774,Small,18.3,17.5,57.9,20,37,Driver & Passenger,6292,2.7
Mazda,Model_6775,SUV,27.2,17.1,13.2,34,40,Driver only,6082,1.5
Subaru,Model_6776,Large,32.7,22.2,40.2,22,47,Driver & Passenger,6308,2.4
Nissan,Model_6777,Large,28.6,30.1,53.2,19,47,Driver & Passenger,6039,4.9
Lexus,Model_6778,SUV,18.5,49.4,24.6,20,39,None,4099,1.6
Chevrolet,Model_6779,Large,37.6,14.0,49.5,16,35,Driver & Passenger,5668,2.4
Subaru,Model_6780,Compact,14.8,51.2,50.2,31,20,None,4671,2.1
Chevrolet,Model_6781,Large,41.5,51.6,45.8,22,40,Driver & Passenger,5958,4.2
Mercedes-Benz,Model_6782,Small,43.3,42.7,31.3,36,24,None,4748,1.1
BMW,Model_6783,Van,21.8,50.5,53.6,23,34,Driver & Passenger,6087,4.8
Ford,Model_6784,Van,22.2,44.6,45.3,35,32,Driver & Passenger,5259,4.5
BMW,Model_6785,Midsize,35.6,33.8,43.3,22,24,Driver only,4809,2.5
Mercedes-Benz,Model_6786,Large,25.2,37.0,55.4,37,37,Driver only,4073,4.6
BMW,Model_6787,Van,9.5,38.3,25.0,25,39,Driver & Passenger,4858,2.7
Mazda,Model_6788,Large,42.1,15.7,24.3,24,24,Driver & Passenger,6076,2.2
Audi,Model_6789,Midsize,24.2,18.7,32.5,31,35,None,5467,2.6
Mazda,Model_6790,Van,15.9,33.6,15.9,37,30,Driver & Passenger,4515,4.3
Lexus,Model_6791,Small,28.8,15.2,29.9,34,30,Driver & Passenger,6291,3.2
Hyundai,Model_6792,Compact,16.5,53.4,33.5,27,41,None,4545,1.9
BMW,Model_6793,SUV,16.0,32.8,38.2,36,42,Driver & Passenger,4616,1.3
Lexus,Model_6794,SUV,28.4,27.1,25.5,23,45,Driver only,5852,3.4
Chevrolet,Model_6795,SUV,22.8,17.1,60.1,29,46,Driver & Passenger,4026,4.3
Kia,Model_6796,Large,29.4,28.7,27.1,27,22,Driver & Passenger,5106,4.4
Chevrolet,Model_6797,Van,44.9,23.6,57.1,27,38,Driver & Passenger,4158,4.3
Volkswagen,Model_6798,Van,39.9,14.0,35.6,27,29,Driver only,5500,3.1
Subaru,Model_6799,Midsize,8.8,53.5,50.1,35,47,Driver & Passenger,5868,2.5
Toyota,Model_6800,Small,10.3,21.9,17.9,18,21,Driver & Passenger,4666,4.9
Volkswagen,Model_6801,Sport,30.8,41.1,40.9,36,44,Driver & Passenger,4632,4.7
Hyundai,Model_6802,Van,31.4,14.1,62.9,24,36,Driver & Passenger,6242,4.0
Mercedes-Benz,Model_6803,Compact,40.6,51.1,47.3,29,22,Driver & Passenger,4645,2.7
Hyundai,Model_6804,Midsize,31.5,36.6,55.5,35,22,Driver only,5154,4.9
Nissan,Model_6805,Van,16.8,39.6,25.8,24,27,Driver only,5018,2.5
Lexus,Model_6806,Van,25.6,45.2,54.4,35,35,None,4460,3.7
Honda,Model_6807,Midsize,38.0,37.3,30.6,22,31,Driver & Passenger,4906,2.2
Hyundai,Model_6808,Midsize,42.2,13.2,37.7,24,41,Driver only,6074,4.3
Hyundai,Model_6809,Large,17.1,29.3,22.0,35,38,Driver & Passenger,6292,4.4
Hyundai,Model_6810,Van,28.2,21.8,37.7,31,20,Driver & Passenger,4129,3.0
Hyundai,Model_6811,Sport,14.3,31.9,39.3,19,38,Driver only,5343,3.2
Lexus,Model_6812,Compact,26.6,28.2,45.0,27,23,Driver only,5195,4.8
Nissan,Model_6813,Small,11.8,47.2,58.0,35,36,None,5611,1.6
Kia,Model_6814,Small,42.9,21.1,28.2,35,38,Driver & Passenger,5355,2.9
Honda,Model_6815,Sport,31.8,19.1,64.2,33,23,Driver only,5727,3.1
Audi,Model_6816,Midsize,39.7,53.1,56.9,26,34,Driver & Passenger,5976,4.3
Hyundai,Model_6817,Midsize,44.9,52.7,33.4,26,26,Driver & Passenger,5012,4.1
BMW,Model_6818,Midsize,15.2,54.7,24.0,35,39,Driver only,6338,3.4
Honda,Model_6819,Van,33.8,35.6,15.8,16,36,Driver only,5624,1.6
Mercedes-Benz,Model_6820,Midsize,40.9,15.1,24.4,35,44,Driver & Passenger,4766,2.6
Mercedes-Benz,Model_6821,Midsize,29.5,49.6,58.9,23,41,None,6229,1.4
Hyundai,Model_6822,Van,31.8,16.5,27.5,36,28,Driver & Passenger,4733,1.6
Kia,Model_6823,Van,23.4,17.0,19.3,37,26,Driver & Passenger,5403,1.9
Ford,Model_6824,Sport,33.1,18.7,13.2,16,23,None,5005,2.3
Toyota,Model_6825,Large,22.9,39.4,27.8,15,36,Driver & Passenger,4081,2.8
Honda,Model_6826,Van,25.9,14.8,23.5,28,34,Driver only,4631,3.9
Honda,Model_6827,Compact,12.3,45.0,17.4,27,42,Driver only,4059,1.1
Mercedes-Benz,Model_6828,Midsize,8.8,12.6,62.4,17,28,Driver only,4781,4.5
Toyota,Model_6829,Large,10.5,15.0,26.2,34,47,Driver & Passenger,4783,5.0
BMW,Model_6830,Small,15.5,29.6,12.3,19,35,Driver & Passenger,5770,4.9
Honda,Model_6831,Sport,25.2,27.1,62.0,16,25,None,4420,2.7
Toyota,Model_6832,Large,9.3,54.5,42.7,35,47,Driver only,4792,2.6
Toyota,Model_6833,Van,14.2,53.5,16.4,32,36,Driver & Passenger,4589,3.1
Hyundai,Model_6834,Midsize,37.0,18.5,13.7,23,44,Driver only,6468,3.7
Mercedes-Benz,Model_6835,Midsize,36.3,52.6,17.7,36,26,Driver & Passenger,6180,2.1
Toyota,Model_6836,Midsize,37.3,41.2,43.3,26,36,Driver & Passenger,5828,3.6
Mazda,Model_6837,Large,42.1,28.4,15.3,19,33,None,5353,2.2
Kia,Model_6838,Midsize,12.8,43.3,42.1,32,34,Driver & Passenger,5288,3.6
Mazda,Model_6839,Van,14.5,50.5,46.6,37,39,Driver & Passenger,5431,3.6
Ford,Model_6840,Large,20.7,18.1,19.8,37,40,Driver & Passenger,5093,1.0
Volkswagen,Model_6841,Midsize,41.9,18.8,37.9,16,37,Driver & Passenger,5530,4.5
Mercedes-Benz,Model_6842,Small,36.8,28.4,63.1,24,38,Driver & Passenger,4537,1.8
Audi,Model_6843,Small,20.3,17.6,56.3,36,37,Driver & Passenger,4171,5.0
Lexus,Model_6844,Compact,11.7,26.2,50.3,24,33,None,6367,3.2
Mazda,Model_6845,Midsize,31.0,39.1,39.4,17,39,Driver & Passenger,5518,2.5
Mazda,Model_6846,Midsize,17.9,46.6,32.9,28,42,Driver & Passenger,6479,1.4
Volkswagen,Model_6847,Large,27.9,23.6,35.9,19,24,Driver only,4173,3.7
Kia,Model_6848,Large,42.9,22.7,52.5,37,26,None,6399,2.4
Hyundai,Model_6849,SUV,29.4,45.1,41.4,27,31,None,5794,4.9
Volkswagen,Model_6850,Midsize,42.2,27.1,52.5,31,36,None,4397,4.4
Mercedes-Benz,Model_6851,Compact,22.8,46.8,63.4,20,38,Driver & Passenger,4764,1.5
Audi,Model_6852,Midsize,31.6,54.7,45.9,27,35,Driver & Passenger,6307,2.8
Nissan,Model_6853,Van,41.1,54.1,44.0,26,21,Driver & Passenger,5790,2.8
Toyota,Model_6854,Large,30.0,39.8,33.5,17,31,Driver only,4651,3.8
Subaru,Model_6855,Midsize,30.9,26.9,22.4,30,36,Driver & Passenger,4373,2.1
Hyundai,Model_6856,Large,34.6,12.9,31.8,19,40,Driver & Passenger,5786,4.3
Mercedes-Benz,Model_6857,Midsize,40.7,43.2,39.6,16,22,Driver & Passenger,5942,4.8
Audi,Model_6858,Sport,11.7,54.0,13.8,25,27,Driver & Passenger,5026,3.2
Ford,Model_6859,Large,20.8,13.1,37.2,18,24,Driver & Passenger,4636,4.7
BMW,Model_6860,Compact,23.0,10.3,57.7,36,40,Driver & Passenger,4297,2.3
Ford,Model_6861,Sport,41.7,47.4,63.8,15,42,Driver & Passenger,5272,2.3
Hyundai,Model_6862,Van,43.4,14.6,57.3,27,43,Driver & Passenger,4972,3.9
Toyota,Model_6863,Midsize,12.9,13.7,21.1,32,36,Driver only,6203,2.8
Lexus,Model_6864,SUV,12.8,51.0,20.2,30,40,Driver & Passenger,5317,2.1
Audi,Model_6865,Van,42.6,13.6,32.8,16,44,Driver & Passenger,4116,2.2
Mercedes-Benz,Model_6866,Large,19.3,15.1,23.9,23,46,Driver only,5527,4.3
Ford,Model_6867,Sport,17.3,35.6,47.8,26,47,Driver only,6157,3.6
Mercedes-Benz,Model_6868,Van,9.8,44.1,16.5,19,44,Driver & Passenger,4912,4.2
Lexus,Model_6869,Compact,18.6,28.0,35.5,19,33,None,4715,2.7
Lexus,Model_6870,SUV,33.8,28.9,26.9,36,42,Driver only,4053,4.8
Ford,Model_6871,Large,24.1,38.5,43.6,27,33,Driver & Passenger,5407,4.6
Mercedes-Benz,Model_6872,Sport,27.4,32.7,54.2,30,23,Driver & Passenger,4239,1.1
Volkswagen,Model_6873,Van,42.0,10.8,60.9,33,34,Driver & Passenger,6303,2.5
Nissan,Model_6874,Sport,12.7,15.1,63.1,23,21,Driver & Passenger,5179,1.3
Lexus,Model_6875,Sport,11.1,36.2,30.6,30,40,Driver only,4024,2.0
Nissan,Model_6876,Van,39.6,45.7,57.4,33,23,Driver & Passenger,6301,4.7
Audi,Model_6877,Small,36.8,44.3,43.4,18,36,Driver & Passenger,5882,4.6
Toyota,Model_6878,Midsize,18.1,43.3,48.7,29,42,Driver only,6146,1.2
Mazda,Model_6879,Large,20.3,44.7,57.1,23,22,Driver & Passenger,4718,1.1
Chevrolet,Model_6880,Large,19.8,12.0,18.9,30,41,None,6427,3.6
Honda,Model_6881,SUV,32.1,50.3,62.2,20,47,Driver & Passenger,4573,1.9
Hyundai,Model_6882,SUV,10.7,50.0,41.0,22,40,None,4416,1.0
Hyundai,Model_6883,SUV,26.4,33.9,29.8,15,35,Driver only,4491,4.3
Honda,Model_6884,Large,13.4,21.2,30.0,28,31,Driver & Passenger,4169,2.5
Kia,Model_6885,Sport,38.4,36.6,51.8,18,39,Driver only,4598,2.7
Subaru,Model_6886,SUV,22.4,35.1,48.0,24,22,Driver & Passenger,6277,1.4
Hyundai,Model_6887,Van,27.8,20.0,50.7,30,44,Driver & Passenger,6055,2.9
Nissan,Model_6888,Midsize,9.6,37.1,25.4,18,24,Driver only,6237,4.1
Audi,Model_6889,Compact,10.6,45.9,21.0,16,35,Driver & Passenger,4371,2.2
Honda,Model_6890,Large,33.1,46.3,50.3,16,45,None,5077,4.3
Lexus,Model_6891,Van,36.5,12.7,27.8,27,26,Driver only,5199,3.6
Toyota,Model_6892,Midsize,34.4,18.9,23.8,25,39,Driver & Passenger,6193,2.7
Hyundai,Model_6893,Midsize,35.4,40.1,23.4,24,35,None,5272,3.0
Honda,Model_6894,Small,12.3,48.7,19.9,20,36,Driver & Passenger,5644,1.4
Hyundai,Model_6895,Van,33.8,33.5,34.6,21,21,Driver & Passenger,4940,4.6
BMW,Model_6896,Large,15.1,41.8,25.8,29,31,Driver & Passenger,4785,4.6
Hyundai,Model_6897,SUV,12.1,10.9,59.4,34,45,Driver & Passenger,4903,2.5
Toyota,Model_6898,Sport,36.1,37.4,48.5,33,32,None,5172,3.6
Subaru,Model_6899,SUV,41.0,53.3,51.4,17,24,Driver only,5510,4.1
Chevrolet,Model_6900,Midsize,34.7,39.7,33.4,35,35,None,5626,4.3
Volkswagen,Model_6901,Midsize,37.9,51.5,43.8,28,47,Driver & Passenger,5582,3.9
Ford,Model_6902,Compact,44.7,35.5,38.5,36,27,None,4835,3.0
Hyundai,Model_6903,SUV,13.4,48.0,20.9,16,43,Driver only,4715,3.8
Hyundai,Model_6904,Small,43.7,15.6,14.5,37,47,None,5103,4.8
Subaru,Model_6905,Midsize,30.4,15.6,48.2,30,33,Driver & Passenger,4784,2.9
Toyota,Model_6906,Midsize,38.2,15.4,18.4,37,27,None,4508,1.3
Mercedes-Benz,Model_6907,Sport,32.2,32.0,15.0,31,44,Driver & Passenger,6364,4.2
Lexus,Model_6908,Sport,29.3,24.9,35.4,29,37,None,6227,3.9
Hyundai,Model_6909,Compact,34.2,42.4,51.1,27,39,Driver & Passenger,4553,2.2
Hyundai,Model_6910,Van,20.2,50.6,52.8,26,31,Driver & Passenger,5773,3.4
Mazda,Model_6911,Compact,42.2,37.9,58.3,21,30,None,5920,1.3
Mazda,Model_6912,Compact,12.7,19.6,22.6,34,35,Driver & Passenger,5315,2.9
Volkswagen,Model_6913,Sport,20.1,51.9,64.2,34,45,Driver & Passenger,5793,2.6
Lexus,Model_6914,SUV,9.6,33.8,52.5,17,41,Driver & Passenger,5722,2.0
Subaru,Model_6915,SUV,18.4,42.4,20.3,23,34,Driver & Passenger,6490,1.6
Toyota,Model_6916,SUV,16.5,50.1,56.6,17,32,Driver only,6249,2.4
Volkswagen,Model_6917,Van,10.3,54.5,38.4,30,41,Driver only,5096,4.7
Mazda,Model_6918,Sport,26.4,32.8,15.5,34,47,Driver only,6268,3.1
Kia,Model_6919,Small,25.6,46.4,19.0,17,47,None,5625,1.8
Lexus,Model_6920,Large,11.3,35.5,35.0,22,40,Driver & Passenger,4827,4.3
Chevrolet,Model_6921,Large,18.1,31.9,40.1,22,37,Driver only,4387,2.1
Volkswagen,Model_6922,Small,43.3,34.2,62.2,29,43,None,5556,4.2
Audi,Model_6923,SUV,12.5,31.8,23.4,19,20,Driver & Passenger,5632,1.1
Volkswagen,Model_6924,Large,19.6,28.9,37.1,27,20,Driver & Passenger,4990,4.7
Hyundai,Model_6925,Van,9.8,42.6,24.0,29,47,Driver only,5888,3.1
Toyota,Model_6926,Sport,13.9,21.2,41.6,21,20,Driver & Passenger,6435,4.1
Toyota,Model_6927,Large,34.0,37.7,60.2,26,28,Driver & Passenger,4160,2.3
Kia,Model_6928,Van,21.9,42.1,42.1,17,40,Driver & Passenger,4495,4.4
Mercedes-Benz,Model_6929,Sport,25.0,50.1,39.0,22,33,Driver & Passenger,6237,3.8
Nissan,Model_6930,Van,14.2,24.9,51.8,24,47,Driver & Passenger,4088,1.2
Nissan,Model_6931,Small,33.4,48.7,19.8,16,37,Driver & Passenger,5158,1.2
Mazda,Model_6932,Compact,35.9,52.5,60.0,22,46,Driver & Passenger,4493,2.4
Audi,Model_6933,Small,15.1,39.2,42.6,36,20,Driver & Passenger,4260,1.2
Mazda,Model_6934,Large,10.1,44.7,48.4,32,39,Driver & Passenger,4877,1.2
BMW,Model_6935,Sport,11.5,28.3,55.4,26,30,Driver & Passenger,4249,2.5
BMW,Model_6936,Van,32.5,52.8,45.7,36,21,Driver only,5526,1.9
Ford,Model_6937,Large,13.4,40.2,46.0,32,38,Driver & Passenger,4595,2.4
BMW,Model_6938,Large,26.5,24.0,50.7,33,21,Driver & Passenger,4090,2.6
Nissan,Model_6939,Compact,14.1,28.2,14.8,19,43,Driver only,5286,1.3
Mercedes-Benz,Model_6940,SUV,14.7,37.8,32.3,30,38,Driver & Passenger,5873,3.4
Chevrolet,Model_6941,Large,8.7,20.5,63.0,31,21,Driver & Passenger,6441,2.4
BMW,Model_6942,Compact,20.2,43.9,25.7,23,25,None,6469,4.0
Mazda,Model_6943,Sport,11.8,20.1,40.7,24,42,Driver & Passenger,4185,5.0
Hyundai,Model_6944,Sport,22.9,36.6,21.3,33,34,None,5963,2.5
Toyota,Model_6945,Van,30.3,41.4,29.1,26,44,Driver & Passenger,5236,4.0
Chevrolet,Model_6946,SUV,21.9,48.7,50.0,15,30,Driver & Passenger,4975,2.2
Chevrolet,Model_6947,Compact,34.2,43.0,46.1,36,45,Driver & Passenger,6495,4.2
Volkswagen,Model_6948,Small,35.6,45.9,34.0,31,35,Driver & Passenger,6030,3.7
Mazda,Model_6949,Sport,33.9,51.1,61.7,17,39,Driver & Passenger,4039,2.0
Toyota,Model_6950,SUV,42.7,36.9,53.1,21,40,Driver only,6199,2.8
Nissan,Model_6951,Van,17.2,48.1,26.2,34,46,Driver & Passenger,5518,4.2
Chevrolet,Model_6952,Small,15.4,20.4,36.7,23,41,Driver & Passenger,5620,3.8
Ford,Model_6953,Sport,30.8,46.7,58.5,37,22,Driver & Passenger,5643,1.1
Hyundai,Model_6954,Sport,30.2,20.0,13.2,19,22,Driver & Passenger,4313,1.0
Mazda,Model_6955,Van,27.1,52.1,42.8,23,38,Driver & Passenger,5822,4.0
Chevrolet,Model_6956,Van,8.7,24.8,24.3,33,40,Driver & Passenger,4629,2.8
Audi,Model_6957,Midsize,28.8,17.7,15.4,25,30,None,4177,3.0
Subaru,Model_6958,Large,42.5,16.7,60.4,28,25,Driver & Passenger,5161,4.9
Volkswagen,Model_6959,Large,20.7,18.4,55.3,28,44,Driver only,4018,1.5
Toyota,Model_6960,Small,43.8,30.1,21.8,22,28,Driver & Passenger,5336,1.1
BMW,Model_6961,Large,21.5,33.5,56.4,34,47,Driver only,4271,1.8
Chevrolet,Model_6962,Small,13.6,51.1,19.8,15,24,Driver & Passenger,6069,3.9
Mazda,Model_6963,SUV,23.0,27.1,37.2,18,43,Driver only,5333,1.7
BMW,Model_6964,Sport,26.6,19.8,50.5,30,26,None,5107,3.1
Subaru,Model_6965,Midsize,31.5,43.5,40.3,15,39,Driver & Passenger,4837,4.4
Ford,Model_6966,Midsize,26.9,16.1,57.1,33,20,Driver & Passenger,4938,4.4
BMW,Model_6967,Sport,28.1,50.2,44.7,17,22,Driver only,5760,1.8
Audi,Model_6968,Van,9.4,28.4,34.9,16,30,Driver & Passenger,4488,4.6
Nissan,Model_6969,Compact,17.8,37.6,61.0,31,45,Driver & Passenger,4402,5.0
Chevrolet,Model_6970,Compact,19.8,18.4,13.9,25,40,Driver only,4516,4.9
Honda,Model_6971,Large,44.5,16.5,37.9,17,29,Driver & Passenger,6446,4.6
Honda,Model_6972,Van,19.3,45.9,47.0,21,32,None,6044,1.3
BMW,Model_6973,Small,41.2,29.3,56.3,24,22,Driver & Passenger,5573,3.5
Kia,Model_6974,SUV,19.6,54.4,40.7,17,30,Driver & Passenger,4629,2.8
Toyota,Model_6975,Midsize,12.0,33.6,58.9,22,39,Driver & Passenger,5505,2.1
Volkswagen,Model_6976,Large,17.5,48.1,34.6,19,28,Driver & Passenger,4437,2.3
Honda,Model_6977,Sport,18.5,54.1,28.8,24,44,None,4316,4.8
Kia,Model_6978,Van,44.2,22.7,63.6,26,30,Driver & Passenger,6172,4.8
Mercedes-Benz,Model_6979,Midsize,33.1,46.0,47.4,32,28,None,4893,1.4
Honda,Model_6980,Small,42.5,11.0,34.6,20,32,None,4075,1.8
Kia,Model_6981,Small,39.0,40.6,58.5,22,28,Driver & Passenger,5306,4.7
Toyota,Model_6982,Compact,29.6,43.5,48.2,32,33,Driver & Passenger,4965,3.5
Hyundai,Model_6983,Large,33.2,31.5,45.8,20,35,Driver & Passenger,4792,3.8
Honda,Model_6984,Sport,31.3,17.3,50.6,37,47,Driver & Passenger,4346,2.4
Audi,Model_6985,Midsize,32.8,37.8,51.1,23,36,Driver only,4940,2.0
Subaru,Model_6986,SUV,18.2,50.4,38.1,30,44,Driver & Passenger,6177,2.8
Lexus,Model_6987,Small,23.4,51.9,34.2,25,34,Driver & Passenger,4661,2.4
Chevrolet,Model_6988,Midsize,30.1,43.6,60.2,16,47,Driver & Passenger,5375,4.8
Kia,Model_6989,Sport,9.8,21.9,38.4,31,47,Driver only,5168,1.7
Subaru,Model_6990,Midsize,26.1,49.2,23.4,27,30,None,5015,5.0
Chevrolet,Model_6991,Large,39.9,50.0,39.6,21,31,Driver only,4484,4.6
Lexus,Model_6992,Compact,26.5,26.5,13.8,36,30,Driver & Passenger,5267,3.3
Mazda,Model_6993,Midsize,28.7,18.2,50.3,24,37,Driver & Passenger,5142,2.4
Mazda,Model_6994,Van,15.9,49.4,18.7,27,43,Driver & Passenger,4665,3.9
Volkswagen,Model_6995,Compact,37.5,49.8,17.9,24,44,Driver & Passenger,5463,2.9
Subaru,Model_6996,Sport,21.6,14.5,62.2,18,31,Driver only,5696,2.5
Toyota,Model_6997,Compact,43.4,53.5,52.9,25,27,Driver only,5536,2.3
Kia,Model_6998,Midsize,44.8,34.0,34.0,23,44,Driver only,5194,1.3
Ford,Model_6999,Midsize,41.9,54.7,24.7,30,40,None,4299,2.7
Mazda,Model_7000,Van,11.6,30.0,56.7,31,29,Driver & Passenger,5213,2.0
Toyota,Model_7001,Small,20.7,34.0,63.3,37,47,Driver & Passenger,6339,1.1
Hyundai,Model_7002,Van,43.0,22.0,38.9,19,42,Driver & Passenger,4951,1.9
Subaru,Model_7003,Midsize,37.9,50.5,42.7,19,46,Driver & Passenger,4984,1.9
Mazda,Model_7004,SUV,41.8,30.0,24.9,20,22,Driver only,4908,2.2
Mazda,Model_7005,Compact,29.4,46.7,43.2,16,39,Driver & Passenger,5830,4.8
Ford,Model_7006,Van,26.0,13.6,33.2,28,23,Driver & Passenger,5661,4.6
Honda,Model_7007,Van,12.4,45.5,56.8,25,32,Driver & Passenger,4779,1.1
BMW,Model_7008,SUV,39.1,32.1,32.0,33,45,Driver & Passenger,4532,2.0
Subaru,Model_7009,SUV,35.7,10.2,46.4,25,39,None,6134,2.8
Volkswagen,Model_7010,SUV,10.6,20.2,22.8,34,46,Driver & Passenger,5425,2.1
Hyundai,Model_7011,Small,16.1,18.7,16.8,20,27,Driver & Passenger,4780,2.6
Hyundai,Model_7012,Midsize,28.8,43.8,14.1,27,21,Driver & Passenger,4557,4.3
Mazda,Model_7013,Midsize,33.5,31.5,34.0,33,47,Driver & Passenger,4623,3.3
Subaru,Model_7014,Sport,13.5,17.2,20.7,17,21,Driver only,5208,2.7
Hyundai,Model_7015,Small,17.4,21.6,64.7,30,40,Driver only,5953,2.9
Mazda,Model_7016,Sport,15.5,32.7,54.3,23,25,Driver only,5523,2.1
Audi,Model_7017,Sport,16.5,10.9,48.7,17,39,Driver & Passenger,5213,1.8
Lexus,Model_7018,Sport,42.1,29.1,54.6,33,47,Driver & Passenger,5591,1.8
Mercedes-Benz,Model_7019,Large,34.6,40.5,25.9,29,26,Driver & Passenger,5152,4.2
Hyundai,Model_7020,Sport,35.4,33.3,58.6,36,45,Driver only,6488,1.8
Hyundai,Model_7021,Van,37.5,36.9,64.8,27,23,Driver & Passenger,5877,4.6
Ford,Model_7022,Compact,21.5,24.7,27.4,31,27,None,5691,2.8
Chevrolet,Model_7023,Van,36.5,18.2,64.2,35,37,Driver & Passenger,4131,3.1
Kia,Model_7024,Van,44.2,46.4,29.0,22,29,None,5508,3.4
Mazda,Model_7025,Midsize,34.0,50.8,12.6,36,39,Driver & Passenger,5098,2.2
Lexus,Model_7026,Large,23.7,33.0,31.5,28,30,Driver & Passenger,5227,4.6
BMW,Model_7027,Sport,34.6,23.7,64.9,23,26,Driver & Passenger,4052,3.4
Kia,Model_7028,Midsize,41.4,33.0,45.7,17,24,Driver & Passenger,6086,4.6
Hyundai,Model_7029,Small,13.2,49.6,48.9,23,45,Driver only,5505,3.0
Kia,Model_7030,Small,18.2,41.1,24.6,26,30,Driver & Passenger,4337,1.2
Honda,Model_7031,Midsize,42.1,48.6,19.7,29,37,Driver & Passenger,6441,1.1
Mazda,Model_7032,Compact,43.0,24.8,58.9,31,35,Driver & Passenger,5019,2.2
Kia,Model_7033,Midsize,26.2,42.0,33.9,23,38,None,6098,4.4
Chevrolet,Model_7034,Midsize,22.2,39.4,12.2,22,39,Driver & Passenger,5215,2.1
Chevrolet,Model_7035,Large,18.8,35.7,27.6,20,24,Driver & Passenger,6362,2.9
Mazda,Model_7036,Small,26.7,33.8,22.4,23,26,Driver & Passenger,6162,1.8
Nissan,Model_7037,Small,42.6,34.8,44.0,29,22,Driver & Passenger,5794,4.0
Chevrolet,Model_7038,Sport,14.0,48.2,52.1,32,44,Driver & Passenger,4256,3.7
Kia,Model_7039,Van,23.8,51.2,38.4,36,29,Driver & Passenger,4522,4.6
Volkswagen,Model_7040,Midsize,41.8,15.1,21.9,25,38,Driver & Passenger,5228,2.4
Toyota,Model_7041,Midsize,21.2,35.6,15.1,28,24,None,4822,4.9
Hyundai,Model_7042,Compact,36.5,51.3,28.6,27,24,None,6030,4.5
Chevrolet,Model_7043,SUV,22.7,16.1,54.7,27,42,Driver & Passenger,4616,2.8
Subaru,Model_7044,SUV,37.9,28.6,34.2,36,41,Driver & Passenger,6328,4.4
Hyundai,Model_7045,Small,44.3,14.0,25.4,27,30,None,4255,2.7
Nissan,Model_7046,Compact,22.7,15.1,13.1,30,38,Driver & Passenger,5343,4.2
Subaru,Model_7047,Large,39.3,50.7,38.3,26,31,Driver & Passenger,4216,2.4
Kia,Model_7048,Sport,44.6,30.1,48.3,35,36,Driver & Passenger,5126,2.0
Hyundai,Model_7049,Compact,44.4,41.0,22.1,32,41,Driver & Passenger,5432,4.0
Ford,Model_7050,Small,24.3,16.3,40.5,26,46,Driver & Passenger,4449,4.9
Audi,Model_7051,Large,26.2,11.0,34.3,19,41,Driver & Passenger,5721,3.9
Hyundai,Model_7052,Midsize,19.6,50.1,49.3,31,39,Driver & Passenger,5279,4.9
Ford,Model_7053,Large,20.0,35.9,57.6,35,34,Driver & Passenger,5109,4.7
Honda,Model_7054,Van,26.5,10.9,28.3,37,37,Driver & Passenger,5920,2.7
Subaru,Model_7055,Compact,15.8,54.7,60.0,15,28,Driver & Passenger,4657,3.0
Audi,Model_7056,Small,34.5,32.1,49.5,27,41,Driver & Passenger,4783,1.8
Honda,Model_7057,Compact,28.1,31.4,14.0,24,36,Driver & Passenger,5182,2.8
Audi,Model_7058,Midsize,41.3,37.9,53.9,17,43,None,4502,4.1
Audi,Model_7059,SUV,38.1,10.4,38.2,20,45,Driver & Passenger,5583,3.1
Toyota,Model_7060,Midsize,20.3,35.6,62.1,30,42,Driver & Passenger,5868,4.9
BMW,Model_7061,Small,27.0,38.3,29.2,15,46,Driver & Passenger,4673,1.5
Hyundai,Model_7062,Van,35.9,23.4,43.3,33,30,Driver & Passenger,5697,3.0
Ford,Model_7063,Sport,15.6,42.7,62.7,22,25,Driver & Passenger,4375,3.1
Lexus,Model_7064,Large,9.7,27.0,26.4,23,31,Driver & Passenger,4059,1.6
Chevrolet,Model_7065,Large,39.6,42.3,37.0,37,30,Driver & Passenger,4551,4.2
Kia,Model_7066,Midsize,13.5,16.5,51.9,34,46,None,4656,4.3
Nissan,Model_7067,Compact,41.0,51.1,48.6,37,36,Driver & Passenger,4823,4.6
Hyundai,Model_7068,SUV,41.8,49.6,56.5,21,29,Driver only,5575,4.7
Honda,Model_7069,Compact,25.3,16.8,39.5,25,32,Driver only,5197,4.0
Toyota,Model_7070,Van,37.9,52.2,28.9,37,24,Driver & Passenger,5088,4.4
Honda,Model_7071,Sport,21.8,35.1,40.4,22,23,Driver only,5055,1.3
BMW,Model_7072,Compact,39.8,41.6,30.5,25,26,None,5650,2.5
Nissan,Model_7073,Large,38.6,47.8,21.4,28,34,Driver & Passenger,4249,2.1
Lexus,Model_7074,SUV,11.4,13.8,41.4,28,21,Driver & Passenger,5160,4.2
Mercedes-Benz,Model_7075,Compact,29.8,17.6,14.6,18,36,None,4073,2.2
Toyota,Model_7076,SUV,31.9,23.1,13.9,34,42,Driver & Passenger,5403,3.0
Honda,Model_7077,Sport,8.5,31.5,15.4,23,43,Driver & Passenger,4519,2.7
BMW,Model_7078,Large,44.3,25.6,47.6,22,40,Driver & Passenger,4783,4.0
Mercedes-Benz,Model_7079,SUV,23.3,32.8,33.6,29,27,Driver & Passenger,4778,3.3
Hyundai,Model_7080,Compact,27.4,18.4,38.2,34,35,Driver & Passenger,6326,2.6
Kia,Model_7081,Large,15.6,40.7,30.2,20,39,None,4951,1.5
Kia,Model_7082,Midsize,30.8,12.5,25.4,30,43,Driver & Passenger,5685,1.7
Lexus,Model_7083,Midsize,38.1,26.3,31.0,30,46,None,5425,3.9
Honda,Model_7084,Van,29.9,18.1,22.2,28,22,Driver & Passenger,4806,1.1
Hyundai,Model_7085,Midsize,37.3,42.8,48.0,29,42,None,5922,2.8
Lexus,Model_7086,Compact,35.2,49.8,17.4,36,41,Driver & Passenger,4772,3.9
Hyundai,Model_7087,Sport,17.2,13.5,39.4,35,36,None,4530,2.5
Nissan,Model_7088,Large,24.4,45.3,37.3,26,24,Driver & Passenger,6000,3.6
Mazda,Model_7089,SUV,13.9,50.3,28.0,37,33,Driver only,4380,4.1
Hyundai,Model_7090,Small,10.0,53.8,17.4,32,33,None,4060,4.5
Kia,Model_7091,Midsize,10.8,36.1,49.3,25,33,Driver & Passenger,5837,1.9
Nissan,Model_7092,Midsize,42.9,24.7,42.2,21,30,None,5980,3.8
BMW,Model_7093,Small,44.4,24.5,54.9,20,47,Driver & Passenger,6235,3.2
Toyota,Model_7094,SUV,12.0,27.1,24.5,17,39,Driver & Passenger,6433,2.8
Volkswagen,Model_7095,SUV,20.7,37.6,54.0,23,32,Driver & Passenger,4177,2.7
Subaru,Model_7096,Small,12.7,32.1,27.5,29,41,None,6045,4.5
Hyundai,Model_7097,SUV,38.9,39.4,18.0,16,28,Driver & Passenger,4958,1.7
Audi,Model_7098,Compact,26.6,11.8,19.2,18,39,Driver & Passenger,5350,4.1
Honda,Model_7099,SUV,31.2,14.8,23.7,16,21,Driver & Passenger,4113,1.3
Volkswagen,Model_7100,Large,28.2,53.9,48.2,20,31,Driver & Passenger,4207,3.2
Ford,Model_7101,SUV,34.4,54.8,24.9,26,27,Driver only,6038,1.6
Nissan,Model_7102,Midsize,20.1,43.6,44.0,21,35,Driver & Passenger,4454,2.8
Subaru,Model_7103,Sport,13.5,21.5,25.6,23,20,Driver & Passenger,4601,2.9
Chevrolet,Model_7104,Compact,9.1,52.9,31.4,20,35,None,5756,3.9
BMW,Model_7105,Compact,24.8,19.6,59.2,36,25,Driver & Passenger,5581,1.8
Mazda,Model_7106,SUV,41.6,42.9,38.5,19,39,Driver & Passenger,5126,2.2
Audi,Model_7107,Sport,19.6,15.2,43.8,18,25,Driver only,4903,3.0
Chevrolet,Model_7108,Sport,15.7,39.2,22.0,24,22,Driver & Passenger,4653,4.0
Mazda,Model_7109,Van,42.3,44.2,19.0,34,28,Driver & Passenger,5907,3.2
Ford,Model_7110,Sport,12.3,48.7,33.9,18,38,Driver & Passenger,4077,4.2
Kia,Model_7111,SUV,10.4,43.0,57.3,19,22,Driver only,4034,3.6
Hyundai,Model_7112,SUV,40.6,51.6,24.8,31,40,Driver & Passenger,5970,4.7
Honda,Model_7113,Small,34.1,33.4,44.9,32,26,None,4587,3.7
Toyota,Model_7114,Midsize,23.9,40.5,58.2,17,33,None,4426,2.4
Mazda,Model_7115,Van,36.0,26.6,61.5,37,41,Driver only,6004,1.4
Audi,Model_7116,SUV,35.6,10.5,64.7,27,33,Driver & Passenger,5354,3.8
Volkswagen,Model_7117,Small,10.0,44.1,52.4,15,42,Driver & Passenger,6178,4.9
Mercedes-Benz,Model_7118,Van,33.2,49.1,16.0,33,44,Driver & Passenger,5462,3.0
Nissan,Model_7119,Midsize,31.9,17.8,58.2,37,22,Driver & Passenger,5961,1.5
Kia,Model_7120,Van,43.7,11.3,58.9,36,24,Driver & Passenger,6326,2.3
Mercedes-Benz,Model_7121,Small,43.8,17.4,41.5,16,24,Driver only,6307,2.6
Nissan,Model_7122,Large,22.3,50.3,15.6,18,38,None,4607,1.5
Audi,Model_7123,SUV,30.0,23.3,37.3,30,46,Driver only,5027,2.3
Nissan,Model_7124,Midsize,13.7,20.5,23.2,30,29,Driver only,6265,4.2
Mazda,Model_7125,Compact,10.9,10.7,35.4,31,28,None,5658,2.3
Volkswagen,Model_7126,Midsize,24.3,23.4,50.4,35,35,None,5895,5.0
Mercedes-Benz,Model_7127,Midsize,33.7,42.2,47.4,26,28,Driver & Passenger,4285,2.2
BMW,Model_7128,Midsize,29.2,53.2,53.3,16,25,None,5184,1.4
Mercedes-Benz,Model_7129,Large,24.2,24.1,37.3,24,24,Driver & Passenger,5231,4.2
Nissan,Model_7130,SUV,38.4,20.8,39.1,20,23,Driver & Passenger,5440,1.5
Hyundai,Model_7131,Small,37.5,50.0,61.6,26,39,Driver & Passenger,6014,1.2
Volkswagen,Model_7132,SUV,35.2,48.4,45.5,26,40,Driver only,6095,2.6
Ford,Model_7133,Compact,11.3,24.8,51.6,31,37,Driver only,5562,4.6
Toyota,Model_7134,Small,37.6,13.1,47.2,32,35,Driver & Passenger,5178,3.3
Mazda,Model_7135,Van,42.1,54.6,45.9,18,43,Driver & Passenger,5816,4.7
Subaru,Model_7136,Van,10.7,40.6,60.4,17,47,Driver & Passenger,6113,4.5
Chevrolet,Model_7137,Van,23.2,51.7,30.9,31,26,Driver & Passenger,4229,1.3
Lexus,Model_7138,Small,44.6,25.4,34.7,37,33,Driver & Passenger,4011,1.2
Volkswagen,Model_7139,Sport,30.4,39.1,32.1,23,42,Driver only,4685,2.2
Subaru,Model_7140,Large,27.2,40.4,52.6,36,36,Driver & Passenger,5252,4.5
Subaru,Model_7141,Sport,15.0,49.3,58.0,26,27,Driver & Passenger,4241,3.0
Subaru,Model_7142,SUV,29.1,54.7,30.9,21,30,Driver only,4212,4.8
Audi,Model_7143,Van,24.5,14.9,19.5,30,36,Driver & Passenger,5226,2.2
Kia,Model_7144,Large,13.2,38.4,38.2,22,33,Driver & Passenger,4340,2.8
Mercedes-Benz,Model_7145,Small,25.4,25.1,64.2,17,28,Driver & Passenger,5667,1.1
Volkswagen,Model_7146,Van,14.5,46.5,22.8,35,25,None,5113,4.5
Mazda,Model_7147,Small,35.2,43.9,36.0,27,27,Driver & Passenger,5747,1.6
Hyundai,Model_7148,Large,44.0,50.2,26.4,34,36,Driver & Passenger,6492,4.9
Mercedes-Benz,Model_7149,Small,25.6,25.5,60.9,23,41,None,6374,2.2
Mercedes-Benz,Model_7150,Small,31.6,18.3,41.2,23,32,Driver & Passenger,4474,4.8
BMW,Model_7151,Compact,24.2,11.0,42.7,18,32,None,5823,3.7
Subaru,Model_7152,SUV,13.6,21.5,12.4,28,36,Driver & Passenger,4905,3.3
Kia,Model_7153,Sport,43.9,26.5,46.6,32,38,None,5201,1.5
Lexus,Model_7154,Sport,13.2,52.6,28.2,15,21,Driver & Passenger,4970,1.4
Hyundai,Model_7155,Sport,12.6,32.1,39.2,33,37,Driver only,4785,2.1
Audi,Model_7156,Midsize,25.3,35.0,40.1,16,23,None,4705,2.4
Hyundai,Model_7157,Compact,32.5,49.6,43.4,19,26,Driver & Passenger,4418,3.5
Kia,Model_7158,Van,21.5,49.8,55.6,36,47,None,4710,1.7
Nissan,Model_7159,Van,15.5,33.8,27.8,28,35,None,4613,3.8
Mazda,Model_7160,Van,38.4,15.1,25.6,23,38,Driver & Passenger,6497,1.2
Hyundai,Model_7161,Sport,21.8,22.2,54.2,34,34,Driver & Passenger,4577,4.5
Ford,Model_7162,SUV,15.6,30.6,50.1,34,42,Driver & Passenger,6098,4.5
Audi,Model_7163,Sport,21.8,43.8,24.0,29,44,Driver & Passenger,4711,4.6
Hyundai,Model_7164,SUV,16.3,42.0,12.0,34,33,Driver & Passenger,5096,2.7
Honda,Model_7165,Compact,27.5,38.9,47.3,15,32,Driver only,4166,1.5
Hyundai,Model_7166,SUV,32.9,49.6,20.3,33,39,Driver & Passenger,5886,3.0
Subaru,Model_7167,Small,37.7,46.1,62.7,18,26,Driver only,6012,4.0
Toyota,Model_7168,Sport,16.8,54.2,44.0,28,34,Driver & Passenger,6222,2.1
Audi,Model_7169,Van,14.6,50.0,57.0,15,20,Driver & Passenger,5315,3.7
BMW,Model_7170,Small,9.2,18.8,54.7,19,21,Driver & Passenger,6069,1.1
Mazda,Model_7171,Sport,16.8,12.6,41.6,24,43,Driver & Passenger,4982,4.3
Nissan,Model_7172,Large,9.4,28.7,35.2,23,22,Driver & Passenger,5762,1.9
Hyundai,Model_7173,Midsize,21.1,37.8,38.3,31,40,Driver & Passenger,6292,4.6
Toyota,Model_7174,Sport,13.8,38.9,54.6,28,43,Driver & Passenger,5522,3.2
Toyota,Model_7175,Large,29.7,22.0,45.9,21,24,Driver & Passenger,6184,2.5
Hyundai,Model_7176,Compact,22.5,48.7,22.9,32,35,Driver & Passenger,6351,3.9
Hyundai,Model_7177,Large,11.9,24.8,44.3,24,47,Driver & Passenger,6137,2.3
Kia,Model_7178,Compact,23.1,51.4,33.4,18,36,None,4381,3.9
BMW,Model_7179,Sport,16.1,31.2,15.2,28,37,Driver only,5967,2.3
Kia,Model_7180,Compact,33.3,10.5,32.2,17,45,Driver only,4166,4.4
Nissan,Model_7181,Large,21.8,17.3,24.1,37,35,Driver & Passenger,5430,4.9
Hyundai,Model_7182,SUV,13.9,14.6,56.4,36,30,None,5898,3.6
Toyota,Model_7183,Midsize,21.3,12.0,17.6,25,22,Driver only,4861,3.2
BMW,Model_7184,Small,16.7,42.1,31.1,24,29,Driver & Passenger,4094,2.8
BMW,Model_7185,Small,37.5,18.7,48.9,22,37,None,5746,4.7
Chevrolet,Model_7186,Midsize,44.4,47.7,59.6,23,35,Driver & Passenger,5646,2.8
Mercedes-Benz,Model_7187,Van,9.4,21.9,29.8,37,28,Driver & Passenger,4457,4.2
Mazda,Model_7188,Small,33.7,11.5,44.1,20,40,None,4529,1.0
Lexus,Model_7189,Sport,18.1,46.9,31.8,28,20,Driver & Passenger,4895,4.6
Hyundai,Model_7190,Van,10.9,31.0,22.8,23,30,Driver & Passenger,5661,2.5
Toyota,Model_7191,Sport,9.0,37.0,29.3,28,30,Driver & Passenger,4319,2.1
Toyota,Model_7192,Large,40.7,25.1,45.7,22,46,None,5636,1.6
BMW,Model_7193,Large,21.4,12.1,50.0,20,32,Driver only,4691,1.3
Kia,Model_7194,Van,44.8,26.7,31.6,20,47,None,6339,4.5
Mercedes-Benz,Model_7195,Van,24.6,33.3,20.1,36,27,Driver & Passenger,6351,2.3
Toyota,Model_7196,Van,15.3,10.5,19.4,16,38,Driver & Passenger,5268,4.9
BMW,Model_7197,Van,36.9,35.8,55.1,19,46,None,5592,2.7
Toyota,Model_7198,Compact,42.3,50.2,46.6,17,28,Driver & Passenger,4243,4.8
Lexus,Model_7199,SUV,38.3,19.8,50.6,25,44,None,4858,3.6
Mercedes-Benz,Model_7200,Van,35.7,51.7,37.9,21,47,Driver & Passenger,6472,1.6
BMW,Model_7201,SUV,20.7,14.4,36.2,23,25,None,4732,2.2
Chevrolet,Model_7202,Van,10.9,47.1,23.2,27,23,Driver & Passenger,6135,4.8
Lexus,Model_7203,Large,15.8,47.8,20.9,30,47,Driver & Passenger,5085,2.7
Lexus,Model_7204,Sport,24.8,21.6,20.2,37,47,Driver only,6460,1.2
Hyundai,Model_7205,SUV,43.4,53.1,64.6,26,28,Driver & Passenger,4593,2.4
Mazda,Model_7206,Large,34.9,28.7,55.5,22,46,Driver & Passenger,4009,4.5
Mercedes-Benz,Model_7207,Small,38.7,16.4,45.2,28,44,Driver & Passenger,6030,5.0
Hyundai,Model_7208,Compact,18.6,36.6,23.4,28,34,Driver & Passenger,5079,1.1
BMW,Model_7209,Compact,33.5,54.8,29.9,19,37,None,5713,2.9
Mercedes-Benz,Model_7210,Sport,40.0,50.5,30.6,24,45,Driver only,5994,2.0
Volkswagen,Model_7211,Van,26.0,22.5,37.3,36,41,Driver & Passenger,4267,4.9
Mercedes-Benz,Model_7212,Large,24.2,36.0,34.4,28,46,Driver only,4385,2.5
Toyota,Model_7213,Small,34.8,15.2,61.5,37,23,Driver & Passenger,5497,4.7
Hyundai,Model_7214,Large,28.9,30.8,50.2,31,38,Driver & Passenger,6082,3.4
Nissan,Model_7215,Van,44.8,33.5,16.3,18,45,Driver & Passenger,5965,4.6
Mazda,Model_7216,Van,24.0,24.2,31.1,29,35,Driver & Passenger,5730,4.8
Chevrolet,Model_7217,Midsize,14.9,31.8,19.0,25,25,None,4199,1.4
Subaru,Model_7218,Large,25.7,51.4,26.8,23,46,Driver & Passenger,4289,1.8
BMW,Model_7219,Sport,17.1,32.5,62.8,29,31,Driver & Passenger,6057,2.1
Nissan,Model_7220,Large,29.0,47.4,49.4,36,34,None,5361,3.1
BMW,Model_7221,Compact,13.1,24.3,12.4,34,34,Driver & Passenger,4178,2.0
Kia,Model_7222,Small,43.2,53.7,29.4,16,34,Driver & Passenger,5112,4.7
Toyota,Model_7223,SUV,39.9,14.2,35.3,15,35,Driver & Passenger,4619,1.7
Audi,Model_7224,Sport,14.2,36.4,43.9,35,33,Driver only,4513,1.7
Hyundai,Model_7225,Midsize,14.8,45.5,38.5,34,27,None,4769,1.6
Ford,Model_7226,Small,27.2,46.6,15.7,31,44,Driver only,4132,2.7
Kia,Model_7227,Small,36.7,18.9,39.3,18,47,Driver only,5527,1.2
Hyundai,Model_7228,SUV,16.5,28.1,18.9,19,44,Driver only,6372,3.7
Nissan,Model_7229,Compact,10.7,38.1,39.5,19,21,None,5691,2.0
Kia,Model_7230,Compact,28.4,24.2,25.0,28,34,Driver & Passenger,5677,4.7
Honda,Model_7231,Compact,33.7,39.6,19.6,15,27,Driver & Passenger,5130,1.7
BMW,Model_7232,Sport,17.4,27.0,27.3,16,30,Driver only,4561,1.3
BMW,Model_7233,Large,35.5,25.8,17.3,36,35,Driver only,5737,2.6
Volkswagen,Model_7234,Small,43.2,14.9,27.1,24,27,None,4168,2.0
Ford,Model_7235,Large,13.5,11.8,57.9,19,24,None,5974,4.5
Ford,Model_7236,Large,27.2,47.6,28.3,23,39,Driver & Passenger,4816,3.1
Honda,Model_7237,Compact,10.6,32.0,36.9,27,44,None,6193,2.9
Toyota,Model_7238,Large,16.0,35.3,39.5,37,23,Driver & Passenger,4992,4.1
Hyundai,Model_7239,Small,11.8,26.7,21.4,35,31,Driver only,6456,3.6
Lexus,Model_7240,Small,23.2,16.2,35.4,27,29,Driver & Passenger,6114,1.0
Lexus,Model_7241,Van,38.5,30.2,57.2,23,23,Driver & Passenger,4710,3.7
Mercedes-Benz,Model_7242,Midsize,29.6,20.3,16.3,28,38,Driver & Passenger,4959,3.8
Audi,Model_7243,Sport,16.6,47.7,60.9,31,29,Driver & Passenger,5595,1.7
Subaru,Model_7244,Large,10.0,54.4,58.2,17,47,Driver & Passenger,5888,3.8
Audi,Model_7245,Sport,28.7,50.0,57.4,32,38,Driver only,4938,5.0
Hyundai,Model_7246,Sport,13.3,33.8,22.5,26,38,Driver & Passenger,6468,2.2
Chevrolet,Model_7247,Sport,21.0,38.3,37.7,37,30,None,5183,1.2
Hyundai,Model_7248,SUV,27.1,52.7,44.7,23,42,Driver & Passenger,4340,4.4
Volkswagen,Model_7249,Van,41.5,34.2,17.3,30,32,Driver & Passenger,6227,1.8
Hyundai,Model_7250,Sport,11.5,38.7,41.5,27,40,None,5277,4.1
Subaru,Model_7251,Van,32.9,38.3,56.5,32,44,None,5019,2.6
Chevrolet,Model_7252,Small,9.0,41.9,61.6,26,21,None,4839,4.6
Toyota,Model_7253,SUV,31.5,38.8,26.8,36,33,Driver & Passenger,6433,4.8
Chevrolet,Model_7254,Large,28.6,40.2,27.3,16,39,Driver & Passenger,6290,2.6
Chevrolet,Model_7255,Van,38.1,42.7,26.3,33,37,None,5551,4.9
Honda,Model_7256,Midsize,27.9,46.4,20.1,15,46,None,5955,1.1
Honda,Model_7257,Sport,21.4,28.1,34.8,20,35,Driver & Passenger,4137,3.3
Chevrolet,Model_7258,SUV,17.4,43.6,53.6,32,43,Driver & Passenger,4125,4.0
Kia,Model_7259,Midsize,11.6,14.5,49.7,17,23,Driver & Passenger,4257,2.7
Subaru,Model_7260,Small,28.0,49.4,59.7,36,20,Driver & Passenger,5151,3.6
Mazda,Model_7261,Small,40.9,23.1,30.9,20,45,Driver only,4553,2.2
Mazda,Model_7262,Compact,27.3,28.2,42.3,18,22,Driver & Passenger,5246,1.3
Mercedes-Benz,Model_7263,Sport,35.5,46.2,52.6,31,31,Driver & Passenger,4606,4.3
Mercedes-Benz,Model_7264,Compact,19.4,38.7,59.6,37,42,Driver only,5664,2.2
Toyota,Model_7265,SUV,24.9,23.9,58.2,32,47,Driver only,5745,1.8
Audi,Model_7266,Midsize,20.3,20.1,36.7,36,22,Driver only,6217,1.8
Volkswagen,Model_7267,Large,12.5,53.1,60.1,21,40,Driver & Passenger,6408,4.3
Ford,Model_7268,Compact,23.7,13.9,35.5,16,37,Driver & Passenger,5001,1.3
Toyota,Model_7269,Small,36.4,10.2,59.9,29,43,Driver & Passenger,4548,3.0
Chevrolet,Model_7270,Sport,22.9,40.3,53.2,36,23,Driver only,4710,1.8
Honda,Model_7271,Midsize,32.2,37.7,23.7,31,36,Driver & Passenger,6181,3.6
Mercedes-Benz,Model_7272,Van,36.2,43.2,61.3,20,31,Driver & Passenger,5485,4.2
BMW,Model_7273,SUV,20.3,42.9,24.9,22,39,Driver & Passenger,4369,3.2
Kia,Model_7274,SUV,37.6,48.8,60.1,22,27,Driver & Passenger,4862,3.5
Lexus,Model_7275,Small,20.9,51.5,44.6,21,44,Driver & Passenger,4173,3.5
Nissan,Model_7276,Van,17.8,44.9,47.4,18,36,Driver & Passenger,5319,3.3
Hyundai,Model_7277,SUV,16.6,20.5,17.8,34,33,Driver only,5333,1.9
Hyundai,Model_7278,Large,15.8,30.9,15.5,19,41,None,5069,3.6
Lexus,Model_7279,Sport,35.4,38.9,63.3,22,39,Driver only,4419,4.1
Honda,Model_7280,Large,40.9,34.3,29.9,28,30,Driver only,4296,4.3
Mazda,Model_7281,SUV,16.9,17.2,56.8,34,27,Driver & Passenger,5765,1.3
Volkswagen,Model_7282,Large,11.6,36.5,49.3,17,20,None,5917,2.6
Subaru,Model_7283,SUV,20.0,49.9,44.0,32,40,Driver only,4790,2.5
Lexus,Model_7284,Sport,32.5,28.8,48.3,36,36,Driver & Passenger,4316,4.7
Honda,Model_7285,Sport,22.0,40.1,16.7,29,39,Driver & Passenger,5538,3.6
Mercedes-Benz,Model_7286,Van,28.5,37.7,33.9,35,47,Driver only,6077,2.9
Kia,Model_7287,Large,35.7,27.0,44.2,19,37,Driver & Passenger,4143,4.8
Subaru,Model_7288,Midsize,23.4,35.4,58.0,29,29,Driver & Passenger,5773,1.6
Mercedes-Benz,Model_7289,Van,45.0,19.5,49.9,20,28,None,4829,2.4
Ford,Model_7290,Sport,19.4,34.6,25.4,24,21,Driver & Passenger,6409,3.5
Hyundai,Model_7291,Small,44.2,45.9,64.2,37,39,Driver & Passenger,5294,3.0
Chevrolet,Model_7292,SUV,15.9,44.2,46.1,34,22,Driver & Passenger,5803,3.4
BMW,Model_7293,Van,12.5,26.1,38.6,29,20,Driver & Passenger,4530,4.0
Mazda,Model_7294,Compact,35.9,15.0,53.4,34,47,Driver & Passenger,4525,3.8
Mazda,Model_7295,Midsize,34.1,46.0,43.9,23,20,Driver only,5166,3.6
Hyundai,Model_7296,SUV,38.1,21.9,49.6,18,37,Driver & Passenger,6110,3.9
Volkswagen,Model_7297,Van,21.0,12.4,44.7,22,27,Driver only,4194,4.1
Hyundai,Model_7298,Sport,42.5,30.0,21.5,27,37,Driver & Passenger,5664,1.8
Hyundai,Model_7299,Sport,12.9,43.3,40.8,31,20,Driver only,5155,3.8
Audi,Model_7300,Midsize,9.6,46.4,27.0,18,41,Driver only,4852,3.7
Mercedes-Benz,Model_7301,Compact,19.5,54.2,42.2,16,36,Driver & Passenger,5875,3.8
Ford,Model_7302,Van,37.6,18.5,18.7,19,29,Driver & Passenger,4073,2.0
Mazda,Model_7303,Van,33.1,23.2,24.3,16,28,Driver only,4209,2.1
Audi,Model_7304,Large,24.4,37.4,54.9,30,41,Driver & Passenger,4224,4.1
Mazda,Model_7305,Small,17.9,46.5,33.5,37,29,Driver & Passenger,4418,2.5
Subaru,Model_7306,Sport,10.7,20.5,47.7,37,41,Driver & Passenger,4408,4.7
Chevrolet,Model_7307,Van,20.8,28.4,38.4,29,20,None,4130,1.5
Audi,Model_7308,Van,25.3,28.4,30.1,18,35,Driver only,6225,1.7
Kia,Model_7309,SUV,33.6,44.8,38.2,29,26,Driver & Passenger,6338,1.7
Mercedes-Benz,Model_7310,SUV,32.1,20.8,55.1,19,22,Driver & Passenger,6193,2.1
Hyundai,Model_7311,Van,43.1,53.6,26.9,17,36,None,5053,4.6
Chevrolet,Model_7312,Compact,12.2,33.0,34.3,28,28,Driver & Passenger,6087,2.5
Lexus,Model_7313,Small,20.8,22.7,22.7,21,34,Driver only,5053,2.8
Kia,Model_7314,Van,26.1,22.8,30.6,29,27,Driver & Passenger,5209,2.7
BMW,Model_7315,Midsize,33.0,10.8,58.9,19,23,Driver only,5367,4.2
Ford,Model_7316,Sport,26.6,41.2,53.6,23,38,Driver & Passenger,4601,2.5
Ford,Model_7317,Large,41.8,44.9,31.8,27,21,Driver & Passenger,5376,4.3
Nissan,Model_7318,SUV,30.7,11.5,19.0,21,21,Driver & Passenger,5095,2.9
Nissan,Model_7319,Midsize,9.9,36.4,34.3,18,32,Driver & Passenger,5035,2.0
Mercedes-Benz,Model_7320,Sport,12.6,45.2,52.9,21,46,Driver & Passenger,5994,2.7
Audi,Model_7321,SUV,36.0,26.9,14.3,15,38,None,6125,2.6
Subaru,Model_7322,Compact,34.6,29.5,51.5,29,20,Driver & Passenger,5297,2.0
Ford,Model_7323,SUV,14.1,26.3,48.0,29,47,None,5127,1.5
Volkswagen,Model_7324,Small,10.7,24.2,15.4,32,45,Driver & Passenger,6441,4.4
Lexus,Model_7325,Small,29.6,32.1,45.7,29,42,Driver & Passenger,4284,3.1
Mercedes-Benz,Model_7326,Sport,31.7,17.5,27.8,17,34,Driver only,5709,2.0
Audi,Model_7327,Midsize,13.4,29.8,21.4,19,21,None,5127,2.7
Nissan,Model_7328,Large,25.8,52.4,32.4,19,47,Driver & Passenger,4727,3.4
Lexus,Model_7329,Compact,19.7,11.2,22.9,30,35,None,5553,3.9
BMW,Model_7330,Sport,42.5,17.4,55.7,37,41,Driver only,5951,3.5
Mazda,Model_7331,Compact,16.5,45.0,51.3,24,47,None,6021,1.9
Kia,Model_7332,Small,35.3,15.9,64.0,36,33,Driver & Passenger,6412,1.4
Mercedes-Benz,Model_7333,Van,27.4,22.2,40.3,37,25,None,5555,1.3
Lexus,Model_7334,Van,8.9,30.5,16.7,27,30,Driver & Passenger,4584,1.4
Subaru,Model_7335,Large,27.4,52.4,31.5,29,33,Driver & Passenger,5377,2.4
Honda,Model_7336,Compact,12.1,18.3,56.4,22,39,Driver & Passenger,4162,2.4
Mercedes-Benz,Model_7337,Sport,32.6,51.5,33.0,34,23,Driver & Passenger,5399,4.9
Audi,Model_7338,Large,29.1,42.3,36.2,21,36,Driver & Passenger,5769,1.1
BMW,Model_7339,SUV,8.9,40.2,33.8,28,35,Driver & Passenger,6321,3.5
Kia,Model_7340,SUV,16.0,42.6,24.5,20,46,None,5940,3.0
Ford,Model_7341,Midsize,36.8,11.4,15.9,22,25,Driver & Passenger,4666,1.6
Hyundai,Model_7342,Van,18.6,14.5,21.6,29,27,Driver & Passenger,4734,4.8
Mazda,Model_7343,Sport,26.7,25.1,31.3,31,32,Driver & Passenger,5947,4.2
Kia,Model_7344,Compact,19.9,13.3,25.0,19,45,Driver only,5166,1.9
Hyundai,Model_7345,Large,42.1,54.4,42.4,26,23,None,6422,2.2
Nissan,Model_7346,Sport,28.1,36.1,44.5,27,35,Driver only,5827,1.8
Kia,Model_7347,Large,33.9,31.9,42.2,17,36,Driver & Passenger,5554,2.2
Honda,Model_7348,Large,11.5,45.3,16.5,33,23,Driver & Passenger,5890,1.9
BMW,Model_7349,Large,10.0,54.0,47.3,29,35,None,4735,2.0
Mazda,Model_7350,Compact,18.0,53.0,32.4,32,21,None,5068,3.1
Volkswagen,Model_7351,Sport,19.8,45.7,58.5,35,39,Driver & Passenger,5126,2.4
Hyundai,Model_7352,Small,33.6,27.0,39.9,34,43,Driver only,5017,3.0
Chevrolet,Model_7353,Small,29.3,13.0,16.5,21,32,Driver only,6299,1.1
Kia,Model_7354,Compact,22.2,14.4,12.5,28,22,Driver only,5867,4.0
Volkswagen,Model_7355,SUV,32.4,10.1,49.2,34,47,Driver & Passenger,5180,4.7
Volkswagen,Model_7356,Compact,14.5,10.1,33.2,33,40,Driver & Passenger,5039,5.0
Toyota,Model_7357,Van,10.8,52.1,27.3,25,29,Driver & Passenger,5173,1.8
Honda,Model_7358,Large,39.7,51.7,35.7,21,46,Driver only,6375,2.5
Hyundai,Model_7359,Sport,29.1,40.0,15.8,25,37,None,5531,4.9
Honda,Model_7360,Sport,32.2,42.7,32.8,22,44,Driver & Passenger,4072,1.8
Toyota,Model_7361,Midsize,19.7,33.1,28.7,24,22,Driver only,6043,3.2
Hyundai,Model_7362,Midsize,22.1,20.7,54.4,25,20,Driver & Passenger,5122,4.2
Chevrolet,Model_7363,Small,11.5,51.1,21.3,15,42,Driver only,4394,1.1
Nissan,Model_7364,Midsize,39.8,22.5,52.1,34,30,None,5234,1.4
BMW,Model_7365,Midsize,30.1,43.3,38.5,24,24,Driver & Passenger,4862,1.8
Mazda,Model_7366,Small,11.6,21.0,16.3,21,44,Driver & Passenger,6484,2.8
BMW,Model_7367,Van,37.9,49.2,63.4,36,22,Driver & Passenger,4858,1.1
Chevrolet,Model_7368,SUV,24.7,39.3,50.9,17,30,Driver & Passenger,4198,2.7
BMW,Model_7369,Small,36.4,38.9,25.8,33,20,Driver & Passenger,4355,1.6
Toyota,Model_7370,SUV,9.0,14.4,42.8,18,34,Driver & Passenger,5856,4.4
Honda,Model_7371,Midsize,9.5,28.9,59.7,20,26,Driver & Passenger,4569,2.9
BMW,Model_7372,Sport,14.7,33.6,61.3,15,43,Driver only,5818,1.3
Audi,Model_7373,Midsize,16.2,23.2,50.8,18,46,None,5907,2.9
Volkswagen,Model_7374,Large,36.4,49.6,50.6,21,21,Driver & Passenger,5010,2.9
Mercedes-Benz,Model_7375,SUV,34.3,47.7,26.7,25,34,Driver only,6375,2.2
Volkswagen,Model_7376,SUV,31.0,32.2,64.5,20,37,Driver only,5484,2.5
Kia,Model_7377,Large,40.8,25.3,24.9,19,44,Driver & Passenger,5568,4.9
Chevrolet,Model_7378,Large,17.5,46.1,16.7,26,23,Driver only,4625,2.0
Hyundai,Model_7379,Van,41.5,18.9,63.8,16,20,None,5217,3.7
Subaru,Model_7380,Compact,41.7,13.2,20.1,32,28,Driver & Passenger,5484,3.6
Subaru,Model_7381,Large,24.4,12.1,39.6,36,28,Driver only,5305,2.7
Audi,Model_7382,SUV,11.9,11.7,36.8,23,41,Driver only,4566,4.7
Lexus,Model_7383,Sport,35.0,32.0,57.0,28,25,Driver & Passenger,6414,4.1
Toyota,Model_7384,SUV,20.8,21.5,33.0,26,33,None,4179,1.1
Ford,Model_7385,SUV,37.5,41.1,38.6,23,28,None,4392,2.9
Toyota,Model_7386,Van,14.5,39.4,14.3,15,21,Driver only,5276,1.5
Volkswagen,Model_7387,Compact,28.2,34.4,23.0,21,28,Driver only,5158,2.1
Hyundai,Model_7388,Compact,27.0,25.9,56.1,21,32,Driver & Passenger,5336,2.0
Hyundai,Model_7389,Large,12.2,48.3,37.4,24,39,Driver only,4184,4.0
Audi,Model_7390,Midsize,21.8,41.9,24.2,16,39,None,4118,2.0
Kia,Model_7391,SUV,11.6,22.2,31.6,18,44,Driver & Passenger,6376,5.0
Chevrolet,Model_7392,Small,25.5,32.6,27.1,22,42,Driver & Passenger,4925,1.5
Mercedes-Benz,Model_7393,Midsize,39.3,17.0,41.5,36,31,None,5586,2.6
Hyundai,Model_7394,Midsize,18.4,24.8,14.7,28,29,Driver only,4879,3.0
Nissan,Model_7395,Compact,36.4,54.9,23.9,27,47,Driver & Passenger,4083,2.7
Hyundai,Model_7396,Compact,15.2,20.1,30.8,30,24,Driver & Passenger,5006,1.4
Honda,Model_7397,Van,33.1,41.4,61.2,21,43,Driver & Passenger,4437,1.9
Audi,Model_7398,Van,41.9,20.7,45.0,24,31,Driver & Passenger,4662,3.1
Lexus,Model_7399,Compact,20.3,52.2,38.7,25,20,None,5486,4.2
Hyundai,Model_7400,Sport,41.4,24.0,22.1,25,42,Driver & Passenger,5335,3.8
Subaru,Model_7401,Sport,26.9,25.6,41.6,20,23,None,6371,3.2
Ford,Model_7402,Small,20.1,36.7,61.2,26,32,None,4984,4.9
Mercedes-Benz,Model_7403,Compact,41.2,36.5,42.0,24,37,None,4189,4.0
Mazda,Model_7404,Large,9.7,36.1,20.7,23,21,Driver & Passenger,5650,4.5
Hyundai,Model_7405,Van,9.5,35.8,64.8,36,30,Driver & Passenger,4978,1.1
Hyundai,Model_7406,Compact,30.4,24.0,38.4,20,47,Driver & Passenger,4571,1.9
Kia,Model_7407,Sport,37.6,29.5,28.9,23,44,Driver & Passenger,4420,3.9
Lexus,Model_7408,Compact,35.9,36.7,38.7,17,41,Driver & Passenger,5320,2.1
Kia,Model_7409,Sport,11.4,40.2,26.0,21,46,Driver & Passenger,5758,2.4
Hyundai,Model_7410,Compact,43.2,21.4,13.6,17,23,None,5451,3.4
Lexus,Model_7411,SUV,34.2,41.6,59.1,34,37,Driver only,4802,3.2
Kia,Model_7412,Large,43.1,51.5,34.7,22,26,Driver & Passenger,5178,1.9
Lexus,Model_7413,Small,20.5,44.1,51.9,36,28,None,5223,4.5
Audi,Model_7414,SUV,33.8,13.8,63.5,36,21,Driver & Passenger,6326,3.5
Hyundai,Model_7415,Large,39.9,31.1,45.5,22,23,Driver & Passenger,6019,3.7
Hyundai,Model_7416,Sport,22.4,29.6,48.7,27,33,Driver & Passenger,4254,4.3
Hyundai,Model_7417,Van,43.7,25.1,62.0,16,36,Driver & Passenger,4463,1.4
Lexus,Model_7418,Van,18.2,32.1,39.4,28,20,Driver & Passenger,4504,2.9
Chevrolet,Model_7419,Midsize,20.0,29.8,29.0,19,22,Driver & Passenger,6249,1.3
Honda,Model_7420,Large,42.1,10.3,60.8,27,20,Driver & Passenger,4533,1.3
Ford,Model_7421,Compact,43.9,20.6,15.7,37,39,Driver & Passenger,5063,3.9
Kia,Model_7422,Small,18.9,19.6,23.4,27,41,Driver & Passenger,5153,4.2
Chevrolet,Model_7423,Compact,13.5,25.7,30.1,33,40,Driver & Passenger,5833,1.2
Volkswagen,Model_7424,Compact,36.2,17.9,53.5,17,44,Driver only,6219,4.4
Volkswagen,Model_7425,Large,42.4,13.1,59.9,28,32,Driver & Passenger,4230,2.1
Nissan,Model_7426,Small,30.4,18.8,35.9,18,33,Driver only,6284,3.6
Nissan,Model_7427,Midsize,31.7,48.4,27.2,24,31,Driver & Passenger,4594,3.7
BMW,Model_7428,SUV,36.3,45.9,30.7,20,30,Driver only,4009,3.8
Mercedes-Benz,Model_7429,Compact,14.1,29.9,46.8,20,37,Driver & Passenger,6131,3.3
Audi,Model_7430,Small,44.0,49.5,20.4,16,21,Driver only,5470,1.5
Audi,Model_7431,Midsize,21.8,20.5,41.0,16,47,Driver & Passenger,5925,1.4
Toyota,Model_7432,SUV,31.4,36.3,43.2,33,22,Driver & Passenger,4378,1.6
Lexus,Model_7433,Compact,25.6,16.4,49.5,17,23,Driver & Passenger,5681,4.7
Ford,Model_7434,Small,25.6,47.5,44.0,34,28,Driver & Passenger,5679,1.8
Subaru,Model_7435,SUV,34.2,15.9,17.1,18,30,Driver & Passenger,5894,1.6
Hyundai,Model_7436,Large,44.8,11.4,48.5,18,41,Driver only,4615,5.0
Kia,Model_7437,Van,32.6,22.3,13.2,25,44,Driver & Passenger,6087,1.0
Ford,Model_7438,Van,37.5,50.5,32.7,17,40,Driver & Passenger,5639,4.1
BMW,Model_7439,Compact,9.5,15.8,34.1,31,44,Driver & Passenger,5870,4.4
Volkswagen,Model_7440,Compact,38.1,24.9,18.2,23,28,Driver only,4709,3.6
Volkswagen,Model_7441,SUV,19.4,24.2,12.5,28,36,Driver & Passenger,6287,4.9
Toyota,Model_7442,Small,13.1,46.1,15.8,16,34,Driver & Passenger,5987,2.3
Chevrolet,Model_7443,Van,12.6,29.0,35.7,28,28,Driver only,5503,1.4
Ford,Model_7444,Compact,33.3,37.5,24.7,17,26,Driver only,4561,2.0
Chevrolet,Model_7445,Midsize,44.9,28.2,15.7,16,46,Driver & Passenger,6204,1.4
Nissan,Model_7446,Compact,32.8,34.8,25.6,36,27,Driver only,5670,2.9
Volkswagen,Model_7447,Van,18.1,12.8,40.0,36,22,Driver only,5191,4.9
Kia,Model_7448,Sport,15.9,26.8,51.3,15,20,Driver & Passenger,4518,3.1
BMW,Model_7449,Van,27.7,48.5,33.8,18,23,Driver & Passenger,4975,2.3
Hyundai,Model_7450,Midsize,10.9,41.1,44.5,24,36,Driver only,5648,4.6
Subaru,Model_7451,Small,23.1,54.2,43.6,29,20,Driver & Passenger,4586,3.5
Volkswagen,Model_7452,Midsize,32.8,45.5,59.5,35,23,Driver only,6234,4.7
Hyundai,Model_7453,Sport,43.8,30.3,21.5,26,27,Driver & Passenger,5585,4.9
Hyundai,Model_7454,Sport,24.0,40.4,37.3,20,47,Driver & Passenger,4029,4.7
Kia,Model_7455,Compact,15.8,44.9,45.5,35,36,Driver & Passenger,6451,3.8
Subaru,Model_7456,Compact,38.3,22.1,39.5,17,45,None,4989,3.0
Subaru,Model_7457,Van,35.7,12.7,35.9,17,45,None,5090,2.2
Mercedes-Benz,Model_7458,Large,39.9,28.3,63.6,33,31,Driver only,4572,4.8
Honda,Model_7459,Midsize,16.3,16.5,61.9,36,44,Driver & Passenger,5323,3.2
Audi,Model_7460,Van,23.3,22.5,44.4,34,41,None,5591,5.0
BMW,Model_7461,Large,44.3,52.6,35.3,18,35,Driver & Passenger,4078,4.7
Ford,Model_7462,Van,14.3,48.1,52.0,33,24,Driver only,4955,2.5
Kia,Model_7463,Sport,33.0,36.7,39.2,28,44,Driver & Passenger,4845,4.5
Volkswagen,Model_7464,Compact,17.2,28.1,64.8,18,44,Driver & Passenger,5831,3.1
Volkswagen,Model_7465,Compact,26.8,21.9,48.4,22,44,None,6062,4.0
Volkswagen,Model_7466,Van,37.7,35.7,15.6,33,32,Driver & Passenger,5628,2.9
Hyundai,Model_7467,Compact,26.3,34.0,33.3,33,32,Driver only,5716,5.0
Hyundai,Model_7468,Small,37.9,45.1,50.7,36,31,Driver only,5505,2.6
Mazda,Model_7469,Van,24.1,51.8,56.6,15,22,Driver & Passenger,6018,1.4
Audi,Model_7470,Sport,45.0,24.8,55.1,36,47,Driver & Passenger,5992,4.4
Hyundai,Model_7471,SUV,24.4,19.3,63.8,29,31,Driver & Passenger,5002,4.0
Hyundai,Model_7472,Van,14.0,28.1,37.9,25,43,None,4859,1.5
Audi,Model_7473,Van,23.2,29.7,19.4,23,45,None,5309,3.0
Lexus,Model_7474,Compact,35.6,11.8,46.6,17,39,Driver & Passenger,4746,3.7
Hyundai,Model_7475,Sport,39.4,48.8,15.7,32,39,Driver & Passenger,4648,2.6
Mazda,Model_7476,Van,25.3,54.8,63.6,33,47,Driver only,4213,4.6
Subaru,Model_7477,Compact,30.2,51.5,52.2,30,42,Driver & Passenger,4787,4.8
Subaru,Model_7478,Midsize,39.3,48.7,64.1,30,43,Driver only,6109,4.5
Mercedes-Benz,Model_7479,Sport,38.2,54.7,32.0,17,39,Driver only,6099,3.1
Lexus,Model_7480,Large,32.5,50.9,12.8,32,30,Driver only,4298,2.8
Volkswagen,Model_7481,Small,38.2,41.0,39.6,27,29,Driver & Passenger,4607,3.3
Toyota,Model_7482,Large,29.5,17.5,18.4,34,35,Driver & Passenger,4649,3.1
Hyundai,Model_7483,SUV,8.7,17.0,48.0,22,25,Driver & Passenger,4321,1.4
Mercedes-Benz,Model_7484,Sport,10.0,12.2,38.4,21,36,None,6374,4.2
Toyota,Model_7485,Van,44.3,28.5,51.9,37,32,None,5984,4.8
Mazda,Model_7486,Compact,13.8,46.4,27.4,36,37,None,4612,3.0
Honda,Model_7487,SUV,23.3,32.1,55.9,33,31,Driver & Passenger,4014,1.2
Nissan,Model_7488,Sport,42.6,26.5,46.5,34,24,Driver & Passenger,6378,2.3
Mazda,Model_7489,Small,15.6,14.9,64.3,26,39,Driver only,5329,1.5
Nissan,Model_7490,Sport,39.3,12.3,21.5,32,35,Driver & Passenger,4059,4.9
Kia,Model_7491,SUV,38.4,28.0,14.7,29,22,Driver & Passenger,6336,1.5
Honda,Model_7492,Compact,44.5,14.5,57.1,26,35,Driver & Passenger,5701,1.3
Subaru,Model_7493,Large,18.8,14.7,29.9,20,30,None,4467,3.1
BMW,Model_7494,Midsize,20.0,27.8,34.9,31,33,Driver & Passenger,6425,1.3
Mercedes-Benz,Model_7495,Large,41.5,32.6,61.1,37,41,Driver & Passenger,4191,3.5
Hyundai,Model_7496,Compact,17.0,18.4,35.4,18,45,Driver only,6441,4.5
Subaru,Model_7497,SUV,28.5,40.8,27.8,26,41,Driver only,6399,2.0
Nissan,Model_7498,Compact,34.3,28.8,15.2,31,32,Driver & Passenger,4611,4.7
Lexus,Model_7499,Small,18.4,14.1,35.5,35,30,Driver & Passenger,4314,3.6
Audi,Model_7500,Sport,42.8,38.7,46.7,19,33,Driver & Passenger,4216,1.7
Lexus,Model_7501,Sport,32.8,26.1,26.3,20,29,None,4008,3.6
Kia,Model_7502,Large,10.2,12.4,50.0,29,43,Driver & Passenger,4944,1.3
Audi,Model_7503,SUV,13.5,52.7,37.3,22,37,Driver only,5468,2.4
Mercedes-Benz,Model_7504,Midsize,15.5,35.7,57.5,34,26,None,6128,1.1
Honda,Model_7505,Midsize,17.4,31.5,20.6,30,42,Driver & Passenger,5741,2.8
Subaru,Model_7506,Small,35.2,48.7,52.1,27,37,Driver & Passenger,4428,4.3
Mercedes-Benz,Model_7507,Compact,11.7,52.2,61.4,37,41,Driver & Passenger,4369,3.8
Nissan,Model_7508,Small,21.3,19.9,51.3,29,40,Driver only,4360,1.8
Mercedes-Benz,Model_7509,Sport,41.8,46.5,33.5,34,21,Driver only,5553,1.7
Chevrolet,Model_7510,Van,28.8,47.4,24.2,27,44,Driver & Passenger,6225,3.8
Hyundai,Model_7511,Van,18.2,12.4,17.2,29,27,Driver & Passenger,4653,3.7
Honda,Model_7512,Van,43.4,42.0,46.0,16,42,None,4649,1.6
Hyundai,Model_7513,Compact,17.4,12.8,19.6,35,34,Driver & Passenger,6437,3.7
Lexus,Model_7514,Small,41.5,36.8,56.4,34,25,None,4770,4.1
Honda,Model_7515,SUV,35.0,40.1,62.9,32,40,Driver & Passenger,5648,4.1
Chevrolet,Model_7516,Large,35.5,26.5,19.2,21,32,Driver & Passenger,4385,2.6
Mercedes-Benz,Model_7517,Sport,36.4,49.6,31.9,35,44,None,5124,4.3
Kia,Model_7518,Van,27.0,46.0,61.7,23,24,Driver & Passenger,4140,2.6
Nissan,Model_7519,SUV,38.2,51.7,36.9,21,41,Driver & Passenger,4543,3.6
Nissan,Model_7520,Midsize,39.0,24.2,40.4,23,22,Driver & Passenger,4920,4.0
Volkswagen,Model_7521,Small,21.7,11.0,51.6,26,44,Driver & Passenger,5445,4.0
Audi,Model_7522,Sport,23.1,46.5,23.2,24,34,Driver & Passenger,5892,2.4
Honda,Model_7523,Sport,40.9,20.0,63.9,24,46,Driver & Passenger,4913,3.3
Mercedes-Benz,Model_7524,Midsize,27.7,31.0,53.4,27,43,Driver & Passenger,4137,3.5
Honda,Model_7525,Midsize,40.1,46.8,20.6,19,28,Driver only,5746,1.9
Hyundai,Model_7526,Midsize,31.4,19.7,17.9,36,36,Driver & Passenger,5951,1.0
BMW,Model_7527,Van,30.2,24.0,61.6,22,36,Driver only,4650,1.4
Hyundai,Model_7528,Van,9.6,29.8,48.3,24,32,Driver & Passenger,4597,1.1
Honda,Model_7529,Small,18.6,22.2,14.0,20,37,Driver & Passenger,6205,2.2
Ford,Model_7530,Midsize,26.8,30.8,19.5,25,39,None,5536,2.3
BMW,Model_7531,Large,29.9,10.4,14.5,18,45,Driver & Passenger,6053,4.5
Ford,Model_7532,Sport,31.5,19.5,63.6,16,24,Driver & Passenger,6105,1.5
Nissan,Model_7533,Midsize,34.6,47.5,38.4,20,32,Driver only,4998,1.7
BMW,Model_7534,Sport,32.5,28.6,36.5,27,26,Driver only,5230,3.5
Honda,Model_7535,Compact,39.5,38.6,62.7,26,23,Driver & Passenger,5630,2.9
Lexus,Model_7536,SUV,19.3,20.5,38.7,28,32,Driver & Passenger,5279,5.0
Mercedes-Benz,Model_7537,Compact,31.9,39.2,39.4,22,36,Driver & Passenger,4891,4.0
Chevrolet,Model_7538,Midsize,10.4,55.0,64.2,17,27,None,6194,2.1
Audi,Model_7539,Sport,26.0,36.8,17.9,19,46,None,4956,3.9
Ford,Model_7540,SUV,18.3,38.3,64.2,36,22,Driver & Passenger,4829,1.9
Mercedes-Benz,Model_7541,Compact,22.4,15.0,20.8,21,44,Driver & Passenger,4981,3.7
Volkswagen,Model_7542,Midsize,21.4,28.2,37.1,32,35,Driver & Passenger,5242,1.1
Lexus,Model_7543,Sport,10.7,48.7,29.9,20,21,Driver only,5540,1.8
BMW,Model_7544,Midsize,25.5,47.5,62.6,32,46,Driver & Passenger,5151,1.4
Mercedes-Benz,Model_7545,Van,44.8,33.5,37.7,22,20,Driver & Passenger,4802,2.7
Honda,Model_7546,Sport,19.4,50.7,13.2,21,45,Driver & Passenger,6403,3.2
BMW,Model_7547,Compact,35.4,16.4,23.7,16,27,Driver & Passenger,5659,2.0
Honda,Model_7548,Midsize,28.5,39.6,34.8,18,22,Driver only,4726,4.9
Honda,Model_7549,Compact,20.4,21.2,47.8,37,36,None,5795,2.6
Hyundai,Model_7550,Midsize,11.8,39.1,41.8,23,46,Driver only,5468,3.2
Honda,Model_7551,Small,16.4,13.9,57.0,30,38,Driver & Passenger,5281,2.9
Hyundai,Model_7552,Compact,37.0,52.5,55.9,33,43,Driver & Passenger,4100,4.5
Audi,Model_7553,Compact,18.7,45.4,43.3,24,35,Driver only,4162,2.5
Chevrolet,Model_7554,Large,13.8,19.0,42.3,22,46,None,5027,4.8
Chevrolet,Model_7555,SUV,20.6,38.7,26.7,30,39,Driver & Passenger,5467,4.2
BMW,Model_7556,Van,29.8,44.2,62.8,22,29,Driver & Passenger,5583,1.3
BMW,Model_7557,Compact,34.2,19.4,16.1,34,46,Driver only,5399,4.5
Honda,Model_7558,Sport,22.6,14.2,33.0,18,42,Driver & Passenger,5539,1.7
Hyundai,Model_7559,SUV,26.7,25.8,47.0,37,43,Driver only,5733,1.2
Hyundai,Model_7560,Midsize,25.1,16.1,62.1,34,34,Driver only,5283,1.9
Hyundai,Model_7561,Small,8.8,35.5,38.6,27,26,Driver only,6389,1.3
Honda,Model_7562,Sport,22.9,29.1,59.5,24,35,Driver only,4980,3.5
Hyundai,Model_7563,SUV,29.9,30.8,17.6,37,36,Driver & Passenger,5995,2.8
Honda,Model_7564,Sport,29.3,34.4,40.2,23,39,Driver & Passenger,4237,2.9
Ford,Model_7565,Sport,35.9,54.2,28.8,26,32,None,4844,3.5
Ford,Model_7566,Sport,33.0,45.7,54.2,29,29,Driver & Passenger,6026,3.0
Nissan,Model_7567,SUV,18.6,38.3,35.6,36,28,Driver only,5514,5.0
Honda,Model_7568,Small,17.8,26.4,37.2,15,26,Driver only,5184,3.5
Audi,Model_7569,Large,25.4,11.2,15.4,26,31,None,4844,3.3
Lexus,Model_7570,Van,35.3,15.2,35.2,28,20,Driver & Passenger,5151,2.7
Volkswagen,Model_7571,Compact,11.9,42.9,16.3,36,43,Driver & Passenger,4439,2.8
Nissan,Model_7572,SUV,43.1,26.6,27.9,37,35,Driver & Passenger,5304,5.0
BMW,Model_7573,Sport,28.3,25.0,18.7,16,23,Driver & Passenger,5010,1.0
Kia,Model_7574,Compact,19.7,50.0,29.7,17,33,None,6210,1.6
Honda,Model_7575,SUV,33.8,31.8,24.1,20,47,Driver only,5352,2.4
Mercedes-Benz,Model_7576,Compact,10.1,50.5,27.1,33,42,Driver & Passenger,5629,4.6
Subaru,Model_7577,Sport,26.2,49.9,19.9,35,41,Driver & Passenger,6470,4.8
Ford,Model_7578,Large,26.2,13.6,35.3,27,42,Driver & Passenger,6070,1.2
Mercedes-Benz,Model_7579,SUV,14.4,52.5,38.4,34,45,Driver & Passenger,4394,1.6
Kia,Model_7580,Compact,39.1,13.5,56.3,35,45,Driver & Passenger,5966,4.5
Hyundai,Model_7581,Midsize,37.6,53.4,40.6,22,36,None,6290,2.1
Kia,Model_7582,Compact,14.1,30.4,24.1,18,31,Driver only,5442,2.6
Hyundai,Model_7583,Van,21.8,44.2,51.0,33,34,Driver & Passenger,5313,1.0
Audi,Model_7584,Sport,12.2,41.8,27.8,21,41,None,6176,3.0
Honda,Model_7585,Small,39.5,33.3,52.1,21,31,Driver & Passenger,5272,4.5
Chevrolet,Model_7586,Compact,20.3,37.9,32.5,15,22,Driver & Passenger,5183,2.5
Kia,Model_7587,Large,24.5,52.7,39.2,33,29,None,5923,4.5
Lexus,Model_7588,Midsize,20.3,51.7,38.7,31,39,Driver & Passenger,5355,2.4
Hyundai,Model_7589,Midsize,19.8,39.4,62.6,22,36,None,5264,3.6
Chevrolet,Model_7590,Small,35.8,39.6,20.1,35,33,Driver & Passenger,4930,2.2
Hyundai,Model_7591,Van,35.8,21.1,61.7,29,32,None,5492,3.1
Nissan,Model_7592,Small,27.4,47.3,41.8,34,32,Driver & Passenger,4412,4.3
Mercedes-Benz,Model_7593,Van,32.5,38.5,64.7,33,45,Driver only,4112,4.4
Hyundai,Model_7594,Compact,27.2,47.2,42.4,21,27,Driver & Passenger,6203,1.3
Chevrolet,Model_7595,Sport,9.5,39.6,46.8,27,33,Driver & Passenger,4424,4.7
Hyundai,Model_7596,Large,10.9,23.5,51.7,15,21,Driver & Passenger,6064,3.1
Nissan,Model_7597,Midsize,22.5,18.5,55.6,21,38,Driver & Passenger,4645,1.9
Ford,Model_7598,Small,35.9,13.5,37.3,19,42,Driver & Passenger,5963,4.3
Volkswagen,Model_7599,Large,41.8,36.4,48.0,32,21,Driver & Passenger,5175,3.5
Honda,Model_7600,Van,9.6,22.8,44.6,22,31,Driver & Passenger,5077,3.0
Kia,Model_7601,Sport,21.9,38.4,33.6,29,39,None,4872,4.2
Ford,Model_7602,Midsize,16.7,12.6,55.5,32,31,Driver & Passenger,6394,1.8
Ford,Model_7603,Midsize,38.3,26.9,22.2,20,42,None,5288,3.3
Subaru,Model_7604,Van,39.4,21.7,20.9,19,47,Driver only,4820,4.8
Mazda,Model_7605,Sport,16.0,26.7,51.0,36,38,Driver only,4635,3.5
Toyota,Model_7606,Midsize,34.4,12.4,45.8,25,35,Driver & Passenger,4001,3.4
Lexus,Model_7607,Sport,35.2,42.6,28.8,22,21,Driver only,4403,1.1
Audi,Model_7608,Midsize,15.0,15.3,45.7,23,27,Driver & Passenger,4887,1.7
Nissan,Model_7609,Compact,24.3,10.6,52.8,27,21,None,4873,3.4
Hyundai,Model_7610,Van,31.1,52.6,23.5,17,29,Driver only,5292,3.8
Volkswagen,Model_7611,Sport,9.5,18.7,42.8,17,35,Driver & Passenger,5171,4.6
Mazda,Model_7612,Large,23.3,47.3,55.7,21,26,Driver & Passenger,5157,4.5
Toyota,Model_7613,Compact,14.2,53.4,33.8,17,46,None,4199,2.4
Volkswagen,Model_7614,SUV,28.3,34.0,42.3,25,38,Driver & Passenger,5629,3.8
Audi,Model_7615,Large,39.3,33.7,16.2,28,39,Driver & Passenger,5955,2.9
Nissan,Model_7616,Van,27.7,26.5,56.0,35,41,Driver & Passenger,5187,2.9
Honda,Model_7617,Midsize,9.8,29.2,54.2,24,46,Driver only,6178,4.8
Audi,Model_7618,SUV,9.6,31.7,36.2,34,22,Driver & Passenger,4346,3.9
Kia,Model_7619,Large,30.6,16.8,18.3,23,36,None,4221,4.9
Hyundai,Model_7620,Compact,20.5,26.4,47.0,26,47,Driver & Passenger,6087,4.1
Ford,Model_7621,SUV,29.4,46.7,42.4,22,27,Driver only,4421,3.9
Subaru,Model_7622,SUV,14.5,18.2,60.7,26,23,None,4979,2.7
Hyundai,Model_7623,Sport,36.9,42.8,26.8,23,20,Driver & Passenger,6092,1.4
Toyota,Model_7624,Small,39.9,39.3,13.7,36,37,Driver & Passenger,4189,3.5
Toyota,Model_7625,Large,41.0,12.6,25.5,32,41,Driver & Passenger,5748,2.9
Volkswagen,Model_7626,Small,19.6,11.0,34.7,31,20,None,5233,3.4
Subaru,Model_7627,Van,32.6,25.9,20.2,25,28,Driver & Passenger,5601,2.1
Toyota,Model_7628,Large,18.7,41.1,63.9,35,33,Driver & Passenger,6071,1.8
Hyundai,Model_7629,Large,36.3,24.9,23.8,16,26,Driver & Passenger,5360,2.1
Subaru,Model_7630,Sport,12.9,40.0,47.9,37,27,Driver only,6030,3.6
Nissan,Model_7631,Midsize,36.3,39.9,36.1,35,27,Driver only,4641,4.8
Kia,Model_7632,Compact,24.6,46.3,41.4,33,41,Driver & Passenger,4537,5.0
Audi,Model_7633,Compact,39.7,14.5,61.4,28,43,Driver & Passenger,4996,4.2
Ford,Model_7634,Compact,35.5,36.0,40.2,37,42,Driver & Passenger,4778,4.8
Kia,Model_7635,Van,22.2,12.8,28.2,17,20,Driver & Passenger,4413,2.1
Mazda,Model_7636,SUV,41.5,17.9,23.7,20,22,None,4346,1.0
Honda,Model_7637,Midsize,18.8,24.6,59.3,18,28,None,6154,1.8
Subaru,Model_7638,Small,43.8,41.8,64.3,26,27,Driver & Passenger,5222,3.5
Chevrolet,Model_7639,Compact,36.5,53.8,25.3,16,24,Driver & Passenger,5087,4.6
Kia,Model_7640,Small,44.7,25.4,50.3,20,20,Driver only,4605,4.7
Volkswagen,Model_7641,Midsize,10.5,33.5,38.8,19,21,None,4386,4.3
Mazda,Model_7642,Van,18.5,21.7,49.0,19,29,Driver only,6430,4.0
Ford,Model_7643,Midsize,35.6,40.4,63.1,22,33,Driver & Passenger,4157,2.2
Volkswagen,Model_7644,Sport,42.2,26.5,26.6,19,34,None,6148,1.4
Volkswagen,Model_7645,SUV,9.6,31.7,51.2,22,29,Driver only,4476,3.1
Mercedes-Benz,Model_7646,Compact,8.5,35.6,35.2,15,28,Driver only,5685,2.3
Chevrolet,Model_7647,Van,17.9,40.9,46.6,34,31,Driver & Passenger,5274,1.5
Subaru,Model_7648,Sport,39.6,12.7,33.6,23,29,None,4228,2.8
Chevrolet,Model_7649,Compact,36.5,35.0,49.5,28,43,Driver only,4593,3.1
Kia,Model_7650,Midsize,20.9,29.4,29.9,16,28,None,5511,4.1
Volkswagen,Model_7651,Midsize,8.6,16.0,37.9,25,37,Driver only,5505,4.2
Toyota,Model_7652,Large,28.7,19.4,49.6,18,38,Driver & Passenger,5723,2.9
BMW,Model_7653,Large,17.2,49.8,14.3,18,38,Driver & Passenger,4549,4.7
Ford,Model_7654,Midsize,35.7,49.2,29.4,31,36,Driver & Passenger,6433,4.2
Toyota,Model_7655,Midsize,24.8,11.5,40.9,30,21,None,4019,2.7
Ford,Model_7656,Small,33.3,41.0,15.9,21,29,Driver & Passenger,4205,2.4
Subaru,Model_7657,SUV,39.6,34.9,49.3,26,24,Driver & Passenger,5544,2.3
BMW,Model_7658,Small,28.1,52.3,55.1,31,26,None,4397,2.9
Lexus,Model_7659,SUV,20.8,50.9,20.7,19,25,Driver only,5802,2.3
Honda,Model_7660,Sport,36.6,36.1,50.9,22,21,Driver only,4505,2.9
BMW,Model_7661,Large,18.2,16.3,46.2,34,27,Driver & Passenger,4265,3.3
Subaru,Model_7662,Large,41.0,30.7,33.8,19,23,Driver & Passenger,6013,1.7
Hyundai,Model_7663,Midsize,11.1,42.6,20.7,25,46,Driver & Passenger,5222,4.2
Mercedes-Benz,Model_7664,Midsize,39.0,52.8,62.6,33,37,Driver only,5336,1.5
Kia,Model_7665,Sport,11.8,26.4,36.6,35,23,Driver only,5029,2.6
Subaru,Model_7666,Van,10.5,45.3,21.7,33,27,Driver & Passenger,5292,1.7
Kia,Model_7667,Van,21.8,40.8,50.1,18,36,Driver & Passenger,5403,2.2
Mazda,Model_7668,Van,43.4,13.5,44.2,25,46,Driver & Passenger,5143,2.8
Toyota,Model_7669,Large,44.4,35.1,55.3,33,44,Driver & Passenger,4537,4.0
Mercedes-Benz,Model_7670,Small,15.9,18.3,64.8,19,33,Driver & Passenger,4951,3.5
Mazda,Model_7671,Van,13.9,40.8,14.4,16,27,Driver only,4450,2.4
Hyundai,Model_7672,Compact,21.4,37.5,51.2,33,33,Driver & Passenger,5418,3.4
BMW,Model_7673,Sport,20.8,53.8,64.4,31,27,Driver & Passenger,6003,2.2
Kia,Model_7674,Van,36.2,52.1,40.5,35,45,Driver & Passenger,6489,4.4
Hyundai,Model_7675,Compact,24.7,10.4,49.9,34,44,Driver & Passenger,5258,2.9
Nissan,Model_7676,Van,37.0,13.6,35.4,32,33,None,6416,3.9
BMW,Model_7677,Small,35.8,44.6,30.9,29,42,Driver & Passenger,4404,2.2
Mercedes-Benz,Model_7678,Small,29.6,40.9,48.9,30,30,Driver & Passenger,5119,3.7
BMW,Model_7679,Van,38.9,46.0,64.4,26,28,Driver only,5522,4.7
Hyundai,Model_7680,Compact,15.6,22.0,16.9,22,36,None,5577,1.4
Honda,Model_7681,Sport,14.4,48.2,34.4,20,36,Driver & Passenger,5711,3.4
Ford,Model_7682,Compact,35.9,29.9,61.9,32,31,Driver & Passenger,5139,3.0
Volkswagen,Model_7683,Sport,17.4,21.8,18.0,25,39,None,4350,3.2
Volkswagen,Model_7684,Van,8.6,10.5,46.5,20,21,Driver & Passenger,4670,1.8
Hyundai,Model_7685,Sport,41.8,49.2,34.8,31,43,Driver & Passenger,5661,1.1
Ford,Model_7686,Midsize,31.2,34.1,32.0,24,36,Driver & Passenger,4384,1.3
Kia,Model_7687,Large,24.7,53.9,23.1,33,39,Driver & Passenger,6395,2.1
Hyundai,Model_7688,SUV,35.0,42.2,21.3,29,30,Driver & Passenger,5622,4.4
Ford,Model_7689,Large,20.7,13.6,39.4,30,46,Driver & Passenger,5651,4.2
Subaru,Model_7690,Small,43.3,36.5,32.0,37,28,Driver & Passenger,4847,5.0
Mazda,Model_7691,Midsize,11.0,10.8,38.1,31,37,None,4202,4.0
Hyundai,Model_7692,Large,31.9,35.1,22.4,36,25,Driver & Passenger,4035,2.4
Subaru,Model_7693,Van,36.9,25.8,30.6,21,23,Driver & Passenger,4698,4.7
Kia,Model_7694,Sport,25.6,38.9,64.8,33,33,Driver only,4572,4.2
Hyundai,Model_7695,Sport,36.1,34.4,31.5,22,47,Driver & Passenger,6379,3.8
Kia,Model_7696,Compact,42.3,21.8,33.9,22,39,Driver & Passenger,5757,3.1
Hyundai,Model_7697,Compact,35.7,17.3,13.1,19,41,None,4118,3.9
Ford,Model_7698,Sport,19.8,28.2,32.2,25,29,None,5328,4.8
Honda,Model_7699,Van,29.0,54.4,52.5,16,23,Driver only,5832,4.4
Audi,Model_7700,Sport,41.8,29.6,39.3,32,34,Driver only,5211,1.8
Subaru,Model_7701,Compact,24.9,43.7,46.8,35,28,None,5223,1.4
Ford,Model_7702,Large,33.4,12.6,41.5,18,31,Driver only,5223,1.1
Toyota,Model_7703,Small,25.5,27.0,17.6,26,47,None,5912,3.9
Chevrolet,Model_7704,Compact,12.9,36.1,29.6,18,27,Driver only,4039,2.1
Subaru,Model_7705,Van,10.6,43.8,48.8,19,43,Driver only,5613,3.9
Honda,Model_7706,Large,43.3,33.8,41.0,31,24,None,5637,1.7
Mazda,Model_7707,Large,30.9,33.2,47.8,37,35,None,5481,2.7
BMW,Model_7708,Large,12.3,44.4,31.1,33,41,Driver only,4244,1.1
Volkswagen,Model_7709,Midsize,39.8,24.1,22.3,24,34,Driver & Passenger,4169,1.4
Ford,Model_7710,Midsize,27.6,14.1,56.0,28,36,Driver & Passenger,5895,1.3
Hyundai,Model_7711,SUV,36.7,25.6,31.9,29,20,Driver & Passenger,5273,4.2
Hyundai,Model_7712,Large,13.1,17.2,46.7,28,44,Driver & Passenger,4482,4.6
Lexus,Model_7713,Van,41.6,53.5,32.2,30,31,Driver & Passenger,4419,1.7
Ford,Model_7714,Sport,30.1,36.0,61.1,22,39,Driver & Passenger,4650,3.1
Mercedes-Benz,Model_7715,Van,35.4,30.1,64.6,23,38,Driver only,6124,1.6
Hyundai,Model_7716,Midsize,9.6,51.0,46.4,22,24,Driver only,4034,4.1
Subaru,Model_7717,Compact,20.0,50.5,43.9,25,34,Driver & Passenger,5524,4.3
Nissan,Model_7718,SUV,18.3,28.7,56.6,26,28,None,5876,4.1
Subaru,Model_7719,Midsize,43.2,49.4,39.4,28,44,Driver only,4292,2.0
Honda,Model_7720,Sport,15.3,12.9,58.1,32,22,None,4139,2.4
Mercedes-Benz,Model_7721,Small,34.3,49.9,33.9,37,31,Driver & Passenger,5457,1.8
Audi,Model_7722,SUV,10.1,24.0,13.7,26,42,Driver & Passenger,4830,1.0
Mazda,Model_7723,Midsize,15.7,35.4,61.1,18,38,Driver & Passenger,6422,1.3
Nissan,Model_7724,Van,20.9,22.1,50.2,27,34,Driver only,4503,4.9
Kia,Model_7725,SUV,37.5,54.3,39.1,35,22,Driver & Passenger,4102,4.7
Lexus,Model_7726,Van,37.3,13.2,62.1,30,39,None,5538,1.3
Lexus,Model_7727,Large,43.3,30.1,59.0,24,37,Driver only,4708,2.8
Nissan,Model_7728,Large,42.0,37.9,17.7,35,41,Driver & Passenger,5846,4.9
Ford,Model_7729,Large,11.5,37.7,45.1,25,35,Driver & Passenger,5931,1.2
Mazda,Model_7730,SUV,38.8,43.2,40.5,26,34,None,5997,3.7
Lexus,Model_7731,Small,25.0,42.6,53.2,32,24,Driver & Passenger,4300,1.4
Ford,Model_7732,Sport,40.1,45.7,27.9,16,29,Driver & Passenger,5568,2.4
Kia,Model_7733,SUV,11.8,20.5,12.4,33,29,None,4477,1.2
Subaru,Model_7734,Compact,38.5,26.7,21.8,19,32,Driver & Passenger,5541,3.4
BMW,Model_7735,Van,14.3,27.2,23.2,34,37,None,4478,3.8
Mazda,Model_7736,Van,20.7,53.0,27.4,24,47,Driver only,6095,1.2
BMW,Model_7737,SUV,9.6,28.4,31.6,30,29,Driver & Passenger,5848,3.0
Honda,Model_7738,SUV,13.0,20.0,49.4,26,35,Driver only,5092,2.2
Mercedes-Benz,Model_7739,Sport,24.8,38.5,15.9,23,21,Driver & Passenger,5197,3.8
Honda,Model_7740,Small,38.4,29.2,37.8,17,37,Driver & Passenger,4106,3.0
BMW,Model_7741,SUV,36.7,21.3,38.4,15,23,None,5203,1.1
Lexus,Model_7742,Large,17.1,42.2,44.6,19,38,None,6318,2.1
Hyundai,Model_7743,Sport,14.0,18.6,28.5,22,44,None,4212,2.9
Mercedes-Benz,Model_7744,Compact,22.7,38.5,25.8,31,24,None,4356,1.4
Honda,Model_7745,Large,40.7,29.4,37.6,15,47,Driver & Passenger,5944,4.5
Mazda,Model_7746,Compact,11.8,24.4,47.0,27,36,None,4720,4.6
Hyundai,Model_7747,Midsize,28.3,52.6,14.4,20,21,Driver & Passenger,4967,1.5
Toyota,Model_7748,Compact,11.7,24.6,27.6,29,34,Driver & Passenger,6038,4.5
Mercedes-Benz,Model_7749,Large,25.7,25.6,53.7,21,42,Driver & Passenger,4925,3.3
Honda,Model_7750,Midsize,13.1,49.2,37.7,22,43,None,5824,4.5
Honda,Model_7751,Large,11.4,15.8,62.4,17,25,Driver & Passenger,5824,3.5
Ford,Model_7752,Van,15.5,14.9,58.0,29,42,Driver & Passenger,5779,4.7
BMW,Model_7753,Large,17.8,22.7,30.2,18,37,Driver & Passenger,5179,2.8
Chevrolet,Model_7754,Midsize,18.6,36.6,50.5,23,33,None,4808,5.0
Audi,Model_7755,Compact,32.1,27.3,26.5,25,31,Driver only,5920,4.4
Mercedes-Benz,Model_7756,Van,10.5,37.4,21.3,35,25,Driver & Passenger,5086,3.5
Volkswagen,Model_7757,Small,11.4,17.2,58.7,28,47,Driver & Passenger,4147,2.6
Volkswagen,Model_7758,Small,15.4,21.8,30.6,23,41,Driver & Passenger,5868,3.5
Nissan,Model_7759,Small,40.3,35.4,22.8,26,39,None,6213,3.9
Honda,Model_7760,Small,31.4,19.8,63.1,19,46,Driver & Passenger,6070,2.4
Nissan,Model_7761,Sport,35.2,29.0,13.6,35,39,Driver & Passenger,4907,3.2
Mazda,Model_7762,Small,22.0,35.8,31.4,20,37,None,5121,4.6
Chevrolet,Model_7763,Midsize,16.3,53.8,14.0,33,22,Driver & Passenger,5504,4.8
Lexus,Model_7764,SUV,9.9,13.6,38.7,19,45,Driver & Passenger,4518,3.5
Audi,Model_7765,Small,26.3,30.7,33.3,15,25,Driver only,5842,1.6
Hyundai,Model_7766,Large,29.5,27.8,50.2,24,23,None,6317,4.1
Lexus,Model_7767,SUV,41.2,47.1,62.6,28,38,Driver & Passenger,5763,2.0
BMW,Model_7768,Small,40.7,50.5,39.5,37,36,Driver & Passenger,4015,1.3
Subaru,Model_7769,SUV,24.0,50.8,27.1,31,47,Driver only,4220,2.5
Toyota,Model_7770,Compact,24.0,26.9,58.2,25,30,Driver & Passenger,5926,2.1
Mercedes-Benz,Model_7771,Midsize,14.4,23.7,44.0,18,33,None,5603,3.1
Audi,Model_7772,Midsize,17.9,30.2,41.3,32,46,Driver & Passenger,6007,1.0
Lexus,Model_7773,SUV,42.3,25.5,22.0,33,30,Driver only,4817,3.7
Mercedes-Benz,Model_7774,Van,13.6,42.3,14.2,18,38,Driver & Passenger,4574,2.8
Audi,Model_7775,Sport,43.9,19.6,36.5,26,36,None,5940,2.0
Lexus,Model_7776,Large,26.9,39.6,40.0,28,23,None,6169,2.1
Hyundai,Model_7777,SUV,25.2,51.7,18.7,32,31,Driver & Passenger,5012,1.2
Subaru,Model_7778,Midsize,14.9,22.6,15.1,15,23,Driver & Passenger,4153,1.9
Toyota,Model_7779,Compact,32.6,40.5,23.5,34,46,Driver & Passenger,5298,1.5
Hyundai,Model_7780,Small,25.3,16.5,15.3,25,31,Driver only,4057,2.7
BMW,Model_7781,Midsize,22.0,15.5,15.0,33,36,Driver & Passenger,4762,3.0
Hyundai,Model_7782,Compact,18.2,15.2,35.5,15,34,Driver & Passenger,6287,4.3
Subaru,Model_7783,Small,10.9,16.2,54.9,15,26,Driver & Passenger,5523,3.3
Ford,Model_7784,Sport,27.5,19.7,47.2,17,40,Driver & Passenger,5286,3.3
Nissan,Model_7785,Midsize,19.9,35.3,48.0,28,20,Driver & Passenger,5254,1.4
Mercedes-Benz,Model_7786,Midsize,34.3,44.5,25.9,22,24,Driver & Passenger,6446,2.4
Volkswagen,Model_7787,SUV,34.9,15.7,12.6,29,31,Driver & Passenger,4449,4.2
Honda,Model_7788,SUV,20.6,49.2,35.9,18,26,Driver & Passenger,6478,3.3
Audi,Model_7789,Compact,32.9,47.9,32.0,25,41,None,6093,2.5
Mazda,Model_7790,Van,17.9,42.7,62.2,22,45,Driver & Passenger,6031,2.7
Volkswagen,Model_7791,SUV,35.0,29.2,15.8,21,34,None,5738,1.5
Lexus,Model_7792,Large,9.1,10.1,53.2,16,24,None,5094,1.1
Hyundai,Model_7793,Sport,14.0,43.1,32.4,22,43,Driver & Passenger,5802,1.6
Volkswagen,Model_7794,Large,17.4,49.6,56.0,36,28,None,5650,2.2
Toyota,Model_7795,Midsize,36.7,25.1,38.2,33,20,None,4567,2.1
Nissan,Model_7796,Large,10.9,42.3,55.5,37,25,None,6179,3.8
Hyundai,Model_7797,Small,15.4,12.8,36.7,23,35,None,6428,1.6
Chevrolet,Model_7798,Sport,21.6,41.9,33.3,30,34,Driver & Passenger,6340,4.0
Toyota,Model_7799,Large,8.8,13.1,63.1,22,21,None,4857,3.8
Subaru,Model_7800,Small,36.3,36.4,31.5,22,32,Driver & Passenger,4884,1.6
Chevrolet,Model_7801,Compact,28.9,36.9,54.7,25,43,Driver & Passenger,5640,3.6
Lexus,Model_7802,Large,41.4,23.6,15.6,21,24,Driver & Passenger,5070,2.3
BMW,Model_7803,Sport,9.6,13.6,15.3,35,35,Driver only,6077,1.4
Lexus,Model_7804,Small,18.4,52.7,35.2,16,20,Driver only,5605,3.5
Audi,Model_7805,Large,35.2,34.1,43.0,35,40,Driver & Passenger,5568,4.2
Mazda,Model_7806,Compact,33.1,36.1,44.3,19,29,None,6044,4.8
Mercedes-Benz,Model_7807,Large,17.4,37.7,13.9,32,35,Driver & Passenger,4087,3.2
Volkswagen,Model_7808,Small,30.2,50.1,48.9,25,32,None,5063,3.3
Honda,Model_7809,Large,37.5,12.7,18.9,31,40,Driver & Passenger,4096,2.9
Chevrolet,Model_7810,Sport,9.7,50.2,62.6,35,21,Driver & Passenger,4749,2.2
Nissan,Model_7811,Midsize,34.7,20.8,29.7,20,23,None,4523,1.6
Hyundai,Model_7812,Small,17.7,13.5,25.9,27,41,Driver & Passenger,6318,2.2
Mercedes-Benz,Model_7813,Small,43.1,39.6,27.4,21,20,Driver & Passenger,5210,2.3
BMW,Model_7814,Small,28.1,54.0,61.7,25,30,Driver & Passenger,4699,3.9
Hyundai,Model_7815,Small,9.7,12.6,37.6,32,28,Driver & Passenger,4583,1.5
Hyundai,Model_7816,Large,23.2,29.2,35.0,20,42,Driver & Passenger,4026,1.7
Hyundai,Model_7817,Sport,43.8,33.8,42.0,26,25,Driver & Passenger,4692,4.9
BMW,Model_7818,Compact,35.2,21.3,61.3,36,20,None,4973,1.3
Ford,Model_7819,Sport,19.5,54.2,28.3,17,27,Driver & Passenger,4550,4.7
Mercedes-Benz,Model_7820,Small,29.5,38.8,21.6,33,27,Driver & Passenger,6322,1.6
Nissan,Model_7821,Van,30.4,48.0,43.6,25,23,None,4628,3.1
Subaru,Model_7822,Large,9.4,28.7,38.1,37,23,Driver & Passenger,4013,2.6
Volkswagen,Model_7823,Van,15.0,25.9,15.3,16,20,Driver only,5925,2.6
Hyundai,Model_7824,Large,28.6,34.9,39.7,17,44,Driver only,5953,3.8
Mazda,Model_7825,Small,23.2,29.6,41.8,37,27,Driver & Passenger,5660,3.6
Audi,Model_7826,Large,15.4,42.2,48.8,31,45,Driver & Passenger,4792,4.8
Toyota,Model_7827,Small,36.7,22.0,64.8,19,42,Driver & Passenger,5448,3.9
Honda,Model_7828,Sport,26.3,30.2,34.3,16,37,Driver & Passenger,5624,3.4
Subaru,Model_7829,SUV,19.8,50.3,39.0,26,42,None,4110,1.7
Audi,Model_7830,Midsize,14.4,44.0,16.0,19,39,Driver & Passenger,5705,2.9
Volkswagen,Model_7831,Large,30.8,17.6,56.1,27,38,None,4322,3.0
Audi,Model_7832,Small,32.8,49.9,17.2,36,30,Driver & Passenger,4867,3.6
Hyundai,Model_7833,Van,32.9,36.5,61.5,21,47,Driver & Passenger,5691,2.5
BMW,Model_7834,Small,16.5,40.6,30.5,35,45,Driver & Passenger,4870,1.6
Mazda,Model_7835,Van,30.2,23.2,29.9,25,39,Driver & Passenger,4216,4.5
Volkswagen,Model_7836,Large,41.5,29.9,29.4,19,29,Driver & Passenger,4512,1.1
Mercedes-Benz,Model_7837,Compact,21.4,46.3,62.4,32,25,Driver & Passenger,5963,1.5
BMW,Model_7838,Van,16.2,24.9,63.9,20,26,None,6454,2.8
Kia,Model_7839,Small,36.7,17.4,63.6,17,21,Driver & Passenger,5647,4.6
Chevrolet,Model_7840,Large,15.0,27.0,49.4,20,42,Driver & Passenger,4610,1.4
Honda,Model_7841,Small,17.8,13.1,17.9,30,45,Driver & Passenger,5098,4.0
Lexus,Model_7842,Compact,12.2,42.3,32.5,17,37,Driver only,5678,2.1
Chevrolet,Model_7843,Midsize,18.3,16.6,27.3,32,46,Driver & Passenger,4741,1.3
Toyota,Model_7844,SUV,23.5,22.8,49.5,18,37,Driver & Passenger,4899,4.6
Hyundai,Model_7845,SUV,10.8,49.6,38.1,19,36,None,5211,4.9
Kia,Model_7846,Compact,40.3,34.3,44.7,23,32,None,5641,1.5
Nissan,Model_7847,Sport,27.2,24.5,12.5,18,34,Driver & Passenger,5017,4.6
Hyundai,Model_7848,Large,30.0,34.6,53.5,15,30,Driver & Passenger,4794,3.6
Toyota,Model_7849,Compact,22.1,19.8,62.5,36,26,None,5898,1.8
Toyota,Model_7850,Midsize,32.9,11.1,47.5,25,36,Driver & Passenger,6075,3.7
Ford,Model_7851,Small,24.3,37.2,57.2,19,38,None,6477,4.2
Mercedes-Benz,Model_7852,Large,36.3,42.1,37.3,24,46,Driver & Passenger,4106,3.0
Honda,Model_7853,Van,38.5,49.6,13.1,17,27,Driver & Passenger,5436,4.6
BMW,Model_7854,Compact,33.0,44.7,64.5,29,36,Driver & Passenger,4607,3.1
Mazda,Model_7855,Midsize,26.4,51.7,15.1,28,35,Driver & Passenger,6174,1.7
Mercedes-Benz,Model_7856,Compact,37.1,54.4,22.2,19,47,Driver & Passenger,4635,3.8
Chevrolet,Model_7857,Sport,26.5,43.5,14.8,22,33,None,5173,3.7
Toyota,Model_7858,SUV,12.6,49.1,45.1,31,41,Driver & Passenger,4762,3.6
Chevrolet,Model_7859,SUV,12.7,40.3,42.9,34,47,Driver & Passenger,4538,4.5
Subaru,Model_7860,Large,43.1,17.7,23.1,33,37,None,4713,3.1
Chevrolet,Model_7861,Small,16.3,18.2,62.7,18,28,Driver & Passenger,4122,3.8
Nissan,Model_7862,Midsize,38.3,15.0,60.4,16,37,Driver & Passenger,6136,4.8
Volkswagen,Model_7863,Compact,17.5,52.4,26.8,16,41,None,4571,1.6
Subaru,Model_7864,Large,24.2,40.3,46.9,16,39,Driver & Passenger,5354,2.5
Subaru,Model_7865,Compact,32.4,45.5,57.3,17,44,Driver only,4071,1.9
Honda,Model_7866,Large,14.3,24.9,31.1,23,35,None,5940,2.3
Mercedes-Benz,Model_7867,SUV,35.4,30.7,25.4,19,36,Driver & Passenger,4455,3.0
Honda,Model_7868,Sport,33.7,11.8,25.6,34,36,Driver & Passenger,4292,4.4
Hyundai,Model_7869,Compact,28.3,50.0,55.5,29,35,Driver only,4621,2.6
Audi,Model_7870,Sport,29.2,48.4,36.5,18,45,Driver & Passenger,5149,3.2
Honda,Model_7871,Van,12.4,45.3,49.9,17,38,Driver only,5942,4.2
Chevrolet,Model_7872,Van,24.4,12.6,46.5,23,30,Driver & Passenger,6316,4.7
BMW,Model_7873,SUV,11.7,17.8,28.2,24,25,Driver & Passenger,5909,2.4
Chevrolet,Model_7874,Midsize,19.7,25.0,23.0,31,38,Driver only,4314,1.7
BMW,Model_7875,Sport,41.4,21.8,18.7,36,26,Driver only,5559,3.3
Volkswagen,Model_7876,Large,29.5,47.7,13.3,34,28,Driver & Passenger,4842,4.6
Mercedes-Benz,Model_7877,Midsize,35.6,18.8,16.3,22,31,None,4951,2.0
Volkswagen,Model_7878,Compact,29.4,33.9,25.6,37,45,None,5495,3.0
Mercedes-Benz,Model_7879,Compact,15.6,35.7,49.8,33,21,Driver & Passenger,5654,2.9
Mercedes-Benz,Model_7880,Large,30.2,29.1,20.2,19,23,Driver & Passenger,5893,4.7
Subaru,Model_7881,Small,36.1,20.8,39.7,25,22,Driver & Passenger,4986,2.8
Hyundai,Model_7882,Small,13.6,53.2,25.0,18,41,Driver & Passenger,5138,3.1
BMW,Model_7883,Compact,38.3,28.6,39.1,18,40,Driver only,4646,1.6
Subaru,Model_7884,SUV,28.8,42.7,51.8,29,31,None,5018,2.8
Honda,Model_7885,SUV,8.7,18.3,26.1,22,22,Driver & Passenger,6419,2.4
Hyundai,Model_7886,Large,27.5,47.0,30.4,27,28,None,6199,1.9
Nissan,Model_7887,Small,22.9,19.7,50.3,34,31,Driver & Passenger,5508,3.0
Mercedes-Benz,Model_7888,Sport,19.3,40.4,41.0,26,27,None,4364,4.1
BMW,Model_7889,Compact,36.7,32.8,17.0,16,38,Driver & Passenger,6005,1.7
Volkswagen,Model_7890,Van,41.3,16.6,52.2,15,45,Driver only,5941,1.6
Chevrolet,Model_7891,Sport,36.3,11.1,26.7,28,24,Driver only,5327,1.5
Mazda,Model_7892,Large,39.4,51.9,32.4,34,40,None,6224,4.1
Honda,Model_7893,Van,41.7,15.7,25.0,22,24,Driver only,6064,4.2
Mazda,Model_7894,Sport,41.8,41.7,40.8,30,27,Driver & Passenger,5769,4.6
Kia,Model_7895,Small,12.7,39.4,49.5,19,22,Driver & Passenger,4518,4.9
Kia,Model_7896,SUV,25.2,25.4,54.6,16,38,None,6218,2.5
Chevrolet,Model_7897,Small,8.5,18.3,60.9,29,43,Driver & Passenger,5314,2.4
Kia,Model_7898,Van,27.0,18.0,31.0,18,28,Driver & Passenger,5703,5.0
Audi,Model_7899,Midsize,42.2,36.3,61.4,18,40,Driver & Passenger,5228,1.6
Volkswagen,Model_7900,SUV,15.8,34.6,44.7,24,45,None,4133,1.2
Mercedes-Benz,Model_7901,Compact,31.9,49.4,32.6,35,43,Driver & Passenger,5488,2.5
Subaru,Model_7902,Van,32.0,38.8,59.0,32,33,Driver & Passenger,6198,1.4
Hyundai,Model_7903,Large,14.4,46.9,42.7,21,40,Driver & Passenger,5907,2.5
Honda,Model_7904,Compact,17.2,11.5,36.1,19,47,Driver only,6080,2.6
Mazda,Model_7905,Sport,25.4,40.2,12.6,18,39,None,5506,3.6
Chevrolet,Model_7906,SUV,15.4,20.5,50.0,29,21,Driver & Passenger,4776,4.0
Audi,Model_7907,Large,29.9,21.4,16.1,32,46,Driver & Passenger,5094,3.6
Chevrolet,Model_7908,Large,26.2,42.4,27.3,31,34,Driver & Passenger,6109,3.8
Subaru,Model_7909,Small,27.5,45.7,63.0,20,23,Driver only,5735,2.5
Hyundai,Model_7910,Sport,13.4,26.7,20.2,37,21,Driver & Passenger,4730,2.8
Hyundai,Model_7911,Small,27.4,45.6,28.5,15,42,None,5176,3.9
Audi,Model_7912,Small,10.3,30.0,61.4,17,42,Driver only,5198,1.6
Lexus,Model_7913,SUV,40.7,48.6,29.9,23,28,Driver & Passenger,5330,3.8
Volkswagen,Model_7914,Midsize,21.0,11.1,29.4,19,47,None,4353,4.8
Kia,Model_7915,Small,39.8,13.8,46.3,20,23,Driver & Passenger,5395,1.7
Kia,Model_7916,Compact,34.1,44.9,19.0,27,24,Driver only,5225,2.6
Volkswagen,Model_7917,Large,36.5,38.1,63.6,37,30,None,4931,3.3
Volkswagen,Model_7918,SUV,20.0,35.2,26.6,17,23,Driver & Passenger,4974,3.9
BMW,Model_7919,Small,16.8,37.6,53.6,37,23,Driver & Passenger,5381,2.0
Ford,Model_7920,Van,23.3,51.9,27.2,17,34,Driver & Passenger,5739,3.3
Volkswagen,Model_7921,Compact,9.4,39.5,26.6,36,24,Driver & Passenger,4959,4.7
Chevrolet,Model_7922,Sport,42.0,39.1,15.0,37,22,Driver only,4503,2.4
BMW,Model_7923,Large,22.6,44.2,18.3,19,35,None,5768,3.3
Lexus,Model_7924,SUV,44.6,49.0,39.7,26,44,None,4944,3.5
Honda,Model_7925,Van,36.3,21.8,42.6,36,42,None,6122,4.5
BMW,Model_7926,SUV,11.4,37.8,55.2,34,20,Driver & Passenger,5779,2.2
Toyota,Model_7927,SUV,32.6,36.3,15.2,32,20,None,5266,4.5
Kia,Model_7928,Van,18.4,16.1,30.9,21,20,Driver & Passenger,5680,3.7
Subaru,Model_7929,Sport,17.4,33.4,22.6,34,22,Driver & Passenger,4694,3.9
Toyota,Model_7930,Van,17.9,13.1,31.0,36,28,Driver & Passenger,6235,1.3
Chevrolet,Model_7931,Compact,41.9,18.3,30.8,26,32,Driver & Passenger,4173,2.4
Mazda,Model_7932,SUV,26.7,51.1,30.8,16,43,Driver only,4958,1.5
Mazda,Model_7933,Sport,32.9,15.4,28.4,30,32,Driver only,4431,3.2
Volkswagen,Model_7934,SUV,18.8,36.1,52.5,16,44,Driver only,5779,4.4
Honda,Model_7935,Van,27.6,24.6,48.6,36,40,Driver & Passenger,5167,2.6
BMW,Model_7936,Sport,21.3,35.0,30.1,22,42,Driver only,6427,1.9
Hyundai,Model_7937,Sport,20.2,20.6,19.8,15,32,Driver & Passenger,4234,2.2
Mazda,Model_7938,Small,17.5,30.0,39.5,28,45,Driver & Passenger,4815,3.3
Audi,Model_7939,Small,23.4,49.0,60.7,24,44,Driver & Passenger,6493,4.1
Volkswagen,Model_7940,Small,32.6,26.9,18.5,37,40,Driver & Passenger,5998,3.8
Audi,Model_7941,Van,16.6,25.9,51.9,36,27,Driver only,4160,4.8
Mercedes-Benz,Model_7942,Large,43.7,30.1,43.8,35,27,None,6246,4.5
Honda,Model_7943,Compact,13.0,14.5,43.2,27,38,Driver only,4937,1.4
Hyundai,Model_7944,Van,26.0,27.4,61.5,24,24,None,5565,3.8
Subaru,Model_7945,SUV,11.6,10.3,62.7,27,43,Driver & Passenger,4518,2.6
Kia,Model_7946,Small,9.3,32.7,24.9,27,29,Driver & Passenger,6364,2.3
BMW,Model_7947,Sport,42.2,48.2,54.8,15,38,Driver & Passenger,6189,2.9
Lexus,Model_7948,Van,38.1,34.8,44.9,19,22,Driver only,5212,4.1
Subaru,Model_7949,Sport,33.8,37.3,33.7,30,41,Driver & Passenger,6367,2.7
Volkswagen,Model_7950,SUV,40.1,11.4,47.3,20,26,Driver & Passenger,4825,4.3
Chevrolet,Model_7951,Sport,37.8,48.7,62.7,18,42,Driver & Passenger,4605,2.9
Nissan,Model_7952,Sport,32.1,27.3,39.4,24,25,Driver & Passenger,5501,1.2
Nissan,Model_7953,Midsize,39.4,53.9,61.8,25,26,Driver only,5464,3.5
Lexus,Model_7954,Large,22.8,15.4,46.1,16,26,Driver & Passenger,4668,4.1
Nissan,Model_7955,Compact,28.7,52.5,37.6,35,39,Driver & Passenger,5188,2.3
Mazda,Model_7956,Compact,36.8,38.5,46.1,36,27,Driver only,4344,1.9
Hyundai,Model_7957,Small,11.6,12.4,43.9,23,43,Driver only,6115,3.6
Mercedes-Benz,Model_7958,Midsize,39.8,53.7,34.3,28,21,Driver & Passenger,5853,2.4
Hyundai,Model_7959,Van,14.2,10.6,41.8,16,34,Driver only,6298,4.6
Mercedes-Benz,Model_7960,Van,40.1,42.9,49.3,19,29,Driver & Passenger,5024,4.1
BMW,Model_7961,Compact,19.9,50.0,56.5,26,40,Driver & Passenger,5735,2.8
BMW,Model_7962,Large,20.4,17.9,28.1,15,34,None,5592,4.9
Hyundai,Model_7963,Sport,11.2,25.5,12.8,33,21,Driver & Passenger,4321,2.4
Honda,Model_7964,SUV,40.8,35.3,41.2,36,22,None,5340,2.8
BMW,Model_7965,Small,14.9,40.6,37.9,26,38,Driver & Passenger,5386,3.6
Honda,Model_7966,Large,31.5,49.2,14.9,35,24,Driver & Passenger,5584,3.0
Volkswagen,Model_7967,Compact,32.0,44.2,45.5,26,43,None,4534,2.4
Toyota,Model_7968,Midsize,18.8,26.3,61.9,34,38,Driver & Passenger,6372,2.7
Audi,Model_7969,Small,44.5,47.0,33.3,19,26,None,5023,4.5
Lexus,Model_7970,Compact,10.8,53.5,59.4,34,40,Driver & Passenger,4148,1.8
Kia,Model_7971,Van,30.7,20.2,55.1,16,33,Driver & Passenger,5721,2.3
Volkswagen,Model_7972,Small,26.0,13.3,20.6,28,31,Driver only,4198,1.8
Subaru,Model_7973,Compact,17.5,29.2,53.7,31,45,Driver & Passenger,4078,3.0
BMW,Model_7974,Van,14.5,49.7,39.4,29,29,Driver & Passenger,5977,1.6
Hyundai,Model_7975,SUV,35.4,16.8,60.7,31,29,Driver & Passenger,4175,1.7
Audi,Model_7976,Van,41.9,49.9,22.0,16,23,Driver only,6383,4.3
Mercedes-Benz,Model_7977,Sport,12.4,54.6,18.6,35,37,Driver & Passenger,4723,3.8
Audi,Model_7978,Midsize,15.6,12.4,24.8,22,25,None,6084,1.8
Ford,Model_7979,Sport,44.5,32.3,15.2,24,39,Driver & Passenger,6017,2.5
Subaru,Model_7980,Compact,9.0,24.8,29.0,17,23,Driver only,6162,4.7
Volkswagen,Model_7981,SUV,27.1,27.7,27.0,25,24,Driver & Passenger,5028,4.5
Hyundai,Model_7982,Large,27.3,30.3,34.1,23,33,Driver & Passenger,6496,3.6
Hyundai,Model_7983,SUV,18.1,43.3,36.5,29,28,Driver & Passenger,6054,2.1
Kia,Model_7984,SUV,32.7,36.6,19.7,36,34,Driver only,5321,2.5
Hyundai,Model_7985,SUV,43.0,53.3,44.8,25,20,Driver & Passenger,5260,3.6
BMW,Model_7986,Sport,24.9,25.0,23.8,17,40,Driver & Passenger,6380,3.2
Mercedes-Benz,Model_7987,Large,35.9,34.4,18.5,21,40,Driver & Passenger,5937,3.2
Chevrolet,Model_7988,Van,32.1,46.6,49.6,37,32,Driver only,5139,2.7
Toyota,Model_7989,Compact,25.8,26.8,13.2,21,21,Driver only,4636,1.4
Honda,Model_7990,Midsize,10.3,30.9,31.5,18,34,Driver & Passenger,4945,1.5
Lexus,Model_7991,Large,35.6,40.8,19.7,20,34,Driver & Passenger,5804,4.3
Lexus,Model_7992,Compact,21.8,48.7,58.8,33,35,Driver only,6026,4.5
Chevrolet,Model_7993,Large,16.7,28.7,55.7,28,22,Driver only,6334,4.6
Lexus,Model_7994,Sport,43.1,33.9,15.2,18,32,Driver & Passenger,4486,2.9
Subaru,Model_7995,Compact,36.7,53.9,41.2,33,39,Driver & Passenger,6345,4.7
Toyota,Model_7996,Sport,43.6,11.9,27.7,33,20,Driver & Passenger,5605,4.4
Chevrolet,Model_7997,Small,17.9,30.2,22.2,31,45,Driver & Passenger,6186,2.5
Lexus,Model_7998,Compact,39.0,38.6,28.5,35,33,Driver & Passenger,5172,1.9
Lexus,Model_7999,Large,30.7,10.4,55.2,33,22,Driver & Passenger,6062,3.9
Honda,Model_8000,Small,44.3,36.9,15.1,26,36,None,6491,3.9
Mercedes-Benz,Model_8001,Sport,43.0,12.5,46.4,31,36,None,5361,4.6
Mercedes-Benz,Model_8002,Sport,44.0,48.6,60.4,29,28,None,4104,1.2
Hyundai,Model_8003,Large,43.2,46.3,35.7,23,39,Driver only,5954,2.4
Lexus,Model_8004,Small,8.8,11.5,59.8,34,39,Driver & Passenger,4238,1.1
Mazda,Model_8005,SUV,35.5,12.2,60.1,30,23,Driver & Passenger,4621,1.8
Hyundai,Model_8006,Van,18.4,43.9,44.3,32,30,Driver only,4189,2.6
Chevrolet,Model_8007,Midsize,34.2,26.6,36.2,32,34,Driver & Passenger,5591,1.5
BMW,Model_8008,Large,44.3,35.9,51.1,18,44,Driver & Passenger,6305,4.3
Kia,Model_8009,Sport,9.9,22.2,60.6,18,32,None,5105,1.8
Volkswagen,Model_8010,Compact,29.2,17.8,48.0,35,46,Driver & Passenger,4192,2.6
Hyundai,Model_8011,Small,35.3,23.3,23.1,15,47,Driver & Passenger,6045,4.2
Nissan,Model_8012,Van,17.7,21.1,55.5,19,43,Driver & Passenger,5985,1.5
BMW,Model_8013,Midsize,16.7,30.2,62.4,26,39,Driver & Passenger,4397,3.5
Honda,Model_8014,Compact,10.7,43.6,33.7,28,31,Driver & Passenger,4795,4.8
Kia,Model_8015,Small,11.9,34.9,49.0,24,34,Driver only,6091,2.8
BMW,Model_8016,Van,32.5,37.4,39.5,32,25,None,4289,2.0
Audi,Model_8017,Large,26.9,31.2,17.9,35,37,Driver & Passenger,5389,4.8
Hyundai,Model_8018,Van,9.6,24.6,30.5,24,41,None,4166,1.2
Kia,Model_8019,Large,43.9,16.5,20.7,30,36,Driver only,4259,2.2
Audi,Model_8020,SUV,32.4,26.0,47.7,20,40,Driver & Passenger,4746,4.3
BMW,Model_8021,Small,27.3,39.9,42.9,17,43,Driver & Passenger,6203,1.6
Toyota,Model_8022,Van,18.5,43.0,13.8,34,36,Driver & Passenger,5830,1.3
Ford,Model_8023,Midsize,32.5,31.1,15.3,29,30,Driver & Passenger,4172,2.8
Toyota,Model_8024,Van,21.8,39.0,25.8,19,37,Driver & Passenger,4839,2.3
Hyundai,Model_8025,Small,34.1,19.5,51.5,20,22,Driver only,6364,4.2
Kia,Model_8026,Compact,33.4,48.7,18.7,36,42,None,4315,2.3
Kia,Model_8027,Compact,11.9,49.0,22.9,26,47,Driver only,6447,3.7
Hyundai,Model_8028,Van,41.7,24.4,60.1,15,43,Driver & Passenger,4111,3.2
Audi,Model_8029,Van,26.3,34.6,40.9,36,23,None,4556,3.4
Mercedes-Benz,Model_8030,Large,22.8,37.3,44.9,24,32,Driver & Passenger,5822,3.0
Ford,Model_8031,Small,43.4,31.3,36.2,17,43,None,4646,1.5
BMW,Model_8032,Large,24.5,51.0,27.9,35,20,Driver & Passenger,5330,1.2
Volkswagen,Model_8033,Midsize,34.8,43.3,25.2,19,38,Driver & Passenger,5412,3.2
Honda,Model_8034,SUV,32.4,40.3,43.2,29,39,None,5217,3.6
Toyota,Model_8035,Compact,14.5,33.4,37.0,18,24,None,4808,3.9
Toyota,Model_8036,Sport,44.7,13.8,33.4,33,32,Driver & Passenger,5652,3.9
Subaru,Model_8037,Sport,25.4,14.9,48.8,31,35,Driver only,5603,4.0
Nissan,Model_8038,Small,22.9,23.5,33.4,37,35,Driver & Passenger,5634,1.1
Subaru,Model_8039,Small,42.1,19.5,13.9,22,30,Driver & Passenger,4998,1.9
Ford,Model_8040,Sport,27.8,52.9,56.5,19,28,Driver only,5450,3.9
Honda,Model_8041,Small,34.2,28.4,28.9,18,37,Driver & Passenger,6457,1.5
Toyota,Model_8042,Compact,39.4,49.4,62.2,33,34,None,5104,1.7
Honda,Model_8043,Midsize,17.1,46.8,58.6,36,32,Driver & Passenger,5321,3.6
Volkswagen,Model_8044,Midsize,14.7,46.6,24.4,23,26,Driver only,6077,4.2
BMW,Model_8045,Large,11.0,19.7,63.2,27,22,Driver & Passenger,4839,1.6
Kia,Model_8046,Compact,41.2,30.1,57.2,35,31,Driver only,4220,3.2
Honda,Model_8047,SUV,15.8,24.3,64.2,31,45,Driver & Passenger,4370,1.7
Toyota,Model_8048,Small,19.7,53.7,47.9,22,37,Driver & Passenger,5273,1.8
Audi,Model_8049,Small,18.9,49.5,61.3,33,28,None,5778,2.9
Lexus,Model_8050,SUV,19.6,21.2,48.6,25,22,Driver & Passenger,6001,3.7
Ford,Model_8051,Large,32.9,24.1,57.3,35,43,Driver & Passenger,4023,3.3
Hyundai,Model_8052,Large,43.3,33.8,44.4,28,20,Driver & Passenger,6376,1.4
Mercedes-Benz,Model_8053,Small,20.5,22.5,61.2,32,40,Driver only,4260,2.1
Chevrolet,Model_8054,Small,23.4,47.1,39.5,37,40,Driver & Passenger,4500,4.8
Mazda,Model_8055,SUV,36.6,46.9,51.0,19,41,Driver & Passenger,5974,3.5
Mercedes-Benz,Model_8056,Compact,24.3,42.6,60.6,37,26,None,4563,3.6
Mazda,Model_8057,SUV,42.3,41.0,34.4,26,38,Driver & Passenger,5390,1.8
Chevrolet,Model_8058,Large,26.9,34.6,13.4,30,31,Driver & Passenger,5159,4.8
Honda,Model_8059,SUV,21.2,25.6,18.0,30,33,Driver only,5027,1.8
Ford,Model_8060,SUV,44.0,47.7,63.5,28,32,Driver only,5771,2.0
Honda,Model_8061,SUV,24.0,48.6,58.3,21,24,Driver & Passenger,6040,3.0
Volkswagen,Model_8062,Compact,16.9,12.2,37.6,35,31,Driver & Passenger,6405,3.0
Volkswagen,Model_8063,Van,15.0,27.9,62.9,35,27,Driver & Passenger,6120,1.1
Volkswagen,Model_8064,Small,44.8,11.2,21.8,23,25,Driver & Passenger,5064,4.0
Lexus,Model_8065,Sport,36.0,47.8,17.9,17,37,Driver & Passenger,6472,1.4
Hyundai,Model_8066,SUV,23.4,18.0,43.9,28,26,Driver & Passenger,5782,1.2
Ford,Model_8067,Sport,38.7,40.3,32.3,15,38,Driver only,4094,3.0
Subaru,Model_8068,Van,28.5,26.1,30.0,28,34,Driver & Passenger,4059,1.2
Subaru,Model_8069,Small,20.1,46.7,50.9,34,29,None,5458,1.8
Mercedes-Benz,Model_8070,Large,35.6,32.9,20.0,32,28,Driver only,5478,2.6
Chevrolet,Model_8071,Sport,35.7,24.6,53.3,17,39,Driver & Passenger,4024,3.4
Hyundai,Model_8072,Large,26.8,24.6,31.1,20,35,Driver only,4913,4.1
Volkswagen,Model_8073,Sport,10.1,24.7,64.3,18,46,Driver & Passenger,5461,2.2
Volkswagen,Model_8074,Large,11.3,45.5,54.9,15,39,Driver only,4361,2.9
Hyundai,Model_8075,SUV,37.3,42.0,46.2,35,23,Driver & Passenger,5200,4.8
Honda,Model_8076,Sport,38.6,24.4,24.2,17,29,Driver & Passenger,4812,2.6
Nissan,Model_8077,Large,33.3,32.1,62.7,32,29,Driver only,5725,3.8
Toyota,Model_8078,Van,39.1,13.4,13.7,34,27,Driver & Passenger,4992,2.1
Audi,Model_8079,Compact,34.8,47.2,23.8,34,20,Driver only,5075,3.5
Lexus,Model_8080,Large,41.2,22.0,13.9,17,22,Driver & Passenger,4183,4.2
Kia,Model_8081,Compact,14.0,50.0,63.2,35,43,None,6164,4.7
Audi,Model_8082,Compact,22.7,36.9,58.2,35,31,Driver & Passenger,4123,4.8
Hyundai,Model_8083,Small,25.4,35.6,62.5,30,26,Driver & Passenger,5717,2.2
Honda,Model_8084,SUV,19.4,17.3,49.9,21,41,Driver only,5635,1.8
Lexus,Model_8085,Van,35.0,13.1,13.5,23,42,None,4991,4.3
Lexus,Model_8086,Compact,41.8,34.9,61.4,37,20,None,5466,3.5
BMW,Model_8087,Midsize,23.6,31.1,34.3,16,43,Driver & Passenger,4829,2.7
Volkswagen,Model_8088,SUV,42.9,15.4,31.5,17,39,Driver & Passenger,6225,1.1
Ford,Model_8089,Compact,27.4,47.6,27.1,36,20,None,4677,2.2
Subaru,Model_8090,Large,27.6,28.8,27.2,15,23,Driver only,5033,1.4
Subaru,Model_8091,Compact,30.4,21.7,54.4,37,37,None,5186,3.0
Lexus,Model_8092,Large,18.3,45.5,25.6,20,24,None,4791,4.3
Honda,Model_8093,Large,22.5,51.1,23.8,35,20,Driver & Passenger,4609,2.3
Ford,Model_8094,Midsize,28.7,23.8,49.0,29,20,Driver & Passenger,5352,2.4
Kia,Model_8095,Compact,42.9,44.9,27.2,19,24,None,5377,4.1
Nissan,Model_8096,Compact,32.0,39.4,12.7,27,37,Driver only,4718,2.8
Hyundai,Model_8097,Sport,20.7,54.5,61.4,22,28,None,4090,3.7
Audi,Model_8098,SUV,8.9,19.2,28.6,27,29,None,6394,1.8
Mercedes-Benz,Model_8099,Sport,44.3,53.2,52.5,33,26,Driver only,6463,2.0
Toyota,Model_8100,Small,26.5,24.2,36.9,23,34,Driver & Passenger,4236,3.5
Hyundai,Model_8101,Large,42.8,28.5,19.1,17,33,Driver only,6073,1.4
Kia,Model_8102,Midsize,28.6,26.1,47.1,28,23,None,5935,1.7
Kia,Model_8103,Sport,30.6,22.1,24.3,21,33,None,4482,2.3
Audi,Model_8104,Compact,34.5,41.2,27.3,27,26,Driver & Passenger,5689,1.7
Kia,Model_8105,Small,20.2,36.5,13.7,23,27,Driver & Passenger,5893,4.9
Mercedes-Benz,Model_8106,Midsize,34.0,23.8,12.9,25,43,Driver & Passenger,5335,2.0
BMW,Model_8107,Van,27.7,15.9,39.2,23,27,Driver & Passenger,6269,4.8
BMW,Model_8108,Compact,33.0,24.3,15.1,25,47,Driver & Passenger,5513,4.4
Subaru,Model_8109,Compact,39.0,27.2,23.1,28,24,Driver & Passenger,5255,2.3
Mazda,Model_8110,Van,15.2,27.1,61.0,29,42,Driver & Passenger,4655,3.2
Mazda,Model_8111,Large,30.9,26.1,16.4,31,30,Driver only,4979,2.4
BMW,Model_8112,Large,10.4,12.2,27.4,15,42,Driver & Passenger,6376,3.8
Chevrolet,Model_8113,Sport,12.2,30.9,50.5,17,21,Driver only,5462,2.4
Nissan,Model_8114,Sport,33.1,47.6,58.9,37,34,Driver & Passenger,5906,2.9
Ford,Model_8115,Compact,11.1,18.1,14.4,17,38,Driver & Passenger,5343,3.9
Hyundai,Model_8116,SUV,30.2,16.6,21.8,17,46,None,4666,2.7
Lexus,Model_8117,Compact,16.5,31.2,32.6,18,37,Driver & Passenger,6293,3.8
Nissan,Model_8118,Sport,19.6,26.7,31.1,31,34,Driver & Passenger,4166,2.5
Lexus,Model_8119,Van,13.2,35.3,27.3,34,38,Driver only,4162,2.6
Hyundai,Model_8120,Sport,17.6,52.6,24.8,18,44,Driver & Passenger,4845,2.3
Kia,Model_8121,Compact,38.5,44.2,26.2,27,26,Driver & Passenger,5024,5.0
Toyota,Model_8122,Midsize,31.8,40.9,19.1,21,23,Driver only,6225,3.0
Kia,Model_8123,Compact,43.2,28.7,20.7,18,33,Driver & Passenger,4870,1.9
Nissan,Model_8124,Midsize,10.3,22.9,44.2,22,27,Driver & Passenger,6291,3.3
Subaru,Model_8125,Midsize,37.4,34.3,27.5,25,42,None,4691,2.9
BMW,Model_8126,Compact,34.0,49.8,33.2,33,29,Driver & Passenger,5371,4.1
Lexus,Model_8127,SUV,18.0,49.5,33.8,21,32,Driver & Passenger,4006,4.7
Volkswagen,Model_8128,SUV,35.1,30.0,17.8,23,25,None,5197,1.4
Audi,Model_8129,Small,34.7,21.1,55.4,36,23,Driver & Passenger,5139,4.9
Hyundai,Model_8130,Sport,25.3,20.1,62.7,18,24,Driver & Passenger,6302,1.7
BMW,Model_8131,SUV,33.6,11.5,26.0,18,29,Driver & Passenger,4471,2.1
Nissan,Model_8132,Large,24.7,47.9,27.6,15,43,Driver only,5614,4.1
Subaru,Model_8133,Compact,20.7,21.9,48.7,20,32,Driver & Passenger,4535,1.6
Audi,Model_8134,Midsize,25.5,26.2,16.3,17,38,Driver & Passenger,4957,4.3
Mercedes-Benz,Model_8135,Compact,41.2,46.4,60.1,17,30,Driver only,6242,3.7
Toyota,Model_8136,Sport,22.5,15.4,18.4,15,47,None,4203,4.2
Volkswagen,Model_8137,Van,23.2,30.8,50.8,21,38,Driver only,5192,3.3
Lexus,Model_8138,SUV,30.7,15.5,27.5,23,24,Driver & Passenger,6204,4.9
Nissan,Model_8139,SUV,36.0,29.9,29.1,17,44,Driver & Passenger,5735,3.4
Hyundai,Model_8140,SUV,35.3,12.1,19.5,37,24,Driver & Passenger,4904,2.6
Ford,Model_8141,Midsize,9.2,33.3,46.3,29,20,Driver & Passenger,4489,4.9
Honda,Model_8142,Large,33.6,45.8,54.1,17,40,Driver & Passenger,4003,1.3
Audi,Model_8143,Large,24.9,40.4,62.4,25,28,Driver only,4903,3.1
Nissan,Model_8144,SUV,27.6,32.9,29.6,32,26,Driver & Passenger,4557,3.5
Subaru,Model_8145,Large,29.0,47.3,44.9,17,28,Driver & Passenger,5670,2.4
BMW,Model_8146,Van,35.2,20.3,34.0,34,45,Driver & Passenger,5133,1.4
Ford,Model_8147,SUV,38.8,47.4,41.6,21,29,Driver only,5221,2.6
Chevrolet,Model_8148,Small,32.1,22.4,20.6,23,40,Driver & Passenger,4392,4.2
Audi,Model_8149,Midsize,29.1,26.3,42.8,31,22,Driver & Passenger,6479,3.3
Volkswagen,Model_8150,Van,22.1,15.8,57.0,23,37,Driver & Passenger,6147,4.0
Ford,Model_8151,Midsize,13.5,14.6,57.8,24,28,Driver only,6099,3.9
Subaru,Model_8152,SUV,43.5,51.9,37.6,27,24,Driver & Passenger,5436,2.1
BMW,Model_8153,Van,25.4,18.5,24.5,19,30,Driver & Passenger,5026,2.0
Nissan,Model_8154,SUV,29.2,25.0,56.3,28,20,None,5199,4.2
Kia,Model_8155,Van,35.9,33.8,65.0,18,21,Driver & Passenger,4099,1.7
Toyota,Model_8156,SUV,11.0,25.7,32.0,28,37,Driver & Passenger,5909,3.3
Subaru,Model_8157,Small,39.7,49.2,61.0,25,47,Driver & Passenger,5560,4.8
Volkswagen,Model_8158,Midsize,37.6,50.5,64.1,36,39,Driver & Passenger,4183,3.1
Hyundai,Model_8159,Van,36.8,24.7,33.0,24,33,Driver & Passenger,6406,4.2
Kia,Model_8160,Small,9.3,14.1,50.0,19,41,Driver & Passenger,4654,2.0
Volkswagen,Model_8161,Compact,27.7,19.5,42.8,35,27,Driver only,5992,1.2
Honda,Model_8162,SUV,10.5,31.3,50.3,26,38,Driver & Passenger,5154,2.4
Volkswagen,Model_8163,Sport,28.6,23.0,20.2,35,33,Driver & Passenger,5912,3.3
Ford,Model_8164,Van,34.7,30.4,31.4,29,45,None,5033,3.6
Honda,Model_8165,Large,12.9,44.1,15.3,27,33,Driver only,6225,3.1
Toyota,Model_8166,Small,33.9,28.9,44.5,22,45,Driver & Passenger,4718,2.7
Ford,Model_8167,Small,24.9,18.9,61.1,18,41,Driver & Passenger,5871,4.9
Mercedes-Benz,Model_8168,Van,38.1,26.1,41.7,27,39,Driver only,5067,3.8
Mazda,Model_8169,Small,28.0,43.4,15.7,29,27,Driver only,5710,4.8
BMW,Model_8170,Compact,20.8,29.1,61.3,23,28,Driver & Passenger,4967,1.7
Ford,Model_8171,Small,20.6,21.2,19.0,20,44,Driver & Passenger,6319,5.0
Subaru,Model_8172,Sport,41.3,29.2,58.8,32,33,Driver & Passenger,5314,3.8
Hyundai,Model_8173,Sport,25.0,30.5,49.9,23,31,Driver & Passenger,5979,4.9
BMW,Model_8174,SUV,23.3,23.3,45.7,36,32,Driver & Passenger,5370,3.4
Kia,Model_8175,SUV,10.0,54.8,43.1,20,25,Driver only,6475,1.6
Hyundai,Model_8176,Large,21.8,44.5,19.0,35,33,Driver & Passenger,5408,2.4
Audi,Model_8177,Compact,39.5,41.2,38.5,21,34,Driver & Passenger,5898,1.2
Hyundai,Model_8178,Sport,36.3,48.5,22.4,26,21,Driver & Passenger,4349,1.6
Nissan,Model_8179,Van,16.6,40.0,42.3,18,37,Driver & Passenger,6338,5.0
Audi,Model_8180,Midsize,23.6,45.6,35.7,25,29,Driver & Passenger,4510,4.7
Volkswagen,Model_8181,Midsize,15.7,28.6,48.0,17,44,Driver & Passenger,6398,4.6
Hyundai,Model_8182,Midsize,43.3,32.5,64.1,21,40,Driver & Passenger,5547,1.0
Lexus,Model_8183,SUV,30.3,12.1,31.1,16,26,None,4225,2.8
Audi,Model_8184,Van,36.0,22.6,44.7,24,41,None,4678,4.1
Subaru,Model_8185,Small,34.6,26.6,57.8,17,44,Driver & Passenger,6476,1.9
Subaru,Model_8186,Van,40.4,38.1,16.9,31,24,Driver & Passenger,4795,2.7
Chevrolet,Model_8187,Small,43.2,30.9,54.4,25,27,Driver only,4722,1.8
Audi,Model_8188,Midsize,9.7,37.4,24.7,15,39,Driver & Passenger,5943,3.8
Toyota,Model_8189,Large,44.1,42.1,40.6,16,32,Driver & Passenger,4469,3.8
Hyundai,Model_8190,Large,40.3,11.9,64.5,27,26,None,4522,2.1
Kia,Model_8191,Small,22.5,21.6,64.2,28,44,Driver only,4743,2.9
Mercedes-Benz,Model_8192,Midsize,39.1,17.7,28.7,31,37,Driver & Passenger,4019,2.8
BMW,Model_8193,Van,35.4,18.4,19.0,16,28,Driver & Passenger,5778,4.1
Nissan,Model_8194,Large,37.4,32.6,61.7,31,31,Driver & Passenger,4807,3.7
Audi,Model_8195,Small,16.6,43.3,59.4,33,43,None,5798,1.3
Nissan,Model_8196,Van,32.2,22.3,44.6,23,45,Driver only,5444,1.6
Kia,Model_8197,Midsize,9.4,47.1,13.7,26,36,Driver & Passenger,5791,4.4
Nissan,Model_8198,Compact,39.5,50.2,51.8,30,29,Driver & Passenger,6460,4.9
Volkswagen,Model_8199,Midsize,43.2,25.8,20.5,18,26,Driver & Passenger,6123,3.5
Kia,Model_8200,SUV,32.7,40.7,62.0,25,47,Driver & Passenger,5372,2.5
Volkswagen,Model_8201,Midsize,27.2,15.3,35.1,35,40,Driver only,6467,1.9
Audi,Model_8202,Van,35.0,43.5,44.6,34,24,Driver & Passenger,5685,4.0
Kia,Model_8203,Van,20.4,17.4,26.9,18,42,Driver & Passenger,5464,3.6
Hyundai,Model_8204,Sport,31.4,40.9,37.2,16,34,Driver & Passenger,5109,4.6
Audi,Model_8205,Sport,34.7,29.0,52.0,24,35,Driver & Passenger,4594,4.6
Mercedes-Benz,Model_8206,Van,13.7,51.8,38.1,23,46,Driver & Passenger,5480,2.2
Volkswagen,Model_8207,Van,13.6,30.9,56.9,31,35,Driver & Passenger,4329,4.2
Hyundai,Model_8208,Compact,34.6,11.4,49.8,26,29,Driver & Passenger,5544,2.0
Chevrolet,Model_8209,Compact,24.3,31.6,16.1,18,33,Driver only,5563,4.1
Chevrolet,Model_8210,Midsize,41.0,45.8,44.2,23,39,Driver & Passenger,4221,1.7
Kia,Model_8211,SUV,19.9,39.1,44.5,28,36,Driver & Passenger,5459,2.4
Subaru,Model_8212,Large,10.0,53.5,32.2,18,25,Driver & Passenger,5023,1.3
Mercedes-Benz,Model_8213,SUV,32.2,47.9,29.1,16,20,Driver & Passenger,4146,2.2
Hyundai,Model_8214,Compact,33.5,33.7,15.3,32,30,Driver & Passenger,5242,2.3
Chevrolet,Model_8215,Midsize,28.7,19.3,35.6,27,20,Driver & Passenger,4067,3.7
BMW,Model_8216,SUV,33.4,10.2,29.8,24,31,Driver only,6352,3.9
Subaru,Model_8217,Small,27.6,54.1,62.4,28,43,Driver & Passenger,4025,3.4
Hyundai,Model_8218,Sport,33.8,52.2,47.7,23,39,Driver & Passenger,5836,4.1
BMW,Model_8219,SUV,10.1,22.3,36.4,25,34,None,4322,2.8
Mercedes-Benz,Model_8220,Large,21.9,38.7,52.0,34,24,Driver & Passenger,4492,3.5
Mercedes-Benz,Model_8221,Midsize,16.2,42.8,53.3,15,29,None,5277,2.4
Chevrolet,Model_8222,SUV,12.1,36.0,37.5,26,45,Driver only,6076,3.1
Chevrolet,Model_8223,Van,17.0,47.9,16.0,31,36,Driver & Passenger,5930,1.6
Mazda,Model_8224,Small,15.5,13.5,53.4,31,29,Driver & Passenger,5150,3.4
Mazda,Model_8225,Sport,44.0,50.3,16.8,22,26,None,5214,1.8
Audi,Model_8226,Small,19.0,27.6,56.9,31,46,Driver only,4975,2.8
Kia,Model_8227,Midsize,16.9,31.6,29.7,35,37,Driver & Passenger,5259,3.7
Honda,Model_8228,Compact,39.0,30.0,45.8,34,25,Driver & Passenger,5925,2.7
Hyundai,Model_8229,Sport,23.8,33.9,51.2,35,28,None,5248,1.9
Honda,Model_8230,Small,23.9,36.9,13.9,27,21,Driver & Passenger,6094,3.7
Chevrolet,Model_8231,Compact,24.7,42.0,32.4,27,41,Driver & Passenger,5522,4.4
Nissan,Model_8232,Large,23.7,33.6,44.0,29,47,Driver & Passenger,5479,3.0
Chevrolet,Model_8233,Midsize,20.4,40.8,57.0,32,31,None,5866,3.2
Mercedes-Benz,Model_8234,Midsize,19.0,25.2,50.0,27,24,None,5455,2.6
Mazda,Model_8235,Sport,40.7,52.2,59.5,22,34,Driver & Passenger,4493,3.3
Audi,Model_8236,Small,14.4,12.9,16.4,21,32,Driver & Passenger,5141,3.0
Mercedes-Benz,Model_8237,Large,15.1,34.5,15.8,37,21,Driver only,6220,4.0
Chevrolet,Model_8238,Van,29.4,13.9,49.8,33,34,Driver & Passenger,6071,2.0
Hyundai,Model_8239,Sport,21.0,29.9,33.1,24,33,Driver & Passenger,5109,2.9
Subaru,Model_8240,Van,23.9,21.6,37.5,26,28,Driver & Passenger,5969,2.3
Lexus,Model_8241,Sport,37.9,52.2,44.0,16,35,Driver & Passenger,4570,1.4
Mercedes-Benz,Model_8242,Small,41.5,10.6,64.3,28,21,Driver & Passenger,5790,2.5
Nissan,Model_8243,Large,37.4,27.6,15.6,24,20,Driver & Passenger,6306,4.8
Hyundai,Model_8244,Small,17.1,45.2,17.8,31,44,None,5119,2.8
Audi,Model_8245,Midsize,44.3,18.5,56.0,27,28,Driver & Passenger,4456,3.2
Hyundai,Model_8246,Van,21.8,46.7,13.1,15,44,Driver & Passenger,6237,4.0
Audi,Model_8247,Compact,14.7,48.7,35.9,37,43,Driver & Passenger,6398,4.9
BMW,Model_8248,SUV,26.7,41.9,53.0,29,39,Driver & Passenger,4423,2.6
Ford,Model_8249,Midsize,35.0,19.4,22.3,15,33,Driver & Passenger,6098,3.1
Hyundai,Model_8250,Midsize,11.5,22.2,21.9,29,44,Driver only,5224,4.9
BMW,Model_8251,Van,31.7,17.5,28.4,34,21,Driver & Passenger,5033,2.7
Mazda,Model_8252,Sport,39.8,18.3,20.0,29,20,Driver & Passenger,4936,4.2
Toyota,Model_8253,Midsize,18.1,11.6,48.0,28,47,Driver & Passenger,4491,2.8
Nissan,Model_8254,SUV,33.8,48.6,22.6,27,29,Driver only,6315,1.9
Subaru,Model_8255,Large,23.1,33.8,24.0,16,42,Driver only,5994,4.7
Toyota,Model_8256,Midsize,23.6,24.7,42.5,22,41,None,4211,3.8
Kia,Model_8257,Large,18.7,23.0,63.3,23,38,Driver only,5521,4.5
Volkswagen,Model_8258,Small,31.3,34.5,60.4,33,37,None,4447,1.5
Lexus,Model_8259,Sport,21.7,24.7,57.8,33,43,Driver & Passenger,4383,3.8
Mazda,Model_8260,Large,38.8,48.9,40.1,37,39,Driver only,4254,3.6
Mazda,Model_8261,Midsize,43.6,19.5,27.8,23,41,Driver only,4352,2.9
Toyota,Model_8262,Sport,42.6,49.7,49.4,37,39,Driver & Passenger,6239,1.6
Hyundai,Model_8263,SUV,14.5,39.9,32.6,21,30,Driver & Passenger,4013,2.7
Ford,Model_8264,Sport,9.0,53.0,53.2,28,28,None,4940,3.5
Subaru,Model_8265,Large,24.5,10.7,12.9,16,34,Driver & Passenger,4880,3.7
Hyundai,Model_8266,Large,35.1,12.7,40.1,26,47,Driver & Passenger,5580,1.5
Toyota,Model_8267,Compact,44.2,32.5,29.9,25,35,None,5406,2.8
Subaru,Model_8268,Compact,37.1,51.1,25.2,31,32,Driver & Passenger,4846,2.7
Kia,Model_8269,Sport,29.7,42.9,47.1,16,40,Driver & Passenger,4908,4.1
Lexus,Model_8270,Van,9.5,38.0,46.9,36,25,Driver & Passenger,5267,1.2
Lexus,Model_8271,Van,38.6,11.4,14.0,26,44,None,5948,4.1
Hyundai,Model_8272,Compact,15.0,25.9,62.2,29,34,None,5179,4.1
Honda,Model_8273,Midsize,10.5,25.6,31.2,22,34,None,5799,3.8
Hyundai,Model_8274,Small,39.5,34.4,60.6,22,41,Driver & Passenger,6466,4.6
Audi,Model_8275,Sport,29.2,21.6,42.9,36,37,Driver & Passenger,5563,2.9
Volkswagen,Model_8276,Small,13.2,22.0,46.6,32,30,Driver & Passenger,4981,1.4
BMW,Model_8277,Compact,22.6,37.9,62.9,28,20,Driver & Passenger,6137,2.3
Hyundai,Model_8278,Large,11.6,52.5,55.6,24,33,Driver & Passenger,5744,3.4
Nissan,Model_8279,SUV,31.8,39.7,19.4,18,44,Driver only,5765,2.3
Volkswagen,Model_8280,Sport,18.8,40.1,12.3,30,21,Driver & Passenger,6423,3.5
Hyundai,Model_8281,Compact,40.1,54.4,28.4,30,21,None,5290,1.2
Ford,Model_8282,Midsize,21.6,16.9,37.9,35,39,Driver & Passenger,5061,1.3
Lexus,Model_8283,SUV,26.6,11.5,50.8,31,45,Driver & Passenger,4449,1.0
Mercedes-Benz,Model_8284,Sport,10.8,43.5,47.0,23,29,None,5470,4.9
Volkswagen,Model_8285,Sport,18.6,29.7,28.6,25,35,Driver & Passenger,5817,2.0
Lexus,Model_8286,Van,33.2,29.3,40.7,27,22,Driver only,4898,4.2
Subaru,Model_8287,Large,35.4,20.1,46.5,15,33,Driver & Passenger,4672,4.5
Ford,Model_8288,Sport,17.4,32.8,39.2,21,42,Driver only,4006,1.6
Volkswagen,Model_8289,Large,26.9,29.9,48.5,25,26,Driver & Passenger,4943,1.8
Subaru,Model_8290,Compact,38.3,25.5,37.7,17,38,Driver & Passenger,4600,2.5
Hyundai,Model_8291,Midsize,22.4,29.9,40.1,16,38,Driver & Passenger,6127,3.0
Hyundai,Model_8292,SUV,13.4,27.3,61.9,28,44,Driver & Passenger,4336,3.1
Subaru,Model_8293,SUV,24.3,52.3,32.6,24,42,Driver & Passenger,4352,2.5
Chevrolet,Model_8294,Midsize,30.4,54.1,52.1,34,38,None,6001,3.3
Mazda,Model_8295,Sport,8.8,47.8,29.7,31,22,Driver & Passenger,4358,3.9
Volkswagen,Model_8296,Sport,21.2,54.6,29.6,22,32,Driver & Passenger,5494,3.8
Hyundai,Model_8297,Compact,30.7,22.0,61.1,29,38,Driver only,4776,1.1
Hyundai,Model_8298,Van,43.2,47.9,49.0,36,44,Driver & Passenger,4175,3.4
Mazda,Model_8299,Van,23.4,28.3,61.2,20,33,Driver & Passenger,5186,3.9
Honda,Model_8300,Van,14.4,43.6,64.7,34,27,Driver only,5943,1.8
Subaru,Model_8301,Large,28.0,19.1,12.0,36,42,Driver & Passenger,5746,3.4
Toyota,Model_8302,Van,18.9,46.5,64.1,16,27,Driver & Passenger,4589,1.4
Honda,Model_8303,Midsize,16.3,13.8,17.3,36,36,None,5282,3.7
Lexus,Model_8304,SUV,30.0,22.2,15.7,29,44,Driver & Passenger,6000,3.5
Hyundai,Model_8305,SUV,41.9,47.0,52.7,30,40,Driver only,6467,2.0
Ford,Model_8306,Large,39.0,43.6,30.6,16,24,Driver & Passenger,6133,4.5
Chevrolet,Model_8307,Compact,15.2,32.6,60.6,36,24,Driver only,4131,4.2
Kia,Model_8308,Midsize,36.5,40.3,40.9,28,44,None,5545,4.0
Mazda,Model_8309,SUV,16.9,18.4,32.5,37,40,Driver only,4735,2.8
BMW,Model_8310,Midsize,19.1,40.0,15.9,34,21,None,6046,1.9
Mazda,Model_8311,SUV,42.1,10.4,36.6,15,41,Driver only,6035,4.1
Audi,Model_8312,Small,41.8,47.5,26.7,23,42,Driver & Passenger,6096,1.9
Lexus,Model_8313,Compact,14.7,33.2,16.1,31,30,Driver & Passenger,6041,2.9
Mercedes-Benz,Model_8314,Compact,10.8,52.5,47.5,35,34,Driver & Passenger,5874,2.5
Mercedes-Benz,Model_8315,Small,19.2,31.5,63.8,28,42,None,5389,1.8
Nissan,Model_8316,Large,29.7,29.5,32.1,37,26,Driver & Passenger,5398,3.5
Hyundai,Model_8317,SUV,40.5,30.3,27.8,24,30,Driver & Passenger,4357,4.9
Honda,Model_8318,SUV,12.8,26.2,16.8,27,21,Driver only,6223,2.9
BMW,Model_8319,SUV,23.6,17.5,23.8,27,25,Driver & Passenger,4810,3.0
Ford,Model_8320,Van,18.4,47.9,27.1,36,28,None,4818,2.5
Hyundai,Model_8321,Van,9.0,27.5,30.2,33,36,None,5457,1.9
Ford,Model_8322,Van,37.3,33.8,45.6,22,38,Driver & Passenger,5832,2.1
Ford,Model_8323,Van,38.2,10.9,18.1,21,31,None,4881,4.5
Kia,Model_8324,Van,16.6,12.7,15.1,31,25,Driver & Passenger,5459,4.8
Audi,Model_8325,Small,14.0,36.9,61.3,22,35,Driver & Passenger,4335,4.3
Mercedes-Benz,Model_8326,Compact,13.8,49.6,54.4,18,42,Driver only,5949,1.1
Ford,Model_8327,Large,25.4,32.2,26.7,21,21,Driver & Passenger,5910,3.4
Hyundai,Model_8328,Midsize,17.5,17.4,45.9,37,45,Driver & Passenger,5539,3.2
Hyundai,Model_8329,Van,27.2,15.2,43.4,34,43,Driver only,6283,4.1
Subaru,Model_8330,Small,22.5,50.5,51.4,31,30,Driver & Passenger,5225,4.1
Hyundai,Model_8331,SUV,16.2,41.6,57.5,19,34,Driver & Passenger,5895,2.8
Mercedes-Benz,Model_8332,Large,35.9,53.5,31.0,34,25,Driver only,5594,2.2
Ford,Model_8333,Large,14.0,13.7,47.0,18,47,Driver & Passenger,5197,1.4
Hyundai,Model_8334,Large,37.7,50.6,54.5,33,44,None,4543,3.4
Hyundai,Model_8335,Small,29.0,48.1,49.1,15,28,Driver & Passenger,5308,2.1
Audi,Model_8336,Midsize,38.9,50.2,60.9,35,28,Driver & Passenger,4766,4.9
Volkswagen,Model_8337,Van,8.7,10.3,38.2,24,44,Driver & Passenger,5865,1.2
Chevrolet,Model_8338,Large,35.8,43.4,54.5,20,37,Driver & Passenger,5525,4.9
Chevrolet,Model_8339,Small,10.4,34.7,60.2,26,45,Driver only,4689,3.0
Audi,Model_8340,SUV,43.2,35.8,41.5,31,32,Driver & Passenger,4597,3.4
Nissan,Model_8341,Compact,34.1,31.1,12.9,19,45,None,4507,3.3
Kia,Model_8342,SUV,20.2,43.4,55.4,36,42,Driver & Passenger,5040,4.0
Lexus,Model_8343,Small,20.2,55.0,56.8,23,24,None,4237,1.4
Lexus,Model_8344,Small,39.9,42.0,33.2,23,44,None,6492,4.6
BMW,Model_8345,Small,41.5,40.5,24.1,19,36,None,4934,4.2
Mercedes-Benz,Model_8346,Large,41.0,39.4,63.8,33,45,Driver only,4720,4.4
Subaru,Model_8347,Small,38.0,41.3,41.2,36,42,Driver & Passenger,5889,2.9
Mazda,Model_8348,Compact,38.4,25.4,39.4,25,45,None,5960,3.8
Hyundai,Model_8349,Large,29.4,24.4,62.1,26,40,Driver only,6073,2.8
Toyota,Model_8350,SUV,9.5,45.3,33.6,19,30,Driver only,6136,1.5
Chevrolet,Model_8351,Compact,11.7,12.4,57.0,22,28,Driver only,5507,2.2
Volkswagen,Model_8352,Sport,32.2,44.2,49.1,31,42,None,4234,2.1
Audi,Model_8353,SUV,23.1,46.6,63.3,22,39,None,4038,1.7
BMW,Model_8354,Small,29.2,33.5,34.7,16,46,None,5994,2.0
Audi,Model_8355,Van,16.9,51.0,60.1,37,43,Driver only,6091,3.0
Mazda,Model_8356,Van,32.2,31.3,42.2,32,28,Driver & Passenger,4359,2.7
BMW,Model_8357,Large,17.4,18.0,37.2,33,28,None,5087,2.3
Chevrolet,Model_8358,Van,25.3,26.3,28.2,35,29,Driver only,5719,4.6
Ford,Model_8359,SUV,26.0,50.8,41.3,24,39,Driver & Passenger,5621,4.1
Subaru,Model_8360,Large,15.0,54.7,42.3,21,25,Driver & Passenger,4908,1.0
Audi,Model_8361,SUV,40.5,29.0,59.6,23,23,Driver & Passenger,6331,3.3
Subaru,Model_8362,Small,27.7,17.5,49.3,26,20,Driver & Passenger,5618,3.8
Subaru,Model_8363,Midsize,40.1,22.9,55.8,26,25,Driver & Passenger,5789,1.2
Subaru,Model_8364,Midsize,18.1,34.9,52.8,19,43,Driver & Passenger,4794,1.5
Volkswagen,Model_8365,Compact,14.8,35.7,26.7,25,25,None,6378,2.1
Toyota,Model_8366,Small,9.2,38.4,22.9,31,31,None,5327,3.5
Chevrolet,Model_8367,Van,11.9,47.6,25.7,29,22,Driver only,5758,4.7
Subaru,Model_8368,Small,13.9,42.0,19.8,25,32,Driver only,5564,2.9
Volkswagen,Model_8369,Sport,11.4,21.7,32.5,29,43,Driver & Passenger,5735,4.9
Honda,Model_8370,Midsize,41.2,27.8,46.7,30,29,Driver & Passenger,4842,4.7
Mercedes-Benz,Model_8371,Van,41.8,47.8,40.5,33,28,None,4832,3.5
Lexus,Model_8372,SUV,42.7,38.5,48.0,35,36,Driver & Passenger,4070,2.8
Toyota,Model_8373,SUV,43.5,17.5,30.9,26,30,Driver & Passenger,5865,3.7
Nissan,Model_8374,Midsize,26.5,24.6,22.9,17,46,Driver & Passenger,6184,4.2
Kia,Model_8375,Small,27.8,45.6,22.7,22,25,Driver & Passenger,5086,4.8
Chevrolet,Model_8376,Van,13.3,17.7,43.8,25,29,Driver & Passenger,4588,4.0
Ford,Model_8377,Compact,13.5,41.1,20.7,15,43,Driver & Passenger,4529,2.6
Hyundai,Model_8378,SUV,36.7,35.4,33.0,18,37,Driver & Passenger,5923,3.0
Chevrolet,Model_8379,Small,39.7,16.6,23.3,20,33,Driver & Passenger,5701,1.2
Mazda,Model_8380,Compact,37.1,41.0,47.1,24,23,Driver only,5171,1.1
BMW,Model_8381,Van,39.0,16.4,44.6,29,32,Driver & Passenger,5209,2.1
Mercedes-Benz,Model_8382,Midsize,18.6,27.9,32.2,22,20,None,6091,4.2
Lexus,Model_8383,Sport,25.5,23.9,18.8,28,39,None,4832,2.3
Audi,Model_8384,Large,25.3,41.1,23.2,16,21,Driver & Passenger,4648,1.5
Subaru,Model_8385,Midsize,44.8,45.2,37.0,37,22,Driver & Passenger,5385,2.4
BMW,Model_8386,Compact,43.1,17.6,63.5,34,39,Driver & Passenger,4112,2.2
BMW,Model_8387,Small,30.3,46.5,26.4,35,22,Driver only,4756,5.0
Subaru,Model_8388,SUV,13.5,10.3,22.1,20,25,Driver & Passenger,5984,4.9
Chevrolet,Model_8389,Van,17.9,33.9,23.7,17,26,None,5032,3.9
Subaru,Model_8390,Midsize,21.8,33.3,49.5,16,30,Driver & Passenger,5992,4.3
Mercedes-Benz,Model_8391,SUV,40.4,38.1,60.5,28,26,Driver & Passenger,5348,2.0
Lexus,Model_8392,SUV,14.7,20.8,16.0,32,36,None,5141,3.2
Mazda,Model_8393,Sport,16.5,10.4,51.7,29,40,Driver & Passenger,6433,5.0
Subaru,Model_8394,Van,21.3,30.5,38.2,18,38,Driver only,6253,2.3
Audi,Model_8395,Compact,42.3,13.2,55.7,30,31,Driver & Passenger,5739,4.9
Audi,Model_8396,Van,26.9,50.1,34.3,37,20,Driver & Passenger,5052,1.8
BMW,Model_8397,Van,32.1,17.8,12.3,26,20,Driver & Passenger,5231,3.5
Nissan,Model_8398,Small,22.6,29.1,48.2,31,37,Driver & Passenger,5327,4.1
Kia,Model_8399,Large,15.4,29.5,54.8,15,29,Driver only,4584,3.4
Mazda,Model_8400,SUV,16.6,34.9,59.8,34,43,Driver & Passenger,4919,2.2
Nissan,Model_8401,Compact,37.8,45.2,42.2,23,39,Driver only,5396,4.3
Hyundai,Model_8402,Small,41.1,31.2,18.5,26,45,Driver only,6451,1.8
Hyundai,Model_8403,SUV,26.5,11.2,31.6,19,22,Driver & Passenger,4851,2.7
Toyota,Model_8404,Large,21.5,44.7,53.6,31,33,Driver only,4507,2.1
BMW,Model_8405,Small,38.0,13.7,38.2,17,27,Driver & Passenger,6290,3.0
Audi,Model_8406,Large,33.1,38.9,49.1,20,35,Driver & Passenger,6281,2.5
Chevrolet,Model_8407,Large,10.0,46.2,12.2,17,37,None,5412,1.7
Audi,Model_8408,Large,21.3,22.7,15.9,36,28,Driver & Passenger,4658,4.0
Volkswagen,Model_8409,Small,33.4,30.2,48.1,20,23,Driver & Passenger,5867,1.7
Volkswagen,Model_8410,Van,29.4,10.6,27.4,35,46,Driver & Passenger,6458,3.2
Audi,Model_8411,Large,44.2,46.2,32.6,27,44,None,6344,4.2
Lexus,Model_8412,Van,40.1,41.6,46.0,35,20,None,4379,2.9
Mercedes-Benz,Model_8413,SUV,10.7,20.4,17.9,33,40,Driver & Passenger,4473,4.5
Volkswagen,Model_8414,SUV,35.0,27.6,56.1,29,45,Driver & Passenger,4020,2.7
Ford,Model_8415,Compact,20.8,41.3,19.7,21,42,Driver & Passenger,5602,4.9
Audi,Model_8416,Sport,33.4,26.1,50.9,27,33,Driver & Passenger,6024,1.1
Hyundai,Model_8417,Van,31.0,17.3,27.5,34,30,None,5123,4.2
Toyota,Model_8418,SUV,26.9,33.3,25.8,16,23,Driver & Passenger,4082,3.8
Nissan,Model_8419,Sport,39.6,42.6,55.5,33,47,Driver & Passenger,4532,3.4
Hyundai,Model_8420,Large,34.4,24.4,41.3,33,47,None,5739,2.2
Audi,Model_8421,Sport,41.0,15.5,22.9,17,40,Driver only,4470,3.4
Audi,Model_8422,Sport,18.8,47.3,12.1,17,35,Driver & Passenger,5691,3.4
Volkswagen,Model_8423,Large,21.2,21.4,63.6,20,46,Driver & Passenger,5291,1.6
Mercedes-Benz,Model_8424,Van,31.2,33.1,34.9,27,28,Driver & Passenger,5766,4.5
Subaru,Model_8425,Large,43.8,41.1,33.1,28,41,None,6214,3.1
Ford,Model_8426,Compact,22.1,24.3,14.7,20,33,Driver & Passenger,6321,1.4
Mazda,Model_8427,Midsize,9.7,39.2,59.4,23,25,Driver & Passenger,6296,2.6
Chevrolet,Model_8428,Small,24.8,30.7,19.5,24,21,Driver & Passenger,6429,1.9
Hyundai,Model_8429,Large,28.4,35.7,29.8,30,20,Driver & Passenger,4791,1.7
Mazda,Model_8430,Large,37.7,36.6,34.3,37,39,Driver & Passenger,4651,4.8
Chevrolet,Model_8431,Sport,35.1,47.1,54.9,29,45,Driver only,5361,3.7
Kia,Model_8432,Compact,43.7,39.5,31.1,26,38,Driver & Passenger,5799,2.2
Audi,Model_8433,SUV,37.1,21.9,40.2,27,46,None,4056,3.7
Ford,Model_8434,SUV,19.4,12.7,34.7,32,42,Driver & Passenger,5244,4.2
Honda,Model_8435,Sport,31.9,10.1,28.5,16,26,Driver & Passenger,6105,2.3
Volkswagen,Model_8436,Van,33.0,50.7,62.2,28,41,Driver & Passenger,4308,4.9
BMW,Model_8437,Large,44.9,52.4,54.2,31,34,Driver & Passenger,4920,4.5
Volkswagen,Model_8438,Large,13.6,14.2,21.2,37,24,Driver only,4223,4.2
Hyundai,Model_8439,Sport,15.5,31.9,41.4,37,22,Driver only,5135,3.9
Nissan,Model_8440,Large,14.2,16.8,54.2,15,34,Driver & Passenger,5682,1.2
Mercedes-Benz,Model_8441,Van,30.0,52.7,42.7,36,23,None,4809,1.1
Hyundai,Model_8442,Midsize,13.4,21.1,38.2,25,24,Driver & Passenger,6294,1.7
Hyundai,Model_8443,Small,32.4,32.6,15.8,28,23,None,5103,4.7
Nissan,Model_8444,Small,37.8,17.5,17.6,26,22,Driver & Passenger,4523,1.9
Kia,Model_8445,Small,24.3,25.0,25.0,37,21,Driver only,5723,3.8
Mazda,Model_8446,Midsize,29.0,22.0,39.2,28,24,Driver & Passenger,6199,4.9
Mercedes-Benz,Model_8447,Large,41.8,31.4,64.3,31,37,Driver only,4419,4.7
Mercedes-Benz,Model_8448,Sport,29.3,28.9,54.5,26,21,Driver only,4131,2.6
Toyota,Model_8449,SUV,16.1,24.9,17.8,20,34,Driver & Passenger,4482,3.7
Audi,Model_8450,Compact,21.0,14.8,50.0,23,37,Driver only,4055,4.0
Honda,Model_8451,Large,27.8,31.8,55.0,26,37,Driver & Passenger,6165,3.2
Nissan,Model_8452,Midsize,14.2,48.3,34.0,31,27,None,4369,3.1
BMW,Model_8453,Van,30.9,42.9,29.5,30,31,Driver & Passenger,4700,1.9
Nissan,Model_8454,Midsize,45.0,42.4,43.0,16,42,Driver & Passenger,4519,3.7
Subaru,Model_8455,SUV,32.3,26.5,39.5,32,28,Driver & Passenger,4646,2.2
Toyota,Model_8456,Small,22.1,41.9,26.1,30,38,Driver only,5432,2.2
Subaru,Model_8457,Large,20.6,30.9,33.1,24,20,Driver & Passenger,4943,2.1
Hyundai,Model_8458,SUV,42.5,16.8,40.9,33,41,None,4034,1.3
Ford,Model_8459,Small,40.3,28.9,42.7,18,44,None,5681,4.4
Hyundai,Model_8460,Compact,25.7,16.0,40.2,21,36,Driver & Passenger,4266,4.5
Kia,Model_8461,Van,21.4,15.2,56.8,30,20,Driver & Passenger,5245,3.9
Ford,Model_8462,Small,34.4,11.0,13.7,33,39,Driver & Passenger,5436,4.7
Hyundai,Model_8463,Compact,20.0,22.7,29.6,37,45,Driver & Passenger,6302,3.5
BMW,Model_8464,Midsize,12.9,24.9,51.7,19,36,Driver & Passenger,4609,3.6
Volkswagen,Model_8465,Small,19.8,41.5,46.5,19,44,Driver & Passenger,4466,4.6
Hyundai,Model_8466,Small,24.4,34.2,60.7,37,25,Driver & Passenger,4232,1.8
Mercedes-Benz,Model_8467,Sport,17.8,48.6,43.2,37,24,Driver & Passenger,5038,2.7
BMW,Model_8468,Van,16.4,17.9,45.8,21,46,Driver & Passenger,6376,3.8
BMW,Model_8469,Van,8.7,22.0,49.4,31,24,None,5215,2.1
Mercedes-Benz,Model_8470,SUV,31.5,52.3,21.9,15,30,Driver only,4577,1.9
Volkswagen,Model_8471,Midsize,30.9,30.0,51.9,17,30,Driver & Passenger,5902,4.6
Lexus,Model_8472,Sport,15.4,45.5,27.9,30,30,None,6277,5.0
Ford,Model_8473,SUV,42.9,32.1,34.5,36,31,Driver & Passenger,6262,2.5
Mazda,Model_8474,Compact,23.4,31.2,12.7,16,31,None,6188,1.9
Chevrolet,Model_8475,SUV,9.4,16.7,56.7,15,21,Driver & Passenger,5491,2.6
Audi,Model_8476,Compact,16.5,48.3,62.5,35,22,Driver & Passenger,5094,2.2
Nissan,Model_8477,Midsize,33.8,13.5,15.2,21,47,Driver & Passenger,4824,4.3
Chevrolet,Model_8478,Van,15.9,24.0,45.7,24,26,Driver & Passenger,5023,4.6
Toyota,Model_8479,Compact,10.5,40.3,62.9,17,39,Driver & Passenger,6000,2.6
Mazda,Model_8480,Midsize,31.0,32.8,44.2,32,33,Driver & Passenger,5714,3.4
Chevrolet,Model_8481,SUV,27.4,49.7,54.3,17,41,Driver & Passenger,5563,1.3
Ford,Model_8482,Compact,36.3,11.8,18.3,21,35,Driver & Passenger,6172,2.8
Toyota,Model_8483,Large,36.7,39.2,25.0,29,43,Driver & Passenger,4880,1.0
Honda,Model_8484,Small,43.5,31.5,30.3,15,33,Driver only,4863,3.7
Mercedes-Benz,Model_8485,SUV,10.6,16.9,64.0,33,36,None,6391,1.7
Mazda,Model_8486,Van,9.9,43.4,53.4,19,34,Driver & Passenger,6246,4.5
Mercedes-Benz,Model_8487,SUV,44.5,28.5,58.9,35,30,None,5186,3.5
Chevrolet,Model_8488,Large,32.0,33.9,37.8,36,32,None,5315,4.7
Lexus,Model_8489,Midsize,34.6,53.5,50.0,21,25,Driver & Passenger,4183,4.8
Toyota,Model_8490,Midsize,12.0,31.9,50.8,25,36,Driver & Passenger,5085,1.7
Honda,Model_8491,SUV,11.0,47.1,42.2,15,31,Driver & Passenger,4907,3.1
Hyundai,Model_8492,Large,14.3,44.6,58.5,36,47,Driver & Passenger,5638,1.8
Mercedes-Benz,Model_8493,SUV,24.1,39.8,20.4,16,47,Driver & Passenger,5878,2.8
Toyota,Model_8494,Small,12.5,50.4,15.0,28,43,Driver & Passenger,4141,2.8
Subaru,Model_8495,Small,24.8,21.3,28.1,24,23,None,5213,3.9
Lexus,Model_8496,Sport,29.0,46.9,16.7,17,40,Driver & Passenger,4629,4.9
Volkswagen,Model_8497,Compact,8.5,27.0,15.2,28,29,None,4533,3.5
Ford,Model_8498,Sport,12.7,46.6,34.2,19,37,None,4624,4.3
Hyundai,Model_8499,Small,22.2,32.2,22.6,31,38,Driver & Passenger,6076,2.6
Ford,Model_8500,Large,10.4,48.6,53.9,21,26,Driver only,6397,1.3
Mercedes-Benz,Model_8501,Compact,13.4,50.3,42.7,15,42,None,4526,3.1
Chevrolet,Model_8502,Large,17.0,36.9,31.1,25,31,Driver & Passenger,4110,4.6
Audi,Model_8503,Sport,24.2,32.8,27.2,20,30,None,5624,2.0
Chevrolet,Model_8504,Midsize,34.6,45.2,41.8,30,43,Driver only,6294,2.1
Hyundai,Model_8505,Large,13.3,22.0,35.0,28,22,Driver & Passenger,6118,1.4
BMW,Model_8506,Sport,35.4,10.7,15.0,31,21,Driver & Passenger,4112,5.0
Chevrolet,Model_8507,Sport,39.7,28.3,47.3,29,21,None,5419,2.7
Hyundai,Model_8508,Sport,32.3,32.8,38.5,28,41,Driver only,4828,2.2
Toyota,Model_8509,Midsize,10.1,23.4,26.7,21,21,Driver & Passenger,4046,4.7
Kia,Model_8510,Midsize,24.6,27.3,27.4,24,46,Driver & Passenger,4580,4.2
Chevrolet,Model_8511,SUV,32.6,16.0,36.0,33,34,Driver & Passenger,6290,4.5
Toyota,Model_8512,Midsize,44.2,22.5,55.9,21,23,Driver & Passenger,4455,4.8
Ford,Model_8513,Compact,43.2,20.8,34.4,29,44,Driver & Passenger,6230,4.4
Subaru,Model_8514,Midsize,22.9,23.5,56.5,28,45,None,5348,4.9
Mazda,Model_8515,Midsize,31.0,23.5,34.5,29,22,Driver & Passenger,5365,3.6
Audi,Model_8516,Midsize,41.0,35.2,56.0,33,36,Driver & Passenger,6006,2.0
Ford,Model_8517,Large,38.8,21.3,61.4,35,21,Driver & Passenger,5607,1.7
Ford,Model_8518,Midsize,26.0,52.3,13.1,30,45,Driver & Passenger,5426,3.4
Hyundai,Model_8519,Compact,18.0,33.0,15.3,16,29,Driver only,4702,2.4
Mercedes-Benz,Model_8520,Sport,13.5,15.8,19.1,16,26,Driver & Passenger,5264,1.5
Mercedes-Benz,Model_8521,Large,26.3,22.6,18.5,15,28,Driver & Passenger,4632,4.2
BMW,Model_8522,Small,34.9,42.8,36.1,30,44,None,5870,2.4
Nissan,Model_8523,Midsize,43.9,10.6,52.5,33,39,None,6342,2.8
Kia,Model_8524,SUV,40.0,52.2,63.0,18,34,Driver & Passenger,6206,3.4
BMW,Model_8525,SUV,16.0,30.0,34.1,17,27,Driver & Passenger,5429,2.6
Hyundai,Model_8526,Sport,34.8,33.4,48.5,25,36,Driver only,4057,4.5
Volkswagen,Model_8527,Sport,19.1,54.5,45.7,31,46,None,4274,4.9
Audi,Model_8528,Large,33.4,32.7,32.8,19,30,Driver only,5077,2.5
Hyundai,Model_8529,SUV,32.8,52.6,50.2,37,35,None,5025,1.7
Kia,Model_8530,Small,18.4,51.2,43.4,23,41,Driver & Passenger,5358,2.1
Kia,Model_8531,Van,17.1,52.4,52.3,15,43,Driver only,4165,3.7
Lexus,Model_8532,SUV,12.3,46.6,22.3,23,37,Driver & Passenger,4116,1.3
Hyundai,Model_8533,SUV,10.3,23.3,31.1,18,43,Driver & Passenger,6390,3.7
Honda,Model_8534,Compact,39.8,25.6,47.6,30,23,Driver & Passenger,5601,3.1
Ford,Model_8535,Van,10.3,26.4,18.6,29,37,Driver only,4288,1.2
Subaru,Model_8536,Sport,11.7,54.1,52.8,24,39,None,4337,2.6
Mazda,Model_8537,Van,17.2,26.2,19.1,19,27,Driver & Passenger,5144,1.9
Honda,Model_8538,SUV,40.9,14.9,29.2,30,34,Driver & Passenger,4875,1.5
Mercedes-Benz,Model_8539,Sport,20.7,45.0,24.6,20,32,None,4314,4.8
Hyundai,Model_8540,Van,15.5,26.5,15.2,30,23,Driver & Passenger,4503,2.2
Hyundai,Model_8541,Sport,34.6,37.9,26.3,18,33,None,5290,3.0
Hyundai,Model_8542,Sport,20.1,51.6,60.3,36,34,Driver only,4139,3.4
Honda,Model_8543,Large,20.7,35.9,13.4,35,34,Driver & Passenger,5144,3.5
Hyundai,Model_8544,Small,35.5,38.7,12.9,29,43,Driver & Passenger,6036,2.5
Mazda,Model_8545,Sport,17.7,38.9,49.3,17,42,Driver only,4256,2.1
Hyundai,Model_8546,Compact,41.2,37.6,31.4,33,24,Driver only,4794,3.3
Mercedes-Benz,Model_8547,SUV,29.0,17.2,24.2,23,43,Driver only,4246,4.2
Hyundai,Model_8548,SUV,28.1,30.5,39.0,19,34,Driver & Passenger,4584,4.6
Kia,Model_8549,Compact,18.2,10.3,26.1,30,37,None,4448,3.4
Honda,Model_8550,Midsize,39.0,38.2,32.8,17,22,Driver & Passenger,5584,3.1
Toyota,Model_8551,Sport,29.4,35.9,49.9,22,39,Driver & Passenger,4966,4.9
Hyundai,Model_8552,Sport,14.2,24.3,18.2,28,29,Driver & Passenger,5976,1.8
Chevrolet,Model_8553,Sport,16.0,33.6,62.9,17,24,Driver only,4168,1.1
Hyundai,Model_8554,Van,25.6,32.2,14.3,30,24,Driver only,5327,3.0
Honda,Model_8555,Sport,37.0,21.3,54.7,21,34,Driver & Passenger,4681,1.2
Nissan,Model_8556,Sport,42.8,23.2,50.4,23,20,Driver & Passenger,5379,1.2
Audi,Model_8557,Compact,32.7,44.3,27.0,17,20,Driver & Passenger,5374,1.1
Nissan,Model_8558,Small,27.0,44.0,18.3,22,35,Driver & Passenger,6338,3.5
Honda,Model_8559,Small,17.7,31.1,57.2,26,47,Driver & Passenger,6320,3.5
Hyundai,Model_8560,Midsize,33.1,42.3,48.0,31,46,Driver & Passenger,4686,2.0
Ford,Model_8561,Compact,44.4,30.3,27.4,28,36,Driver & Passenger,6333,2.8
Hyundai,Model_8562,Sport,25.9,48.3,12.9,30,33,Driver & Passenger,4755,2.7
Ford,Model_8563,Small,14.4,25.0,61.7,33,34,None,6056,3.0
Mercedes-Benz,Model_8564,Large,12.3,51.7,33.4,18,33,None,4790,1.8
Mercedes-Benz,Model_8565,Large,18.3,34.4,21.3,17,40,Driver only,5163,4.3
Honda,Model_8566,Large,29.3,34.1,60.3,27,21,None,6384,2.2
Kia,Model_8567,Sport,43.1,40.2,31.0,23,22,Driver & Passenger,4672,2.3
Mercedes-Benz,Model_8568,Sport,19.4,25.3,36.6,27,43,Driver & Passenger,5301,3.6
Kia,Model_8569,Midsize,19.6,42.6,49.0,26,31,Driver only,5033,4.9
Mercedes-Benz,Model_8570,SUV,26.1,24.4,55.4,35,45,Driver & Passenger,5421,1.8
Hyundai,Model_8571,Midsize,42.0,27.9,17.3,29,43,None,5674,2.4
Hyundai,Model_8572,Midsize,23.8,40.4,59.6,17,47,Driver & Passenger,5426,2.5
Mazda,Model_8573,Van,16.6,27.0,61.4,17,45,None,5330,3.1
Chevrolet,Model_8574,Large,14.5,19.0,25.7,16,21,Driver & Passenger,6330,4.3
Hyundai,Model_8575,Sport,25.2,49.2,38.4,20,27,Driver only,4906,3.9
Lexus,Model_8576,Large,37.7,51.5,57.5,30,46,Driver & Passenger,6197,1.8
Hyundai,Model_8577,Midsize,19.1,38.2,37.8,37,31,None,5471,3.9
Lexus,Model_8578,Sport,27.2,46.5,37.5,32,28,Driver & Passenger,4934,1.5
Nissan,Model_8579,Compact,30.5,54.4,44.8,23,45,Driver & Passenger,5925,1.8
Volkswagen,Model_8580,Small,24.9,37.7,52.7,17,33,Driver & Passenger,5438,2.6
Chevrolet,Model_8581,Small,15.5,50.9,47.3,37,45,Driver only,5853,2.4
Nissan,Model_8582,Midsize,42.1,26.2,45.2,37,25,Driver & Passenger,6364,4.5
Mercedes-Benz,Model_8583,SUV,29.1,41.5,31.7,30,36,Driver & Passenger,6221,5.0
Kia,Model_8584,Large,35.1,12.5,45.4,18,30,Driver & Passenger,4244,1.8
Mercedes-Benz,Model_8585,Compact,31.7,45.5,17.5,28,46,None,4341,3.6
Honda,Model_8586,Sport,44.9,47.3,33.7,18,38,Driver & Passenger,4008,3.3
Mazda,Model_8587,SUV,25.2,28.1,22.0,32,40,Driver & Passenger,4478,4.1
Mercedes-Benz,Model_8588,Large,24.0,38.8,40.5,32,32,Driver & Passenger,6069,3.8
Subaru,Model_8589,Midsize,21.6,48.6,25.9,32,22,Driver & Passenger,5844,2.1
Nissan,Model_8590,Large,21.7,49.8,38.8,35,22,Driver & Passenger,4276,4.4
Kia,Model_8591,Midsize,18.6,14.8,53.2,17,44,Driver & Passenger,4924,2.9
Subaru,Model_8592,Van,44.3,47.2,35.0,21,40,Driver & Passenger,4052,4.7
Mazda,Model_8593,Small,40.3,22.3,23.6,27,33,Driver & Passenger,5597,3.2
Hyundai,Model_8594,SUV,20.1,42.7,23.8,21,27,None,4674,2.2
Honda,Model_8595,Small,19.6,24.6,60.0,36,26,Driver & Passenger,4854,4.6
Audi,Model_8596,Large,12.3,12.5,53.4,27,23,Driver only,4423,4.3
Ford,Model_8597,Compact,40.5,19.4,13.9,18,22,Driver & Passenger,6027,4.8
BMW,Model_8598,Sport,22.1,28.4,62.0,30,38,None,6006,4.6
Mazda,Model_8599,Midsize,29.4,43.4,18.0,29,46,Driver & Passenger,5105,2.0
Subaru,Model_8600,Sport,41.4,14.5,46.6,27,21,Driver only,4570,4.3
Audi,Model_8601,Small,23.4,46.6,41.2,24,24,Driver & Passenger,4854,3.4
Audi,Model_8602,Compact,38.0,54.9,14.5,24,31,Driver & Passenger,4768,2.6
Mazda,Model_8603,Compact,24.2,45.5,27.6,19,21,Driver & Passenger,5522,1.0
Audi,Model_8604,Sport,34.1,31.3,53.1,18,37,Driver & Passenger,6105,3.8
Nissan,Model_8605,Small,24.2,35.6,28.3,33,34,None,6229,4.4
Audi,Model_8606,Sport,22.8,10.3,37.5,29,35,Driver & Passenger,5816,3.4
Mercedes-Benz,Model_8607,Large,44.7,19.4,49.0,23,31,Driver only,4933,2.2
Lexus,Model_8608,Compact,30.9,50.5,15.8,30,31,None,4408,1.2
Kia,Model_8609,Compact,21.9,11.0,56.1,18,47,Driver & Passenger,4485,3.6
Chevrolet,Model_8610,Large,17.9,50.7,14.2,25,23,Driver only,4006,2.6
Nissan,Model_8611,Small,10.0,15.1,25.9,31,41,Driver & Passenger,4429,3.0
Audi,Model_8612,Compact,34.3,16.0,52.4,35,47,Driver & Passenger,5359,3.3
Hyundai,Model_8613,SUV,22.1,17.9,60.3,15,41,Driver & Passenger,5018,4.1
Hyundai,Model_8614,Van,38.5,46.0,52.3,23,27,Driver only,5118,3.1
Hyundai,Model_8615,Van,21.8,31.5,24.0,26,30,Driver only,5465,3.1
Ford,Model_8616,Van,22.1,16.5,64.2,37,41,None,5828,2.9
Honda,Model_8617,Midsize,36.9,40.9,33.9,26,41,None,5431,2.7
Subaru,Model_8618,SUV,26.4,52.3,32.0,24,23,Driver only,5648,3.5
Audi,Model_8619,Midsize,40.8,35.8,57.9,23,31,Driver only,5954,1.1
Toyota,Model_8620,Small,30.0,14.4,15.5,35,40,Driver & Passenger,5909,3.9
Mercedes-Benz,Model_8621,Large,17.3,12.5,41.5,34,46,Driver only,4457,2.3
Ford,Model_8622,Sport,29.2,45.8,63.2,30,42,Driver & Passenger,5943,2.5
Hyundai,Model_8623,SUV,8.6,38.2,17.3,27,29,None,6172,3.5
Mercedes-Benz,Model_8624,Small,19.9,51.5,40.7,17,46,Driver & Passenger,5207,2.0
Kia,Model_8625,Sport,16.1,34.6,19.0,32,28,Driver & Passenger,4321,3.6
Audi,Model_8626,Small,32.4,12.8,59.2,18,35,Driver & Passenger,5056,1.5
Subaru,Model_8627,Midsize,13.5,28.2,43.2,33,23,Driver only,5525,3.6
Kia,Model_8628,Van,19.1,39.6,24.4,27,45,Driver & Passenger,4684,3.9
Audi,Model_8629,Large,20.6,27.3,28.3,27,36,Driver & Passenger,4720,3.8
BMW,Model_8630,Midsize,8.6,55.0,39.4,26,41,Driver & Passenger,5803,4.1
Chevrolet,Model_8631,Large,10.2,28.2,50.4,15,37,Driver & Passenger,4718,3.1
Kia,Model_8632,SUV,19.9,34.6,37.8,16,46,Driver & Passenger,6359,4.5
Chevrolet,Model_8633,Sport,16.6,20.1,22.0,17,26,Driver & Passenger,4322,1.9
Ford,Model_8634,Small,12.8,16.8,49.5,36,41,Driver & Passenger,5957,2.5
Volkswagen,Model_8635,Compact,14.1,39.0,18.3,35,28,Driver & Passenger,5876,4.8
BMW,Model_8636,Compact,39.0,36.5,54.9,35,25,None,5762,4.2
Honda,Model_8637,Large,33.4,10.2,33.0,36,41,Driver & Passenger,6090,4.0
Nissan,Model_8638,Van,26.2,22.8,46.6,27,39,Driver only,4389,3.8
Chevrolet,Model_8639,Van,41.7,39.0,30.3,26,47,Driver only,4906,1.4
BMW,Model_8640,Large,9.6,46.6,47.5,30,44,Driver only,6275,4.8
Volkswagen,Model_8641,Midsize,21.1,24.1,59.1,28,22,Driver & Passenger,4222,2.2
Subaru,Model_8642,Compact,38.6,39.1,49.2,28,34,Driver & Passenger,5642,1.6
Chevrolet,Model_8643,Midsize,31.4,21.9,47.6,31,20,None,6223,1.1
Lexus,Model_8644,Sport,44.3,41.1,52.1,19,46,Driver & Passenger,4421,2.5
Hyundai,Model_8645,Compact,43.0,41.4,38.5,20,45,Driver & Passenger,5328,3.7
Lexus,Model_8646,Sport,14.7,15.9,23.7,24,43,None,5122,2.6
Mazda,Model_8647,Small,44.0,39.9,55.2,36,43,None,5841,4.2
Hyundai,Model_8648,Midsize,43.0,25.0,46.4,23,46,None,4524,1.7
Honda,Model_8649,Large,22.1,17.8,28.6,21,36,None,6178,1.7
Hyundai,Model_8650,Compact,44.4,32.5,26.6,18,28,None,4211,2.1
Hyundai,Model_8651,Midsize,9.8,30.4,38.5,37,21,None,5861,1.2
Subaru,Model_8652,Large,32.6,44.8,23.0,21,25,Driver & Passenger,5965,4.4
Audi,Model_8653,Small,18.2,13.8,58.5,25,44,Driver & Passenger,4301,1.5
Chevrolet,Model_8654,Compact,13.2,45.5,53.8,20,35,Driver only,6493,2.5
Audi,Model_8655,Sport,29.6,14.8,28.3,30,32,Driver only,5696,2.9
Lexus,Model_8656,Small,19.7,19.3,14.6,30,25,Driver only,5420,1.9
Toyota,Model_8657,Van,32.8,33.2,14.7,27,42,Driver & Passenger,5701,4.5
Chevrolet,Model_8658,Large,28.2,30.8,27.7,26,34,Driver & Passenger,5856,3.9
BMW,Model_8659,Compact,22.8,54.5,19.8,36,44,Driver & Passenger,5920,1.1
Honda,Model_8660,Compact,15.1,36.5,58.3,16,24,None,4671,2.8
Audi,Model_8661,SUV,30.4,24.7,34.3,35,36,Driver & Passenger,4361,1.6
Lexus,Model_8662,SUV,38.8,50.5,30.4,27,28,Driver only,4530,3.6
Chevrolet,Model_8663,Small,30.4,24.0,23.5,15,45,Driver & Passenger,4509,3.0
Toyota,Model_8664,Compact,30.8,22.3,56.6,24,32,Driver & Passenger,4552,4.2
Hyundai,Model_8665,Large,27.2,32.2,54.0,24,26,Driver & Passenger,4843,3.7
Hyundai,Model_8666,Small,22.7,51.1,32.4,25,35,Driver & Passenger,5557,4.3
BMW,Model_8667,Sport,25.2,41.9,21.0,23,27,Driver only,4609,4.5
Mazda,Model_8668,Small,44.6,40.5,62.5,18,37,None,6134,1.7
Chevrolet,Model_8669,Small,35.9,42.7,28.7,31,24,Driver only,4619,3.3
Mazda,Model_8670,Sport,24.2,39.7,52.9,33,32,Driver & Passenger,4311,1.6
Ford,Model_8671,Van,25.2,44.2,36.5,24,43,Driver only,6322,2.0
Subaru,Model_8672,SUV,26.7,18.7,53.4,27,42,Driver & Passenger,5857,1.9
Honda,Model_8673,Large,32.6,18.0,37.5,16,26,Driver & Passenger,6369,2.4
Chevrolet,Model_8674,Van,25.5,26.3,61.1,23,39,Driver only,4293,4.2
Kia,Model_8675,Van,33.5,48.3,54.4,21,32,Driver only,4550,2.3
Toyota,Model_8676,Van,20.5,42.2,25.8,24,21,Driver & Passenger,4880,4.0
Hyundai,Model_8677,SUV,23.5,35.5,34.8,26,45,Driver & Passenger,5116,1.0
Mercedes-Benz,Model_8678,Midsize,40.0,10.9,17.3,36,38,None,4604,3.3
Mercedes-Benz,Model_8679,SUV,20.5,20.6,59.9,34,33,None,4553,2.1
Audi,Model_8680,Van,43.7,46.2,15.7,25,33,Driver & Passenger,6049,4.0
Volkswagen,Model_8681,Midsize,14.8,20.9,13.0,18,28,None,4039,5.0
Kia,Model_8682,Sport,17.3,42.9,38.3,26,23,Driver & Passenger,4318,3.1
Ford,Model_8683,SUV,25.4,18.3,44.0,26,36,Driver & Passenger,4672,3.1
Honda,Model_8684,Large,37.6,37.3,23.8,37,45,Driver only,4777,4.9
Hyundai,Model_8685,Van,35.2,38.3,42.2,22,39,Driver & Passenger,4488,2.4
BMW,Model_8686,Compact,14.9,43.8,59.5,34,35,None,4263,2.6
Mazda,Model_8687,Sport,17.1,29.7,45.2,28,43,Driver & Passenger,4685,3.8
Ford,Model_8688,Midsize,29.5,38.5,36.2,21,27,Driver & Passenger,5283,3.0
Audi,Model_8689,SUV,19.3,31.9,19.7,17,45,None,6475,4.1
BMW,Model_8690,Large,23.9,52.6,21.0,33,34,None,4603,2.6
Mercedes-Benz,Model_8691,Small,26.3,33.5,37.7,28,45,Driver only,4337,3.8
Lexus,Model_8692,Large,30.2,19.4,36.5,33,37,Driver only,6292,4.1
Hyundai,Model_8693,Large,17.7,40.1,39.7,24,29,Driver only,4071,3.6
Audi,Model_8694,Van,14.5,34.7,38.9,26,23,Driver & Passenger,4125,1.8
Toyota,Model_8695,Van,23.0,46.2,30.1,32,26,Driver & Passenger,4022,3.1
Lexus,Model_8696,SUV,11.5,18.0,48.9,33,43,Driver only,4661,4.9
Mazda,Model_8697,SUV,27.7,21.7,23.2,32,36,Driver & Passenger,4116,1.4
Volkswagen,Model_8698,Midsize,39.1,51.5,57.2,27,27,Driver & Passenger,5978,3.8
Kia,Model_8699,SUV,12.8,51.9,22.3,31,20,Driver & Passenger,4675,4.2
Hyundai,Model_8700,Midsize,12.6,29.9,34.0,35,41,Driver & Passenger,6075,3.7
Chevrolet,Model_8701,Van,11.4,12.1,23.2,20,40,Driver & Passenger,6283,1.5
Lexus,Model_8702,Van,39.4,23.8,44.8,30,29,Driver & Passenger,4456,1.3
Ford,Model_8703,Compact,11.4,21.1,37.3,32,34,Driver & Passenger,4978,3.0
Subaru,Model_8704,Compact,44.4,28.7,31.8,23,42,None,4406,2.3
Chevrolet,Model_8705,Sport,21.6,24.3,37.2,27,25,Driver only,5517,2.6
Volkswagen,Model_8706,Van,20.5,47.3,34.3,18,29,Driver & Passenger,4200,2.1
BMW,Model_8707,Small,11.8,10.1,57.3,27,20,Driver & Passenger,5604,4.3
Mercedes-Benz,Model_8708,Compact,29.9,39.0,18.6,17,25,Driver & Passenger,4231,4.4
Lexus,Model_8709,Midsize,29.9,39.9,54.0,18,32,Driver & Passenger,4797,1.1
Chevrolet,Model_8710,Large,26.5,39.7,46.7,33,22,Driver only,5975,4.3
Kia,Model_8711,SUV,19.9,33.4,30.5,15,31,Driver & Passenger,5595,3.7
Nissan,Model_8712,SUV,22.0,37.5,60.7,15,34,Driver & Passenger,4916,2.8
BMW,Model_8713,Sport,20.2,46.5,21.4,23,41,Driver & Passenger,4879,1.3
Mazda,Model_8714,Compact,24.1,45.3,28.4,37,26,Driver & Passenger,4041,3.7
Audi,Model_8715,Large,21.0,11.6,31.9,17,25,Driver only,5128,2.1
Lexus,Model_8716,Large,33.2,11.4,46.3,17,28,Driver & Passenger,5839,3.2
Volkswagen,Model_8717,Compact,19.3,47.8,62.2,32,35,Driver & Passenger,5739,1.9
Mazda,Model_8718,Small,21.3,35.9,43.5,16,31,Driver only,6197,4.5
Chevrolet,Model_8719,Small,24.4,53.1,57.4,25,28,Driver & Passenger,5534,2.4
Honda,Model_8720,Sport,8.6,29.4,60.0,23,27,Driver & Passenger,4759,3.7
BMW,Model_8721,Small,26.5,18.0,36.7,16,24,Driver only,5118,3.0
Volkswagen,Model_8722,Sport,17.8,31.3,37.0,34,45,Driver & Passenger,6097,4.7
Audi,Model_8723,Midsize,10.5,29.6,25.2,18,22,Driver & Passenger,5711,1.9
Hyundai,Model_8724,Compact,41.8,33.3,43.9,23,23,Driver & Passenger,5857,4.8
Mercedes-Benz,Model_8725,Large,20.3,46.4,18.4,28,30,Driver & Passenger,5462,4.0
Toyota,Model_8726,Sport,24.1,39.5,45.6,33,29,Driver & Passenger,6097,3.8
Mercedes-Benz,Model_8727,SUV,38.7,18.3,59.3,30,27,Driver & Passenger,5544,4.4
Hyundai,Model_8728,Small,14.6,43.1,52.3,28,28,Driver & Passenger,6493,3.6
Mazda,Model_8729,SUV,39.5,36.6,46.4,29,32,Driver only,5540,1.4
Mazda,Model_8730,Sport,17.3,36.0,56.4,32,43,Driver & Passenger,5030,3.8
BMW,Model_8731,Van,30.0,40.5,50.7,29,45,None,5916,2.8
Honda,Model_8732,Sport,33.5,35.4,40.1,33,38,Driver & Passenger,4514,3.2
Chevrolet,Model_8733,Small,41.5,30.6,39.6,23,42,None,5678,2.6
Volkswagen,Model_8734,Van,30.7,38.8,17.7,35,30,Driver & Passenger,4594,1.7
Chevrolet,Model_8735,Van,25.0,42.6,35.0,35,43,Driver only,4770,2.9
BMW,Model_8736,Small,29.4,20.2,39.7,30,22,None,4339,1.3
Mercedes-Benz,Model_8737,Van,15.9,32.4,36.9,37,20,Driver & Passenger,5358,1.2
Mazda,Model_8738,Compact,33.7,30.6,53.1,31,42,Driver & Passenger,4613,3.1
Audi,Model_8739,Large,15.3,11.8,20.5,24,33,Driver & Passenger,4397,1.7
Volkswagen,Model_8740,SUV,28.8,47.5,54.1,19,38,Driver & Passenger,4003,3.5
Toyota,Model_8741,Compact,32.1,27.0,51.3,23,20,Driver & Passenger,6466,1.8
Volkswagen,Model_8742,Compact,41.3,13.3,59.7,28,42,Driver & Passenger,5927,4.2
BMW,Model_8743,Small,24.9,30.6,31.8,36,46,Driver & Passenger,4674,1.6
Audi,Model_8744,Small,36.8,17.3,21.4,24,31,None,4323,2.8
Subaru,Model_8745,SUV,14.6,41.7,52.2,15,33,Driver & Passenger,4683,2.9
Audi,Model_8746,Large,14.2,35.7,43.2,36,34,None,5528,3.5
Hyundai,Model_8747,Sport,27.7,22.2,49.8,34,26,Driver & Passenger,5043,2.6
Volkswagen,Model_8748,Compact,30.3,52.8,64.8,17,23,None,6102,3.6
Volkswagen,Model_8749,Van,31.6,23.1,22.3,30,33,Driver only,6034,4.1
Kia,Model_8750,Large,35.7,35.0,33.8,19,37,Driver only,4781,1.5
Nissan,Model_8751,Compact,19.3,46.1,22.2,27,35,Driver & Passenger,4339,1.3
Toyota,Model_8752,Sport,31.2,33.1,57.6,19,45,Driver only,6061,3.7
Ford,Model_8753,Van,15.4,53.2,12.9,37,33,Driver only,5074,4.4
Hyundai,Model_8754,Compact,16.5,48.0,19.2,25,40,Driver & Passenger,5894,2.9
Honda,Model_8755,Midsize,11.0,51.4,25.1,31,30,Driver only,4057,3.5
Nissan,Model_8756,SUV,35.8,26.8,52.9,17,46,Driver only,5400,2.2
Hyundai,Model_8757,Large,27.0,34.7,45.3,36,44,Driver & Passenger,5914,4.5
Volkswagen,Model_8758,SUV,17.2,47.8,32.6,20,25,Driver only,4463,4.1
Hyundai,Model_8759,Small,28.8,50.7,20.4,30,34,Driver only,6458,3.3
Toyota,Model_8760,Compact,21.4,52.5,29.0,34,29,None,4711,2.2
Chevrolet,Model_8761,Van,39.1,49.6,51.4,16,31,Driver only,4923,2.8
Nissan,Model_8762,Van,27.8,42.9,32.2,19,28,Driver & Passenger,4977,2.1
Chevrolet,Model_8763,Large,9.6,11.1,36.5,33,47,Driver only,4513,2.7
Honda,Model_8764,Large,44.5,24.2,44.3,34,36,None,4073,1.2
Hyundai,Model_8765,SUV,11.2,15.8,60.4,36,37,None,5328,1.4
Lexus,Model_8766,Van,33.9,17.0,25.3,25,30,Driver only,4250,1.9
Chevrolet,Model_8767,Van,24.5,23.1,35.7,37,25,Driver & Passenger,6114,4.6
Honda,Model_8768,Van,17.6,13.4,28.4,32,38,Driver & Passenger,5248,2.9
Lexus,Model_8769,Compact,33.2,20.9,36.7,17,21,Driver & Passenger,4413,2.9
Hyundai,Model_8770,Van,13.1,53.1,48.9,26,41,Driver & Passenger,5606,3.1
Mercedes-Benz,Model_8771,Small,39.8,24.0,37.5,37,42,Driver & Passenger,4492,3.0
Mercedes-Benz,Model_8772,Van,17.6,17.2,56.2,27,39,Driver only,5022,1.3
Hyundai,Model_8773,Small,21.7,42.3,41.3,35,32,Driver & Passenger,4641,2.3
Hyundai,Model_8774,Compact,31.6,47.3,32.4,34,45,Driver & Passenger,5533,1.3
Toyota,Model_8775,Large,8.5,24.1,53.5,34,28,Driver only,4961,1.3
Subaru,Model_8776,Small,25.8,22.5,34.9,23,46,Driver & Passenger,5486,1.3
Mazda,Model_8777,Compact,41.1,20.9,39.3,23,31,Driver & Passenger,6318,4.6
Honda,Model_8778,Van,33.3,27.7,64.7,21,35,Driver only,5821,1.9
Audi,Model_8779,Compact,22.7,13.9,53.7,15,38,Driver only,6125,1.3
Ford,Model_8780,Van,32.6,40.1,57.3,15,21,Driver only,4132,1.0
Ford,Model_8781,SUV,42.7,47.0,43.4,33,35,Driver & Passenger,5447,3.5
BMW,Model_8782,Compact,15.4,39.9,30.5,17,46,Driver & Passenger,4703,3.5
Lexus,Model_8783,Large,27.9,29.0,64.5,21,24,Driver & Passenger,5386,2.1
Ford,Model_8784,Small,17.1,23.0,24.9,26,47,Driver & Passenger,4195,2.1
Hyundai,Model_8785,SUV,39.7,28.4,58.3,30,44,None,5949,2.4
Hyundai,Model_8786,Large,34.8,29.1,60.3,27,36,Driver & Passenger,5882,2.4
BMW,Model_8787,Midsize,37.7,40.0,55.3,32,25,Driver only,5604,4.1
Volkswagen,Model_8788,Van,42.9,51.8,18.0,31,43,Driver only,5383,4.8
Hyundai,Model_8789,Small,17.0,13.2,57.3,23,26,Driver & Passenger,4042,3.4
Ford,Model_8790,Large,10.3,52.9,47.2,28,25,Driver & Passenger,5011,2.6
Honda,Model_8791,Small,19.1,51.0,48.1,19,22,None,4637,2.2
Audi,Model_8792,Midsize,23.1,15.3,53.7,25,44,None,4997,4.3
Mazda,Model_8793,Sport,31.3,18.3,38.0,34,40,Driver & Passenger,5253,1.4
Hyundai,Model_8794,Van,37.6,24.0,26.2,20,34,Driver only,6357,2.7
Chevrolet,Model_8795,Van,21.3,35.2,42.5,20,47,Driver & Passenger,5525,3.7
Lexus,Model_8796,Compact,25.8,16.1,17.8,22,35,Driver & Passenger,5212,2.0
Hyundai,Model_8797,Van,37.2,19.0,47.8,15,36,Driver only,4356,1.5
Mercedes-Benz,Model_8798,Van,16.7,50.6,37.6,23,28,Driver & Passenger,4153,3.6
Hyundai,Model_8799,Large,16.4,14.9,38.6,24,45,None,4352,3.4
Ford,Model_8800,SUV,30.0,27.9,21.8,31,28,None,4672,3.5
Mazda,Model_8801,Van,24.4,44.3,14.2,17,36,Driver & Passenger,5174,4.9
Mazda,Model_8802,Van,43.1,50.0,44.4,37,26,Driver & Passenger,5222,2.3
Mercedes-Benz,Model_8803,Midsize,21.5,25.1,46.9,35,44,Driver & Passenger,4991,4.9
Lexus,Model_8804,SUV,36.2,17.4,38.4,36,21,Driver only,4904,1.2
Honda,Model_8805,Midsize,29.8,43.2,52.6,27,45,Driver & Passenger,5295,1.2
Toyota,Model_8806,Small,10.5,44.8,41.9,22,25,Driver & Passenger,5963,4.4
Mercedes-Benz,Model_8807,Small,11.6,54.1,57.0,34,29,Driver & Passenger,4539,2.3
Toyota,Model_8808,Van,15.9,16.3,27.3,28,36,Driver & Passenger,6454,2.4
Ford,Model_8809,Van,13.7,41.9,24.9,34,33,Driver & Passenger,5675,1.2
Lexus,Model_8810,Compact,20.5,28.8,25.8,22,22,None,5032,1.0
Hyundai,Model_8811,Small,29.6,51.2,13.6,33,46,Driver & Passenger,6105,3.5
Subaru,Model_8812,Large,30.5,28.4,59.7,27,35,None,5388,3.1
Lexus,Model_8813,Van,30.0,30.1,65.0,20,35,None,6379,3.9
Hyundai,Model_8814,Large,12.8,15.7,55.3,18,24,None,5699,1.9
Mercedes-Benz,Model_8815,Van,30.4,24.4,33.9,20,35,Driver & Passenger,5592,4.4
Ford,Model_8816,Large,23.5,28.0,30.8,34,42,Driver only,4619,2.0
Ford,Model_8817,Sport,41.5,10.8,53.1,16,46,Driver & Passenger,4280,2.8
BMW,Model_8818,Large,41.8,29.7,39.0,24,24,Driver only,4140,2.5
Audi,Model_8819,SUV,36.5,25.1,61.8,25,43,Driver & Passenger,5210,4.4
Mercedes-Benz,Model_8820,Small,34.2,46.2,26.8,25,24,Driver & Passenger,5804,4.3
Audi,Model_8821,Van,12.7,14.8,29.2,17,25,Driver only,5504,2.8
Hyundai,Model_8822,Small,11.6,44.2,64.9,25,37,None,4666,2.4
Mercedes-Benz,Model_8823,SUV,39.2,42.1,63.8,22,31,Driver & Passenger,4935,4.1
Hyundai,Model_8824,SUV,24.1,20.9,58.9,31,40,Driver & Passenger,5106,1.9
BMW,Model_8825,Large,25.0,13.7,33.4,36,26,None,5365,4.8
Lexus,Model_8826,Midsize,39.4,47.9,56.4,15,36,None,4179,2.3
Mazda,Model_8827,Midsize,31.2,21.2,27.0,30,29,Driver & Passenger,4178,2.9
Volkswagen,Model_8828,SUV,15.0,16.6,25.5,34,28,Driver & Passenger,6187,4.2
BMW,Model_8829,Midsize,16.2,26.2,41.0,21,28,Driver & Passenger,4920,4.2
Ford,Model_8830,Van,8.7,28.0,57.6,36,43,Driver & Passenger,5243,3.8
Toyota,Model_8831,Compact,34.4,24.7,17.2,36,30,Driver & Passenger,6270,1.5
Nissan,Model_8832,Sport,26.2,53.9,42.0,22,44,Driver & Passenger,5003,2.0
Lexus,Model_8833,Large,43.2,49.6,44.3,27,33,Driver only,5182,3.9
Hyundai,Model_8834,Compact,34.6,49.3,42.7,19,24,Driver & Passenger,4922,4.4
Mazda,Model_8835,Midsize,12.3,27.9,23.6,32,26,Driver & Passenger,5522,1.7
Lexus,Model_8836,Large,14.4,53.3,15.4,26,36,Driver only,5387,5.0
Mercedes-Benz,Model_8837,Compact,26.8,40.8,59.4,30,42,Driver & Passenger,6490,3.5
Honda,Model_8838,Small,42.3,47.4,42.4,17,28,Driver & Passenger,6082,4.3
Nissan,Model_8839,Midsize,17.5,32.5,52.7,26,38,Driver & Passenger,4352,4.1
Mercedes-Benz,Model_8840,Compact,38.6,17.2,31.3,33,44,Driver & Passenger,5024,1.4
Nissan,Model_8841,Van,19.9,49.9,14.3,34,40,Driver & Passenger,4008,2.4
BMW,Model_8842,Small,18.4,31.9,25.8,32,32,Driver & Passenger,5952,2.8
Chevrolet,Model_8843,Midsize,41.4,53.6,15.9,22,28,Driver & Passenger,4555,2.0
Nissan,Model_8844,Sport,10.2,21.5,16.1,27,32,Driver & Passenger,4718,3.7
Ford,Model_8845,SUV,32.6,54.7,23.4,22,33,Driver only,4596,3.2
Kia,Model_8846,Midsize,10.1,20.0,45.6,24,27,Driver & Passenger,5069,4.9
Toyota,Model_8847,Van,37.7,26.6,55.3,28,33,Driver & Passenger,4785,1.7
Volkswagen,Model_8848,Sport,38.8,36.7,55.5,29,32,Driver & Passenger,6298,3.2
Toyota,Model_8849,Sport,41.1,41.2,61.7,35,46,None,5935,4.6
Kia,Model_8850,Sport,15.3,42.4,46.8,29,42,Driver & Passenger,6012,1.2
Audi,Model_8851,Large,13.0,31.4,13.1,20,29,Driver & Passenger,5000,3.0
Ford,Model_8852,Large,26.9,13.5,32.0,28,41,Driver only,5659,1.9
Honda,Model_8853,SUV,18.4,32.3,17.9,20,21,Driver & Passenger,6382,4.8
Nissan,Model_8854,Sport,30.6,25.1,53.2,37,31,Driver only,5843,3.7
Audi,Model_8855,SUV,27.3,39.6,18.3,15,35,Driver & Passenger,5460,2.1
Ford,Model_8856,Small,13.8,18.2,17.6,24,26,Driver & Passenger,6491,5.0
Lexus,Model_8857,Sport,35.5,27.7,13.5,33,21,None,6158,1.9
BMW,Model_8858,Compact,37.8,53.5,62.6,25,35,Driver & Passenger,4577,2.3
Toyota,Model_8859,Sport,43.7,14.0,53.6,17,41,Driver & Passenger,4277,3.7
Audi,Model_8860,Large,22.9,37.1,29.7,37,25,Driver only,4424,3.3
Hyundai,Model_8861,Large,20.8,14.1,32.0,20,35,None,4670,4.3
Nissan,Model_8862,Compact,15.5,17.1,15.1,23,44,Driver & Passenger,5338,3.7
Nissan,Model_8863,Compact,15.1,37.2,20.4,23,32,Driver & Passenger,5895,3.3
Honda,Model_8864,Midsize,20.2,30.0,28.5,18,29,Driver & Passenger,5059,2.3
Chevrolet,Model_8865,Small,44.3,34.7,32.6,17,46,Driver & Passenger,6094,2.2
Hyundai,Model_8866,Small,11.9,49.6,44.9,34,39,Driver & Passenger,6025,1.4
Nissan,Model_8867,Small,18.0,46.8,30.6,33,28,None,4953,2.6
Mazda,Model_8868,Van,11.6,50.0,62.6,37,21,Driver & Passenger,5632,4.2
Hyundai,Model_8869,Large,18.5,37.7,30.2,25,40,Driver & Passenger,5255,2.1
Nissan,Model_8870,Small,11.9,32.0,61.9,33,35,Driver & Passenger,5557,4.5
Kia,Model_8871,Midsize,27.1,30.7,50.7,31,22,Driver only,4406,4.2
Hyundai,Model_8872,Midsize,24.5,43.3,59.7,22,41,Driver & Passenger,5838,5.0
Ford,Model_8873,Small,14.9,33.5,49.3,20,21,Driver & Passenger,4123,3.9
Hyundai,Model_8874,Compact,14.9,14.8,42.1,19,29,Driver & Passenger,5770,1.2
Volkswagen,Model_8875,Midsize,31.4,16.4,39.0,22,44,Driver only,4729,3.4
Honda,Model_8876,SUV,22.6,26.1,27.4,22,39,None,4399,2.2
BMW,Model_8877,Compact,10.6,13.1,27.8,17,42,Driver & Passenger,5801,4.8
BMW,Model_8878,SUV,42.1,20.8,23.8,33,24,Driver & Passenger,5187,3.8
BMW,Model_8879,Large,23.3,39.5,32.4,30,27,Driver & Passenger,4169,4.1
Ford,Model_8880,Van,30.1,10.6,18.7,24,31,Driver & Passenger,6142,3.2
Audi,Model_8881,Midsize,40.8,37.2,32.5,37,23,None,6001,4.9
Mercedes-Benz,Model_8882,Compact,23.2,44.8,56.2,17,33,Driver only,5327,1.7
BMW,Model_8883,SUV,38.5,17.7,58.1,23,42,Driver & Passenger,5843,2.6
Volkswagen,Model_8884,Small,41.9,18.1,46.1,22,46,Driver only,5119,3.0
Lexus,Model_8885,SUV,14.9,11.3,25.6,22,34,Driver only,4699,3.2
Toyota,Model_8886,SUV,41.1,33.1,24.7,22,40,Driver only,6470,4.1
Ford,Model_8887,Large,12.9,39.5,26.7,34,22,None,5015,3.9
Audi,Model_8888,Sport,18.5,30.6,38.5,21,43,Driver & Passenger,4132,1.2
Toyota,Model_8889,Sport,38.0,27.5,63.8,28,41,Driver & Passenger,6409,3.9
Hyundai,Model_8890,Small,41.4,30.4,17.8,36,34,Driver only,6012,2.0
Toyota,Model_8891,Large,33.5,45.2,38.5,31,23,None,4063,2.7
Toyota,Model_8892,Large,12.3,11.5,48.2,26,34,Driver & Passenger,5443,2.8
Mazda,Model_8893,Large,27.6,45.3,25.0,19,44,Driver & Passenger,4934,3.8
Honda,Model_8894,Large,29.4,40.0,63.4,16,28,Driver only,4369,3.7
Honda,Model_8895,Sport,18.8,20.9,30.5,29,37,Driver only,5248,2.5
Mercedes-Benz,Model_8896,Compact,44.7,33.6,61.4,25,45,Driver & Passenger,6102,4.3
Ford,Model_8897,Large,20.8,12.2,43.7,29,32,Driver & Passenger,6176,1.5
Volkswagen,Model_8898,Compact,16.2,27.1,12.2,27,28,Driver & Passenger,4417,1.9
Volkswagen,Model_8899,SUV,12.5,17.8,28.5,33,23,Driver & Passenger,4540,2.7
Volkswagen,Model_8900,SUV,22.3,11.0,13.1,26,44,None,5730,1.9
Toyota,Model_8901,Large,33.8,26.1,32.2,29,32,None,5392,4.7
Subaru,Model_8902,Midsize,16.9,42.7,61.4,26,29,Driver & Passenger,6017,4.7
Kia,Model_8903,Van,36.6,51.4,53.3,37,27,None,4606,1.7
Hyundai,Model_8904,Midsize,13.4,39.8,44.9,32,33,Driver & Passenger,5511,2.7
Audi,Model_8905,SUV,24.6,28.1,40.5,37,35,None,4860,5.0
Honda,Model_8906,Van,34.1,55.0,31.7,18,45,Driver & Passenger,5596,1.1
Subaru,Model_8907,Midsize,13.4,22.7,23.2,25,38,Driver & Passenger,5226,1.2
BMW,Model_8908,Large,30.3,18.4,15.3,36,45,None,5450,4.4
Lexus,Model_8909,Compact,37.7,30.9,22.1,29,26,Driver & Passenger,6136,2.5
Ford,Model_8910,Van,30.2,32.7,30.6,19,31,Driver & Passenger,5234,3.9
Audi,Model_8911,Sport,27.2,26.0,39.6,19,32,Driver only,4842,3.5
Ford,Model_8912,Small,39.1,41.3,22.8,34,34,Driver & Passenger,5826,3.8
Kia,Model_8913,Van,44.5,18.3,63.6,24,34,Driver only,6336,1.8
Mazda,Model_8914,Van,15.1,33.0,16.1,36,37,Driver & Passenger,5604,3.2
Mazda,Model_8915,Sport,33.7,32.5,17.0,24,21,Driver & Passenger,4994,3.6
Toyota,Model_8916,Large,11.4,47.1,48.2,36,33,Driver & Passenger,6242,3.2
Mercedes-Benz,Model_8917,Midsize,10.1,51.7,52.0,20,39,Driver & Passenger,5246,4.8
Mazda,Model_8918,Midsize,18.7,39.8,63.5,20,45,Driver & Passenger,4835,1.1
Ford,Model_8919,SUV,43.9,23.7,40.1,37,26,Driver & Passenger,6289,1.9
BMW,Model_8920,Compact,28.7,41.0,20.8,20,39,Driver & Passenger,4023,1.3
Mercedes-Benz,Model_8921,Large,18.3,21.3,61.7,21,21,Driver & Passenger,4306,4.9
Toyota,Model_8922,Sport,13.3,53.5,64.0,32,47,Driver & Passenger,5763,1.9
Nissan,Model_8923,Large,42.1,47.0,60.9,18,21,Driver & Passenger,5217,4.0
Volkswagen,Model_8924,Large,21.7,29.4,58.2,28,24,Driver & Passenger,5988,1.6
Audi,Model_8925,Midsize,19.7,45.3,16.1,25,22,None,5547,1.2
Mercedes-Benz,Model_8926,Sport,39.8,28.4,57.3,21,22,Driver & Passenger,4407,1.8
Kia,Model_8927,Small,30.6,13.4,62.5,32,20,Driver & Passenger,5707,2.1
Toyota,Model_8928,Van,14.7,41.8,41.3,34,38,Driver only,4300,2.8
Hyundai,Model_8929,Midsize,23.9,28.2,52.9,16,39,Driver & Passenger,4184,1.1
Ford,Model_8930,Sport,42.4,51.9,47.0,16,31,Driver & Passenger,6092,3.5
Audi,Model_8931,Compact,41.4,23.8,27.3,21,41,Driver & Passenger,4633,3.6
BMW,Model_8932,Van,11.1,47.9,43.1,25,46,Driver only,5297,2.2
Chevrolet,Model_8933,Van,18.3,40.6,59.1,32,25,Driver only,5427,2.1
Lexus,Model_8934,Midsize,14.1,48.4,38.3,34,47,Driver only,4796,1.8
Kia,Model_8935,SUV,28.0,23.1,43.3,21,40,Driver & Passenger,6389,1.9
Ford,Model_8936,Compact,35.9,30.8,40.2,36,39,Driver & Passenger,5099,3.6
Kia,Model_8937,Midsize,19.3,47.0,27.0,34,25,Driver & Passenger,5214,3.4
Honda,Model_8938,Large,36.2,39.0,46.1,19,32,None,5185,4.7
Chevrolet,Model_8939,SUV,32.9,26.2,39.0,16,40,Driver only,4772,4.3
Audi,Model_8940,Sport,35.1,33.0,24.3,28,29,Driver & Passenger,5913,3.3
Mazda,Model_8941,Compact,43.1,54.8,59.5,21,20,Driver only,4329,1.7
Ford,Model_8942,Van,24.0,43.4,62.4,24,35,Driver & Passenger,6200,2.3
Kia,Model_8943,Midsize,21.0,37.7,14.9,32,33,Driver & Passenger,5213,2.9
Audi,Model_8944,Van,33.5,47.3,45.0,22,47,Driver & Passenger,4384,2.7
Mazda,Model_8945,Compact,38.0,29.9,34.0,37,37,Driver & Passenger,4116,1.3
BMW,Model_8946,Van,15.5,52.8,39.9,30,33,Driver & Passenger,5796,2.4
BMW,Model_8947,Midsize,39.4,34.8,31.8,28,44,Driver only,4943,1.8
Kia,Model_8948,SUV,10.6,24.7,37.1,23,29,None,6162,3.3
Toyota,Model_8949,Midsize,8.7,13.9,29.1,20,39,Driver only,4072,4.7
Honda,Model_8950,Small,14.3,26.9,18.2,21,41,Driver only,4848,1.6
Lexus,Model_8951,Van,44.2,35.6,28.0,23,24,Driver & Passenger,5692,4.4
Toyota,Model_8952,Small,27.6,41.6,47.5,21,21,Driver & Passenger,5846,2.0
Honda,Model_8953,SUV,10.2,49.4,14.7,23,36,Driver only,5961,3.8
Ford,Model_8954,Small,44.9,52.5,32.3,35,20,Driver & Passenger,4845,3.4
Volkswagen,Model_8955,Van,35.7,14.6,14.2,21,20,Driver only,5270,1.9
Mercedes-Benz,Model_8956,Compact,39.1,37.0,30.9,26,25,Driver & Passenger,4110,2.5
Nissan,Model_8957,Large,16.3,40.0,16.6,37,45,Driver & Passenger,5021,3.2
Kia,Model_8958,SUV,12.3,17.7,30.0,31,26,Driver only,6491,4.6
Lexus,Model_8959,Midsize,27.3,34.6,56.4,34,26,None,5062,1.7
Hyundai,Model_8960,Sport,36.7,25.1,44.5,35,44,Driver & Passenger,5263,2.4
Volkswagen,Model_8961,SUV,31.8,13.5,48.2,26,35,Driver & Passenger,5980,5.0
Hyundai,Model_8962,Small,31.5,13.0,38.7,36,38,Driver & Passenger,4211,4.2
Subaru,Model_8963,Compact,36.1,44.2,60.9,37,28,Driver & Passenger,5942,2.5
Kia,Model_8964,Van,16.8,37.7,40.7,19,20,Driver & Passenger,4692,1.6
Chevrolet,Model_8965,Compact,32.6,42.2,17.5,32,37,Driver & Passenger,5202,3.0
Mazda,Model_8966,Compact,22.8,40.8,61.5,19,26,None,6386,3.3
Chevrolet,Model_8967,Van,11.0,16.0,19.1,19,47,Driver & Passenger,4563,2.0
BMW,Model_8968,Sport,15.9,16.8,65.0,21,37,None,5300,3.8
Honda,Model_8969,Van,37.5,21.4,35.1,17,29,None,4522,3.2
Mazda,Model_8970,Sport,41.2,28.0,15.9,15,46,Driver & Passenger,4283,2.5
Volkswagen,Model_8971,Van,18.8,52.3,57.8,20,39,Driver & Passenger,4459,2.2
BMW,Model_8972,Small,15.4,40.3,16.9,21,21,Driver & Passenger,6417,2.1
Mazda,Model_8973,Sport,9.5,21.5,21.2,22,30,None,5470,4.2
Toyota,Model_8974,Small,43.1,12.5,34.1,28,37,None,6463,3.0
BMW,Model_8975,SUV,33.5,40.8,47.8,37,30,None,6344,2.1
Toyota,Model_8976,Sport,43.4,38.1,18.4,29,33,Driver & Passenger,5101,4.2
Toyota,Model_8977,Sport,40.0,40.4,45.0,21,32,Driver only,4904,1.1
Mazda,Model_8978,Van,20.9,21.8,53.4,21,20,Driver & Passenger,4509,5.0
Hyundai,Model_8979,Sport,12.6,33.3,18.5,15,44,Driver & Passenger,5360,4.6
Audi,Model_8980,Small,26.7,26.3,46.3,23,29,Driver only,5375,4.0
Chevrolet,Model_8981,SUV,9.5,46.8,62.8,21,34,Driver & Passenger,4773,2.1
BMW,Model_8982,Van,14.0,13.1,63.3,34,38,Driver & Passenger,4911,4.6
Hyundai,Model_8983,Midsize,17.0,22.4,20.6,21,36,Driver only,5188,4.3
Hyundai,Model_8984,SUV,32.8,37.1,52.3,32,29,Driver only,4102,4.2
Audi,Model_8985,SUV,27.1,19.2,56.9,28,41,Driver & Passenger,6201,1.7
Subaru,Model_8986,Small,19.5,40.3,59.1,36,27,Driver & Passenger,4897,3.5
Chevrolet,Model_8987,SUV,29.1,16.2,29.2,29,42,Driver & Passenger,5937,4.6
Lexus,Model_8988,Midsize,13.1,11.0,26.3,32,26,Driver & Passenger,6310,3.0
Lexus,Model_8989,Compact,36.1,48.9,14.5,24,37,Driver & Passenger,5622,3.2
Mercedes-Benz,Model_8990,Van,34.5,25.0,33.2,17,46,Driver & Passenger,5016,2.6
BMW,Model_8991,Compact,16.4,17.1,18.6,25,23,Driver & Passenger,4659,3.7
Volkswagen,Model_8992,Van,30.6,17.8,53.7,15,25,Driver & Passenger,4782,4.4
Honda,Model_8993,SUV,26.9,49.9,19.6,37,21,None,4947,3.0
Lexus,Model_8994,Van,10.7,39.4,55.4,16,32,Driver & Passenger,4667,4.9
Mercedes-Benz,Model_8995,Small,18.7,53.0,17.7,30,40,None,5983,2.6
Chevrolet,Model_8996,Midsize,45.0,46.0,37.5,17,31,Driver only,6370,1.5
Hyundai,Model_8997,Van,12.1,44.5,32.4,31,24,Driver only,5154,1.1
Kia,Model_8998,Midsize,27.0,32.5,43.9,17,38,Driver only,5208,3.3
Ford,Model_8999,Van,39.5,46.9,39.5,25,21,Driver & Passenger,4054,4.3
Toyota,Model_9000,Midsize,19.5,28.6,43.7,18,30,Driver & Passenger,4703,4.4
Hyundai,Model_9001,Compact,18.0,47.2,12.1,21,42,Driver only,6439,4.9
Lexus,Model_9002,Small,41.0,44.1,18.8,36,27,None,5405,3.1
Ford,Model_9003,Van,19.6,40.5,39.4,30,23,Driver & Passenger,5442,1.8
Audi,Model_9004,Large,32.3,24.8,24.2,31,23,None,6186,3.7
Kia,Model_9005,Midsize,35.5,38.4,16.0,25,30,None,4375,4.6
Toyota,Model_9006,Midsize,37.3,32.8,23.5,18,33,Driver & Passenger,5925,1.7
BMW,Model_9007,Large,44.8,30.8,53.3,17,28,Driver only,4408,2.4
Lexus,Model_9008,Small,37.8,54.6,40.7,36,39,None,4000,4.1
Audi,Model_9009,Midsize,32.5,32.7,22.1,30,45,None,5148,1.9
Hyundai,Model_9010,Small,41.2,11.4,12.8,16,33,Driver & Passenger,4540,4.6
Hyundai,Model_9011,Midsize,41.6,38.2,31.0,19,47,Driver only,4813,4.4
Lexus,Model_9012,SUV,44.0,42.8,30.9,32,22,Driver only,5311,3.0
Mazda,Model_9013,Sport,36.8,49.8,51.0,17,46,Driver & Passenger,4158,5.0
BMW,Model_9014,SUV,15.6,38.5,60.7,16,32,Driver & Passenger,6265,2.2
Chevrolet,Model_9015,Midsize,34.4,10.9,31.7,16,33,Driver & Passenger,6409,4.7
Mazda,Model_9016,Sport,11.2,15.4,48.5,36,36,Driver & Passenger,4886,2.2
Audi,Model_9017,Van,20.1,17.3,45.6,36,22,Driver & Passenger,4668,3.8
Chevrolet,Model_9018,Small,12.7,19.5,34.4,35,34,Driver only,4158,4.0
Hyundai,Model_9019,Midsize,43.2,46.0,15.5,16,40,Driver & Passenger,4911,3.6
Subaru,Model_9020,Compact,20.9,23.9,37.1,30,21,Driver & Passenger,5278,3.1
Ford,Model_9021,Compact,34.5,24.1,30.8,15,40,None,5655,3.6
Chevrolet,Model_9022,Large,29.4,44.0,41.2,33,44,None,5895,1.1
Ford,Model_9023,Compact,12.4,28.6,18.6,33,29,Driver & Passenger,5151,4.5
Mercedes-Benz,Model_9024,Sport,29.0,12.9,50.4,23,46,Driver & Passenger,5671,3.1
Toyota,Model_9025,Compact,32.6,36.3,53.8,34,41,Driver only,4359,2.9
Honda,Model_9026,Compact,40.7,15.9,32.6,23,34,Driver only,4458,3.3
Nissan,Model_9027,Compact,11.1,35.7,21.3,25,38,None,6084,3.3
Mercedes-Benz,Model_9028,Midsize,19.3,45.1,45.0,15,40,Driver & Passenger,4413,3.9
BMW,Model_9029,Large,33.8,51.8,62.7,33,31,None,5244,1.3
Nissan,Model_9030,Small,9.8,13.0,49.1,31,36,Driver & Passenger,5943,4.8
Toyota,Model_9031,Large,15.9,23.7,18.5,20,35,Driver & Passenger,5194,4.8
Chevrolet,Model_9032,Sport,16.5,39.4,33.1,15,27,Driver only,5162,1.1
Toyota,Model_9033,Midsize,32.9,24.2,60.5,32,44,Driver & Passenger,5102,3.1
Volkswagen,Model_9034,Van,18.9,30.3,45.6,23,24,Driver only,5212,3.9
Nissan,Model_9035,Midsize,30.4,10.9,19.8,15,44,Driver & Passenger,4109,2.1
Nissan,Model_9036,SUV,43.7,41.2,50.4,18,43,Driver & Passenger,5317,3.6
Subaru,Model_9037,Compact,37.5,49.7,30.7,36,34,None,4409,3.6
Volkswagen,Model_9038,Compact,20.7,54.0,37.9,32,27,Driver & Passenger,5151,1.9
Mercedes-Benz,Model_9039,Sport,25.7,47.4,34.0,31,37,Driver & Passenger,5047,1.8
BMW,Model_9040,Van,15.8,11.4,50.5,34,40,Driver & Passenger,4213,4.0
Mazda,Model_9041,SUV,9.1,39.3,23.5,33,47,Driver & Passenger,5873,3.8
Kia,Model_9042,Midsize,19.1,32.3,32.6,37,27,None,4584,4.5
Subaru,Model_9043,Van,22.0,52.2,51.5,37,38,Driver & Passenger,5756,4.5
Toyota,Model_9044,Small,29.1,50.6,49.4,28,36,Driver & Passenger,6399,1.6
Honda,Model_9045,Large,43.0,54.5,22.7,21,46,Driver only,4139,4.2
Kia,Model_9046,Midsize,43.1,48.8,30.6,23,23,Driver & Passenger,4728,3.7
Volkswagen,Model_9047,Van,11.1,34.6,12.8,34,23,Driver & Passenger,5804,3.6
Toyota,Model_9048,Small,30.9,42.2,40.1,23,45,Driver only,5828,2.1
Hyundai,Model_9049,Small,10.0,53.4,26.9,29,39,Driver & Passenger,5289,4.3
Volkswagen,Model_9050,SUV,32.2,36.0,12.6,25,39,Driver only,6421,5.0
Audi,Model_9051,SUV,12.8,47.8,34.5,21,28,Driver & Passenger,5147,1.7
Audi,Model_9052,Large,43.0,52.4,61.1,20,46,Driver & Passenger,5635,4.0
Subaru,Model_9053,Small,40.0,35.7,60.9,23,33,Driver & Passenger,6421,2.5
Nissan,Model_9054,Sport,9.3,17.2,31.7,18,20,Driver & Passenger,4999,1.8
Audi,Model_9055,Small,37.0,17.0,35.8,31,28,Driver only,6308,1.6
Subaru,Model_9056,Van,31.7,15.2,24.9,20,42,None,6060,1.8
Hyundai,Model_9057,SUV,26.6,31.4,15.6,31,32,Driver & Passenger,6038,4.4
Ford,Model_9058,Sport,30.5,31.6,48.8,28,40,Driver & Passenger,5459,3.2
Lexus,Model_9059,SUV,33.3,37.8,54.4,19,37,Driver only,5446,4.6
Mercedes-Benz,Model_9060,SUV,40.8,31.7,58.6,32,29,Driver only,4378,4.6
Honda,Model_9061,SUV,36.5,53.8,61.6,22,47,Driver & Passenger,5812,1.6
Lexus,Model_9062,Small,29.5,23.1,60.5,24,45,Driver & Passenger,4191,3.5
Lexus,Model_9063,Compact,38.6,49.3,13.5,25,45,Driver & Passenger,4528,1.2
Audi,Model_9064,Small,44.5,14.5,63.8,36,23,Driver only,5733,2.1
Chevrolet,Model_9065,SUV,19.5,37.1,32.1,17,46,None,5645,1.7
Ford,Model_9066,Sport,12.8,39.2,59.0,16,34,Driver only,4536,4.4
Kia,Model_9067,Small,35.2,44.8,35.4,28,23,Driver & Passenger,6121,2.5
Ford,Model_9068,SUV,44.2,32.6,34.4,18,39,None,5485,5.0
Mercedes-Benz,Model_9069,SUV,12.8,18.9,12.6,31,30,Driver & Passenger,4018,1.6
Toyota,Model_9070,Small,24.3,26.6,14.8,31,31,Driver & Passenger,5802,1.9
Nissan,Model_9071,Small,10.8,22.2,47.6,35,32,Driver & Passenger,4265,3.6
Subaru,Model_9072,Sport,36.8,28.9,61.7,23,21,Driver & Passenger,4238,4.9
BMW,Model_9073,Small,43.1,33.8,23.9,35,27,Driver & Passenger,6140,3.9
BMW,Model_9074,Large,26.7,38.1,17.0,36,23,Driver & Passenger,4604,1.5
Hyundai,Model_9075,Van,23.4,48.0,23.3,23,28,None,6261,2.7
Honda,Model_9076,Large,41.6,51.0,23.3,17,21,Driver & Passenger,5905,5.0
Toyota,Model_9077,Sport,13.4,30.8,27.5,18,42,Driver only,4333,1.3
BMW,Model_9078,Compact,41.0,14.0,17.0,16,24,Driver & Passenger,5978,2.1
Hyundai,Model_9079,Large,22.8,45.9,24.5,28,24,Driver & Passenger,4257,1.5
Nissan,Model_9080,SUV,28.9,31.5,60.8,34,42,Driver & Passenger,6315,4.3
Kia,Model_9081,Van,27.8,34.6,59.2,22,23,Driver only,6133,4.3
BMW,Model_9082,Midsize,31.0,36.8,28.8,32,38,Driver & Passenger,4587,2.4
Chevrolet,Model_9083,Van,42.9,40.1,64.8,18,28,Driver only,6046,2.3
Ford,Model_9084,Large,43.2,50.1,27.8,22,31,None,5355,4.3
BMW,Model_9085,Midsize,38.8,52.8,50.3,21,22,None,5204,1.6
Mercedes-Benz,Model_9086,Sport,15.5,52.3,46.1,29,24,Driver & Passenger,6287,4.3
Toyota,Model_9087,Van,20.7,46.4,15.4,29,21,None,6450,1.4
Audi,Model_9088,Compact,26.3,50.0,30.1,16,42,Driver & Passenger,5408,2.2
Audi,Model_9089,Midsize,41.5,12.2,62.4,18,32,Driver & Passenger,4563,3.0
Kia,Model_9090,Midsize,27.5,48.2,14.7,36,47,Driver & Passenger,5552,1.5
Mercedes-Benz,Model_9091,Van,44.2,13.3,21.3,23,46,Driver & Passenger,4993,1.3
Audi,Model_9092,Large,44.4,43.6,63.5,37,26,Driver only,6282,2.1
Hyundai,Model_9093,Midsize,30.3,17.6,14.1,21,47,None,4953,3.3
Subaru,Model_9094,Sport,40.5,26.2,35.7,32,40,Driver only,4317,4.3
Volkswagen,Model_9095,Van,45.0,18.3,60.7,26,27,Driver & Passenger,5440,3.9
Kia,Model_9096,Sport,39.5,30.0,62.0,28,44,None,4837,3.2
Toyota,Model_9097,Van,32.5,28.5,63.9,21,39,None,4607,3.6
Hyundai,Model_9098,Sport,39.3,12.2,37.5,20,30,None,5380,3.1
Honda,Model_9099,Large,11.5,47.4,16.6,37,31,Driver only,4021,3.2
Mercedes-Benz,Model_9100,Van,31.7,48.4,53.0,36,37,None,4897,1.1
Audi,Model_9101,SUV,16.4,45.4,49.6,33,37,Driver & Passenger,4457,2.5
Volkswagen,Model_9102,Compact,12.7,48.1,42.7,35,46,Driver & Passenger,5075,3.2
Hyundai,Model_9103,Large,41.1,43.8,59.1,33,35,Driver & Passenger,5489,3.4
Nissan,Model_9104,Sport,31.8,52.2,60.3,36,39,Driver & Passenger,5708,3.0
Mercedes-Benz,Model_9105,Van,17.4,35.9,48.2,29,41,Driver & Passenger,5916,3.8
Ford,Model_9106,Large,22.6,36.2,17.9,33,25,Driver & Passenger,6146,2.5
Audi,Model_9107,Sport,44.0,48.7,17.1,26,37,Driver & Passenger,6228,1.6
Kia,Model_9108,Small,40.0,25.7,33.7,16,36,Driver & Passenger,5059,1.1
Toyota,Model_9109,Small,9.1,12.3,27.5,25,37,None,5458,3.3
Audi,Model_9110,Midsize,44.3,43.7,19.0,27,43,Driver only,4523,3.0
BMW,Model_9111,Compact,22.0,21.5,44.4,18,40,Driver & Passenger,5649,1.9
Audi,Model_9112,Small,33.9,31.3,48.2,15,22,None,4429,1.9
Lexus,Model_9113,SUV,34.5,20.8,49.0,35,28,Driver & Passenger,5240,3.3
Mercedes-Benz,Model_9114,Sport,41.8,47.2,21.3,16,47,Driver & Passenger,5001,1.4
Kia,Model_9115,Large,40.8,53.1,28.2,28,47,Driver only,5785,1.5
Chevrolet,Model_9116,Van,18.8,12.5,22.5,32,26,None,4019,2.0
Hyundai,Model_9117,Large,32.0,20.5,43.9,25,43,Driver & Passenger,5147,4.5
Chevrolet,Model_9118,Midsize,22.9,18.5,42.1,25,41,Driver & Passenger,4714,3.8
Audi,Model_9119,Large,27.7,40.3,38.7,33,26,None,4147,3.2
Mercedes-Benz,Model_9120,Small,28.7,29.3,27.7,31,38,Driver & Passenger,4608,2.5
Ford,Model_9121,Large,23.0,30.5,24.6,31,20,Driver & Passenger,5673,2.7
Toyota,Model_9122,Small,25.4,17.1,59.2,16,20,Driver only,5085,1.7
Hyundai,Model_9123,Small,16.1,28.7,14.6,16,20,Driver & Passenger,5087,4.4
Hyundai,Model_9124,Compact,30.7,23.6,46.8,27,30,Driver & Passenger,5047,1.7
Audi,Model_9125,Midsize,36.2,37.5,13.0,20,46,Driver & Passenger,4416,4.0
Audi,Model_9126,SUV,24.2,19.8,22.3,29,47,Driver & Passenger,4417,2.0
Chevrolet,Model_9127,SUV,44.2,37.7,27.3,25,42,Driver only,5742,4.0
Kia,Model_9128,Sport,10.6,27.0,59.0,18,37,Driver only,5397,2.2
Hyundai,Model_9129,SUV,30.0,25.6,19.3,33,32,Driver & Passenger,4662,4.9
Ford,Model_9130,Small,29.8,23.8,61.7,28,47,Driver & Passenger,5790,4.7
Volkswagen,Model_9131,Van,9.8,40.3,55.2,32,41,Driver & Passenger,4522,4.5
Audi,Model_9132,Midsize,16.7,35.3,48.0,31,34,None,5909,1.7
Hyundai,Model_9133,Sport,41.6,48.3,33.8,22,36,Driver & Passenger,4994,1.3
Toyota,Model_9134,SUV,28.4,20.9,60.0,27,29,Driver & Passenger,6421,4.9
Mercedes-Benz,Model_9135,SUV,24.4,11.8,40.0,37,27,Driver only,6340,2.7
Lexus,Model_9136,Van,23.7,18.2,31.7,29,40,Driver & Passenger,4538,4.5
Honda,Model_9137,Large,40.9,25.5,43.0,25,28,Driver & Passenger,5024,2.9
BMW,Model_9138,Midsize,21.9,18.1,24.3,30,38,Driver only,4446,3.6
Audi,Model_9139,Van,39.9,13.8,26.5,32,37,Driver only,5668,4.0
Kia,Model_9140,SUV,19.8,30.0,60.7,26,27,Driver only,5034,3.1
Audi,Model_9141,Midsize,27.9,40.5,54.1,37,46,Driver & Passenger,4335,4.7
Kia,Model_9142,Midsize,13.7,43.8,39.2,26,24,None,6471,1.2
Ford,Model_9143,SUV,38.6,27.9,34.1,20,33,Driver & Passenger,5563,4.3
Lexus,Model_9144,Large,35.4,31.5,54.8,20,32,Driver & Passenger,6332,3.8
Honda,Model_9145,Large,27.8,44.0,42.2,18,20,Driver only,6191,2.3
Nissan,Model_9146,SUV,9.4,25.9,34.0,15,30,Driver & Passenger,5920,2.9
Lexus,Model_9147,Midsize,26.1,45.3,39.3,31,31,Driver & Passenger,5342,2.9
Subaru,Model_9148,Van,16.7,53.5,24.3,18,25,Driver & Passenger,4562,1.2
Toyota,Model_9149,Compact,23.6,49.6,22.7,31,31,Driver & Passenger,4081,3.1
Toyota,Model_9150,Small,39.8,30.4,64.4,19,22,Driver & Passenger,5746,1.3
Kia,Model_9151,Large,36.6,36.1,63.4,23,27,Driver & Passenger,4355,3.1
Chevrolet,Model_9152,SUV,17.3,42.2,34.3,20,41,Driver & Passenger,5864,1.9
Hyundai,Model_9153,Compact,44.5,25.7,39.3,26,21,Driver & Passenger,6329,4.3
Hyundai,Model_9154,Large,41.5,46.0,55.8,31,25,Driver & Passenger,5474,1.3
Kia,Model_9155,Midsize,27.8,29.7,50.5,35,22,None,4044,2.2
Chevrolet,Model_9156,SUV,27.9,48.1,17.3,24,26,None,6363,2.6
Subaru,Model_9157,Compact,41.4,21.5,31.9,16,35,Driver & Passenger,5939,3.4
Mazda,Model_9158,SUV,31.7,10.5,25.3,15,36,Driver & Passenger,5554,5.0
Hyundai,Model_9159,Van,28.1,38.5,64.6,27,31,None,4104,1.5
Hyundai,Model_9160,Van,35.8,30.3,51.7,35,34,Driver & Passenger,4873,2.5
Lexus,Model_9161,Sport,17.1,12.7,14.5,35,33,Driver & Passenger,4247,3.7
Volkswagen,Model_9162,Small,40.6,31.9,59.7,15,20,Driver & Passenger,4567,2.5
Subaru,Model_9163,Small,27.9,17.6,61.2,27,45,Driver only,5904,2.0
Toyota,Model_9164,Large,30.5,38.3,29.7,37,31,Driver & Passenger,6157,4.3
Lexus,Model_9165,Small,11.8,30.0,46.0,17,39,None,4184,1.7
Volkswagen,Model_9166,SUV,19.8,17.7,48.1,25,42,None,5026,2.3
Ford,Model_9167,SUV,24.1,28.5,50.7,36,39,None,5836,2.0
Kia,Model_9168,Sport,23.6,20.5,48.8,30,33,Driver & Passenger,5351,4.8
Ford,Model_9169,Van,36.9,39.4,41.7,32,35,None,5691,4.3
Hyundai,Model_9170,Compact,18.8,23.3,62.6,16,44,None,6422,2.8
Honda,Model_9171,Compact,15.1,47.0,39.2,32,34,Driver & Passenger,4097,4.4
Ford,Model_9172,Van,29.8,10.6,17.9,31,27,Driver & Passenger,5304,3.7
Audi,Model_9173,Midsize,30.9,28.2,16.3,15,40,Driver only,5915,2.4
Mercedes-Benz,Model_9174,Van,12.9,37.8,13.0,18,20,Driver & Passenger,4746,1.8
Hyundai,Model_9175,Compact,8.6,11.0,34.7,37,32,Driver & Passenger,4933,2.4
Hyundai,Model_9176,Large,42.0,19.7,26.5,34,22,None,4155,3.1
Audi,Model_9177,Sport,11.4,24.7,59.4,35,43,Driver & Passenger,4336,1.8
Subaru,Model_9178,Van,41.3,11.0,58.0,20,31,None,6405,2.1
BMW,Model_9179,Midsize,23.1,34.6,56.4,35,26,Driver & Passenger,5914,3.6
Hyundai,Model_9180,Large,32.3,38.4,58.0,19,27,None,6159,3.9
Kia,Model_9181,Van,15.3,20.2,27.8,34,36,Driver only,6077,2.8
Toyota,Model_9182,Large,38.6,34.5,34.6,23,37,Driver only,6147,4.9
Volkswagen,Model_9183,Van,15.1,55.0,28.5,35,29,Driver only,6449,2.2
Kia,Model_9184,Large,22.6,49.9,16.6,18,34,Driver & Passenger,4385,4.6
Hyundai,Model_9185,SUV,17.2,12.6,61.0,19,42,Driver & Passenger,4326,2.1
Nissan,Model_9186,Small,39.1,15.8,44.6,22,40,Driver only,6159,3.9
Volkswagen,Model_9187,Large,39.8,32.2,19.0,31,40,Driver & Passenger,5772,5.0
Nissan,Model_9188,SUV,22.1,21.0,22.9,29,47,Driver & Passenger,4058,4.3
BMW,Model_9189,Small,19.7,13.6,35.9,34,29,None,4998,2.9
Hyundai,Model_9190,Compact,36.7,21.5,14.8,27,28,Driver & Passenger,4273,1.5
Mercedes-Benz,Model_9191,Small,40.6,12.8,26.4,29,20,None,5286,4.9
Mazda,Model_9192,Large,31.3,33.8,49.3,18,40,Driver & Passenger,6236,3.9
Mazda,Model_9193,Sport,42.4,32.1,60.8,32,42,Driver & Passenger,4381,4.4
Lexus,Model_9194,Sport,22.5,10.3,61.2,33,24,Driver & Passenger,5731,3.3
Mazda,Model_9195,Compact,14.0,31.7,39.6,22,34,Driver & Passenger,4708,2.9
Toyota,Model_9196,Large,15.1,33.4,28.5,28,33,Driver & Passenger,5206,1.3
Toyota,Model_9197,Small,32.9,37.3,60.8,15,45,Driver & Passenger,5253,1.2
Mazda,Model_9198,Sport,23.4,53.7,53.7,16,30,Driver & Passenger,6060,3.3
Nissan,Model_9199,Van,14.2,54.2,43.1,34,42,Driver & Passenger,5124,1.8
Hyundai,Model_9200,Midsize,19.2,33.7,56.2,36,36,Driver only,5475,3.7
Ford,Model_9201,Large,27.9,48.0,36.3,17,40,Driver only,4728,4.8
Hyundai,Model_9202,SUV,12.9,13.8,17.9,30,33,Driver & Passenger,4478,2.4
Subaru,Model_9203,SUV,8.6,33.9,61.7,37,25,Driver & Passenger,5831,3.9
Lexus,Model_9204,Van,42.0,40.6,40.3,17,41,Driver & Passenger,4142,4.6
Mazda,Model_9205,Van,19.6,35.4,48.9,20,23,None,4027,4.4
Hyundai,Model_9206,Large,16.6,20.4,32.8,22,32,Driver & Passenger,6488,1.3
Honda,Model_9207,Midsize,34.0,12.8,19.2,37,40,Driver & Passenger,5782,3.7
Toyota,Model_9208,Sport,39.6,27.4,26.4,26,43,Driver & Passenger,5226,2.2
Toyota,Model_9209,Midsize,31.6,39.1,14.3,19,41,Driver only,4220,4.6
Nissan,Model_9210,Compact,17.8,54.6,16.6,19,36,None,4122,1.7
Ford,Model_9211,Small,39.9,20.6,22.9,17,40,None,5156,1.9
Lexus,Model_9212,Small,27.1,51.3,41.7,18,31,Driver & Passenger,6282,3.0
Mazda,Model_9213,Van,22.4,13.1,64.6,19,42,Driver & Passenger,6217,2.3
Kia,Model_9214,Sport,30.6,51.9,56.7,17,31,None,5857,2.4
Volkswagen,Model_9215,Midsize,34.1,47.5,16.6,24,43,Driver & Passenger,5621,2.7
Nissan,Model_9216,Van,30.2,10.9,56.6,33,23,Driver & Passenger,5959,1.6
Nissan,Model_9217,Large,42.1,23.4,40.4,22,21,Driver & Passenger,4922,1.4
Ford,Model_9218,Van,31.4,12.3,47.0,37,39,Driver & Passenger,4916,1.8
Audi,Model_9219,Large,40.6,54.8,18.9,20,25,Driver & Passenger,5299,3.1
Mercedes-Benz,Model_9220,Large,29.9,29.3,33.0,37,25,Driver & Passenger,5823,2.6
Mazda,Model_9221,Compact,20.5,39.8,58.9,21,41,Driver & Passenger,5717,3.7
Kia,Model_9222,Compact,27.9,20.5,34.5,20,20,Driver & Passenger,6037,3.8
Mercedes-Benz,Model_9223,Large,11.7,52.0,18.7,27,30,None,5977,3.5
Toyota,Model_9224,Sport,16.9,22.3,28.5,27,42,Driver & Passenger,4111,1.9
Ford,Model_9225,Compact,36.5,21.7,23.7,35,42,Driver & Passenger,4877,3.5
Kia,Model_9226,Compact,32.6,24.2,48.4,19,40,Driver only,5602,3.3
Honda,Model_9227,Small,14.6,30.8,60.3,20,31,Driver & Passenger,5018,3.6
Nissan,Model_9228,Van,24.5,10.8,50.9,24,23,Driver & Passenger,5223,2.0
Mercedes-Benz,Model_9229,Small,13.7,36.9,56.7,34,47,Driver & Passenger,6169,5.0
Ford,Model_9230,Sport,39.7,11.4,54.7,24,35,Driver & Passenger,5687,4.9
Toyota,Model_9231,Compact,12.5,34.3,12.8,30,46,Driver & Passenger,4289,4.5
Hyundai,Model_9232,SUV,32.4,30.6,18.6,32,38,None,4870,2.0
Lexus,Model_9233,Compact,30.7,20.9,34.4,17,46,Driver & Passenger,4627,4.0
Toyota,Model_9234,Midsize,25.8,24.8,17.9,15,30,Driver & Passenger,6416,1.5
Mercedes-Benz,Model_9235,Sport,18.7,41.8,51.0,35,30,Driver & Passenger,5547,4.7
Hyundai,Model_9236,SUV,23.2,10.4,15.7,17,32,Driver only,6105,1.9
Honda,Model_9237,Van,37.9,24.2,34.1,33,32,None,6044,2.8
Ford,Model_9238,Van,36.3,40.6,32.8,15,27,None,4442,3.6
Volkswagen,Model_9239,SUV,35.5,16.9,40.8,22,30,Driver & Passenger,6461,2.5
Honda,Model_9240,Van,35.9,35.2,45.4,33,35,Driver & Passenger,6494,2.0
Mazda,Model_9241,SUV,13.8,17.6,62.2,18,32,Driver & Passenger,4445,4.2
Mazda,Model_9242,Sport,12.1,17.0,26.4,30,43,Driver only,4404,4.3
Hyundai,Model_9243,SUV,39.9,44.8,47.3,19,22,Driver & Passenger,4976,2.9
Volkswagen,Model_9244,SUV,39.1,22.0,13.9,19,46,Driver & Passenger,5205,2.2
Subaru,Model_9245,Midsize,33.4,26.9,12.1,16,30,Driver only,6199,3.8
Hyundai,Model_9246,Midsize,30.6,42.9,13.3,37,40,Driver & Passenger,4340,4.6
Mercedes-Benz,Model_9247,Small,21.9,18.1,35.8,20,27,Driver & Passenger,4587,4.2
Hyundai,Model_9248,Sport,16.7,33.9,41.4,21,29,Driver & Passenger,4525,3.2
Volkswagen,Model_9249,Sport,32.9,51.3,12.3,29,45,None,5389,1.2
Hyundai,Model_9250,Midsize,41.8,34.9,33.0,24,41,Driver only,6139,4.7
Subaru,Model_9251,Large,24.5,12.2,14.2,24,37,None,6147,4.6
Nissan,Model_9252,Large,19.6,36.5,46.6,33,36,Driver only,5081,2.0
Audi,Model_9253,Small,18.4,14.1,45.5,30,26,Driver & Passenger,5703,3.7
Chevrolet,Model_9254,Large,9.4,22.7,53.6,36,37,None,5469,2.5
Kia,Model_9255,Large,27.5,48.2,41.0,37,29,None,5532,1.9
Honda,Model_9256,Large,44.6,10.5,45.0,23,45,Driver & Passenger,4860,1.0
Kia,Model_9257,Compact,38.3,13.5,26.8,22,39,Driver & Passenger,4820,2.5
Hyundai,Model_9258,Small,41.3,26.4,16.5,33,46,Driver only,4770,1.8
Kia,Model_9259,Midsize,31.2,55.0,51.1,15,41,Driver & Passenger,4073,1.1
Kia,Model_9260,Large,26.1,23.1,44.4,31,32,Driver & Passenger,6399,3.1
Lexus,Model_9261,Van,44.7,17.1,61.7,32,26,Driver only,6116,1.9
Subaru,Model_9262,SUV,24.8,34.7,64.4,29,42,Driver & Passenger,4418,3.4
Toyota,Model_9263,Compact,42.0,33.4,56.9,20,26,Driver & Passenger,6372,2.7
Ford,Model_9264,Large,36.3,30.2,64.2,36,39,Driver & Passenger,5484,2.4
Nissan,Model_9265,SUV,20.6,52.6,46.3,31,30,Driver only,5904,2.5
Chevrolet,Model_9266,SUV,26.9,22.6,16.9,32,29,Driver & Passenger,4916,3.3
Ford,Model_9267,Compact,22.5,23.2,16.8,35,45,Driver & Passenger,5283,4.3
Toyota,Model_9268,Small,13.5,16.3,54.8,33,31,None,6192,3.7
Kia,Model_9269,Van,21.5,41.4,24.6,16,32,Driver & Passenger,4992,1.4
Chevrolet,Model_9270,Van,40.9,24.5,15.2,21,31,Driver only,5526,3.3
Toyota,Model_9271,Van,36.0,46.1,37.0,31,31,Driver & Passenger,5694,4.1
Subaru,Model_9272,Large,18.6,53.7,28.7,29,25,None,5541,2.2
Toyota,Model_9273,Compact,21.9,12.0,43.2,30,22,Driver & Passenger,5760,3.5
Subaru,Model_9274,Van,31.0,54.7,43.8,31,27,Driver & Passenger,4115,1.0
Toyota,Model_9275,SUV,23.7,21.4,48.1,17,36,Driver & Passenger,4041,4.8
Mazda,Model_9276,SUV,26.9,28.9,42.6,24,32,Driver only,4817,2.1
Hyundai,Model_9277,Sport,34.0,45.0,32.2,20,27,Driver & Passenger,4538,4.6
Chevrolet,Model_9278,Sport,25.6,39.9,13.3,16,24,Driver & Passenger,5240,1.9
Volkswagen,Model_9279,Compact,15.5,45.0,60.0,25,43,Driver & Passenger,6130,4.6
Toyota,Model_9280,Large,27.5,31.0,29.3,22,47,None,4269,3.2
Audi,Model_9281,Large,21.5,51.2,38.9,28,23,Driver only,4107,1.7
Kia,Model_9282,Small,19.1,45.5,41.5,26,35,Driver & Passenger,5038,2.3
Chevrolet,Model_9283,Small,20.5,23.9,28.7,34,37,Driver & Passenger,4946,4.3
Mazda,Model_9284,Van,24.5,52.7,28.3,21,23,None,4945,4.8
Honda,Model_9285,Midsize,40.9,53.2,25.8,32,30,Driver & Passenger,4799,4.5
Honda,Model_9286,SUV,35.3,28.7,24.9,19,27,None,6208,4.5
Nissan,Model_9287,Small,32.9,39.3,13.6,20,45,Driver & Passenger,5472,1.0
BMW,Model_9288,Large,25.7,46.7,62.8,27,20,Driver & Passenger,5832,2.8
Audi,Model_9289,SUV,8.6,46.8,43.6,16,46,Driver & Passenger,4082,4.3
Lexus,Model_9290,Midsize,20.9,10.6,17.7,33,32,None,6162,1.1
Lexus,Model_9291,Small,38.2,38.3,43.4,22,40,None,4058,3.8
Honda,Model_9292,Compact,22.7,53.8,24.3,25,46,None,6146,3.0
Mazda,Model_9293,Sport,29.1,20.4,28.5,35,41,Driver & Passenger,6489,4.2
Mercedes-Benz,Model_9294,Small,16.0,45.8,54.5,30,23,Driver & Passenger,6422,2.0
BMW,Model_9295,Small,41.9,34.0,58.9,15,23,Driver & Passenger,6113,4.5
Lexus,Model_9296,Compact,42.2,20.0,49.1,30,23,Driver & Passenger,5014,2.2
Toyota,Model_9297,Large,13.8,12.3,61.4,26,32,None,4803,4.8
Toyota,Model_9298,Van,34.9,44.2,60.0,31,38,None,4906,3.6
Hyundai,Model_9299,Compact,11.2,24.2,41.2,23,35,Driver & Passenger,6294,1.8
Kia,Model_9300,Van,30.3,26.9,60.1,20,47,Driver & Passenger,4761,4.1
BMW,Model_9301,Small,15.0,31.8,40.9,21,33,Driver & Passenger,4316,3.1
Kia,Model_9302,Large,13.8,32.8,17.5,27,29,None,6237,2.6
Mazda,Model_9303,Midsize,8.7,19.3,56.0,31,24,Driver & Passenger,4006,2.9
Mercedes-Benz,Model_9304,Small,42.8,40.2,19.0,24,34,Driver & Passenger,6373,2.6
Audi,Model_9305,Compact,38.8,41.2,28.7,25,25,Driver & Passenger,4088,3.8
Subaru,Model_9306,Midsize,11.3,16.4,32.1,28,38,Driver only,4719,2.0
BMW,Model_9307,Sport,30.4,34.0,54.8,31,33,Driver & Passenger,4890,3.0
Honda,Model_9308,Midsize,17.0,37.4,16.4,30,46,Driver & Passenger,4829,4.0
Audi,Model_9309,Compact,18.1,18.4,35.6,19,30,Driver & Passenger,6326,1.6
Hyundai,Model_9310,SUV,40.4,50.3,35.1,32,22,None,5930,2.2
Lexus,Model_9311,Midsize,12.7,31.7,42.9,25,44,Driver & Passenger,4071,1.9
Volkswagen,Model_9312,Compact,30.5,15.2,30.8,24,21,Driver & Passenger,4881,3.3
Kia,Model_9313,SUV,23.1,25.0,42.6,35,25,Driver & Passenger,4216,2.6
Kia,Model_9314,Small,15.5,31.5,64.3,35,43,Driver & Passenger,5932,2.3
Lexus,Model_9315,SUV,25.0,10.5,15.8,36,27,Driver only,6018,2.4
Audi,Model_9316,Large,42.8,11.4,58.4,20,20,Driver only,4109,2.9
Toyota,Model_9317,Sport,37.0,12.5,28.4,24,47,Driver only,4828,2.7
Kia,Model_9318,SUV,13.3,34.2,36.7,25,33,Driver & Passenger,5190,3.8
Hyundai,Model_9319,Large,39.5,25.1,51.3,15,35,Driver & Passenger,4579,3.8
Mercedes-Benz,Model_9320,Large,42.7,50.2,60.2,19,36,Driver only,4748,1.1
Honda,Model_9321,Large,18.6,35.2,12.5,16,27,Driver & Passenger,6474,3.8
Hyundai,Model_9322,SUV,20.7,44.2,47.1,25,36,Driver & Passenger,6431,1.9
Chevrolet,Model_9323,Compact,13.1,40.9,15.7,28,32,None,5807,2.7
Honda,Model_9324,Compact,21.1,33.4,39.9,27,38,Driver only,5912,1.9
Honda,Model_9325,Sport,33.1,43.5,51.7,37,28,Driver only,4266,1.5
Mercedes-Benz,Model_9326,Compact,18.4,34.5,21.0,25,22,Driver & Passenger,4599,3.3
Kia,Model_9327,Van,8.7,27.3,52.5,20,37,Driver & Passenger,5086,4.8
Volkswagen,Model_9328,Compact,20.9,29.6,28.4,16,20,Driver only,5991,2.5
Ford,Model_9329,Compact,25.0,47.7,44.4,33,32,Driver only,4374,3.7
Lexus,Model_9330,Compact,29.2,35.3,46.9,23,32,Driver & Passenger,4477,2.8
Subaru,Model_9331,Small,33.5,27.0,46.4,37,31,Driver & Passenger,6334,1.7
Lexus,Model_9332,Sport,10.8,18.1,13.0,32,20,Driver & Passenger,6327,4.7
Toyota,Model_9333,Van,25.6,32.3,20.1,28,29,None,5709,2.8
Subaru,Model_9334,Compact,18.2,21.4,57.4,27,38,Driver & Passenger,5492,1.0
Kia,Model_9335,Sport,43.1,53.0,61.8,26,41,Driver & Passenger,6181,2.8
Subaru,Model_9336,Midsize,21.6,32.1,41.9,26,26,Driver only,4849,1.0
Toyota,Model_9337,Small,12.2,10.4,43.6,27,33,Driver & Passenger,4878,4.2
Mercedes-Benz,Model_9338,SUV,10.0,14.2,52.0,21,25,None,4863,2.5
Lexus,Model_9339,Compact,18.2,22.8,33.5,30,25,Driver & Passenger,6081,3.5
Mazda,Model_9340,Van,15.0,14.1,29.4,31,28,None,4065,4.1
Lexus,Model_9341,Small,32.2,50.2,52.7,23,39,Driver & Passenger,6219,1.1
Ford,Model_9342,Van,39.4,48.4,13.5,28,35,None,5877,3.1
Subaru,Model_9343,SUV,19.9,53.7,58.9,23,24,Driver & Passenger,4532,3.6
Kia,Model_9344,SUV,29.6,41.8,35.4,20,34,None,5029,2.9
Nissan,Model_9345,Small,35.2,39.0,38.7,15,20,Driver & Passenger,5803,2.2
Subaru,Model_9346,Midsize,23.0,51.6,45.6,36,23,Driver & Passenger,5667,2.9
Honda,Model_9347,Sport,10.9,52.6,26.5,37,29,None,4733,2.6
Mazda,Model_9348,Small,16.9,49.5,43.7,34,25,Driver & Passenger,4840,3.4
Ford,Model_9349,Large,40.7,48.8,48.7,15,42,None,5542,2.9
Kia,Model_9350,SUV,38.6,40.2,18.3,33,46,Driver only,4239,1.5
Hyundai,Model_9351,Midsize,11.7,10.1,39.6,36,21,Driver & Passenger,5070,1.3
Audi,Model_9352,SUV,16.7,29.3,29.5,29,29,Driver only,4789,1.7
Hyundai,Model_9353,Large,36.6,38.6,41.5,31,41,None,4154,1.3
Mercedes-Benz,Model_9354,Midsize,26.2,34.6,13.1,34,38,None,6299,2.0
Audi,Model_9355,SUV,36.2,47.0,51.4,22,42,Driver & Passenger,5762,1.3
Toyota,Model_9356,Large,16.2,46.9,20.9,36,28,Driver & Passenger,5573,3.4
Lexus,Model_9357,Large,43.3,36.9,48.5,36,30,Driver & Passenger,4269,2.8
Subaru,Model_9358,SUV,37.1,11.0,52.7,17,23,Driver & Passenger,5703,2.0
Ford,Model_9359,SUV,15.7,26.6,51.9,37,43,Driver & Passenger,6403,1.1
Honda,Model_9360,Van,28.9,20.3,55.3,26,29,None,5740,1.6
Honda,Model_9361,Small,12.6,25.2,28.3,29,25,Driver & Passenger,4612,3.7
Volkswagen,Model_9362,Small,21.7,37.8,63.3,32,22,Driver only,5139,2.0
Lexus,Model_9363,Midsize,32.6,13.0,13.3,27,32,Driver & Passenger,4049,2.3
Chevrolet,Model_9364,Sport,20.5,11.0,37.5,19,38,Driver only,4458,1.3
Audi,Model_9365,SUV,32.5,29.7,26.3,36,22,Driver & Passenger,6079,3.2
Subaru,Model_9366,Van,17.4,45.7,51.2,31,39,None,5860,4.2
Mazda,Model_9367,Small,34.8,11.4,54.7,35,37,Driver & Passenger,4991,2.4
Ford,Model_9368,Small,21.6,48.2,55.6,17,31,Driver & Passenger,5110,1.5
Honda,Model_9369,Van,37.4,27.3,27.7,33,31,Driver & Passenger,6308,4.8
Lexus,Model_9370,Compact,13.5,15.3,26.5,20,40,Driver & Passenger,4807,3.0
Chevrolet,Model_9371,Van,21.7,35.5,47.9,31,31,Driver & Passenger,5701,1.4
Ford,Model_9372,Small,25.4,52.9,61.2,19,43,Driver & Passenger,4765,3.0
Subaru,Model_9373,Sport,24.0,34.4,25.5,35,47,Driver only,5213,1.2
Mercedes-Benz,Model_9374,Compact,24.3,40.9,60.3,19,26,Driver & Passenger,5281,1.2
Lexus,Model_9375,Large,24.7,46.7,43.3,33,28,None,4807,2.3
BMW,Model_9376,Van,44.6,46.0,51.1,36,31,Driver & Passenger,4504,3.7
Mercedes-Benz,Model_9377,Large,15.6,13.3,35.3,25,38,None,4582,3.8
Honda,Model_9378,Compact,36.6,43.3,54.8,15,23,Driver & Passenger,5255,4.6
BMW,Model_9379,Compact,28.6,52.7,63.4,27,43,Driver & Passenger,4433,1.4
Ford,Model_9380,Compact,23.6,41.5,21.0,31,29,Driver only,4405,2.9
Subaru,Model_9381,Midsize,31.6,47.6,32.4,25,46,Driver only,4902,2.9
Honda,Model_9382,Van,39.7,31.8,57.7,32,38,Driver only,5916,2.8
Volkswagen,Model_9383,SUV,25.5,24.4,21.4,18,36,Driver & Passenger,4364,4.4
BMW,Model_9384,Sport,40.1,40.4,33.9,24,37,Driver only,5047,4.2
Lexus,Model_9385,Sport,11.9,32.1,20.8,25,29,Driver & Passenger,6211,3.0
Nissan,Model_9386,Large,32.3,50.3,46.4,32,45,Driver & Passenger,6257,4.1
Chevrolet,Model_9387,Large,20.7,53.8,24.6,15,43,Driver & Passenger,4921,1.2
Mazda,Model_9388,SUV,22.6,46.9,32.2,18,31,Driver & Passenger,6278,3.1
Audi,Model_9389,Large,29.3,54.7,38.0,19,42,None,6359,1.4
Chevrolet,Model_9390,Van,26.0,25.7,27.7,16,39,Driver & Passenger,5877,4.5
BMW,Model_9391,Small,22.4,50.3,48.0,36,27,Driver only,5798,3.0
Honda,Model_9392,Large,19.8,24.8,17.9,26,38,Driver & Passenger,5831,1.1
Volkswagen,Model_9393,Compact,31.1,15.3,58.6,25,20,Driver & Passenger,5783,3.2
Nissan,Model_9394,Large,27.0,38.0,37.5,35,23,Driver & Passenger,5899,4.0
Volkswagen,Model_9395,Compact,20.3,30.5,42.4,30,25,Driver only,5173,1.5
Nissan,Model_9396,Midsize,16.0,51.5,45.0,18,41,Driver & Passenger,4301,2.1
Audi,Model_9397,Small,36.8,32.1,15.2,21,23,Driver & Passenger,4022,2.8
Volkswagen,Model_9398,Small,37.7,51.7,52.1,35,35,Driver & Passenger,5023,2.7
Nissan,Model_9399,SUV,16.3,13.5,62.1,37,27,Driver only,5670,3.0
Volkswagen,Model_9400,Van,18.1,47.4,39.6,35,28,Driver & Passenger,4394,1.1
Hyundai,Model_9401,Van,17.2,44.2,32.7,27,34,Driver & Passenger,5351,4.0
Chevrolet,Model_9402,Sport,40.8,42.4,53.6,28,37,Driver & Passenger,5381,2.3
Kia,Model_9403,Midsize,36.8,26.0,50.2,25,22,Driver & Passenger,5418,3.8
Nissan,Model_9404,SUV,11.2,45.3,46.5,22,47,None,4810,4.4
Audi,Model_9405,Van,38.9,31.7,63.2,15,43,Driver only,4030,3.7
Nissan,Model_9406,Compact,9.8,42.2,42.8,22,36,Driver only,4740,3.7
Nissan,Model_9407,Midsize,17.7,34.9,25.2,33,20,Driver & Passenger,5279,3.3
Hyundai,Model_9408,Small,42.0,17.1,13.3,31,26,Driver & Passenger,5945,1.0
Hyundai,Model_9409,Compact,40.0,12.9,36.0,23,29,Driver only,5350,4.6
Chevrolet,Model_9410,SUV,37.0,26.5,46.6,27,34,Driver & Passenger,5507,4.3
Mercedes-Benz,Model_9411,SUV,25.2,52.0,21.1,36,42,Driver & Passenger,6233,1.8
BMW,Model_9412,Midsize,20.2,33.8,13.4,29,32,Driver only,6323,1.7
Toyota,Model_9413,Small,40.7,46.1,60.2,27,42,Driver & Passenger,5870,1.1
Kia,Model_9414,Van,32.5,35.9,28.0,22,24,Driver & Passenger,5890,2.5
Nissan,Model_9415,Compact,19.3,53.1,36.7,26,47,Driver only,5213,4.9
Mazda,Model_9416,Compact,25.4,26.6,16.8,25,26,Driver & Passenger,6492,1.4
Nissan,Model_9417,Small,40.7,12.6,32.2,34,33,Driver only,6004,3.3
Hyundai,Model_9418,Compact,41.5,45.1,34.5,27,33,Driver only,5845,2.1
Volkswagen,Model_9419,Van,32.6,41.7,59.8,30,28,Driver & Passenger,5639,4.4
BMW,Model_9420,Van,35.2,33.7,57.9,16,41,None,5391,3.0
Mazda,Model_9421,Van,9.9,24.7,22.0,20,25,Driver only,6172,4.4
Kia,Model_9422,Small,30.6,18.5,41.5,30,38,Driver only,4008,4.7
Mazda,Model_9423,Large,33.6,31.7,50.8,32,34,None,4093,3.5
Mercedes-Benz,Model_9424,Large,9.2,40.0,27.5,31,35,Driver & Passenger,4021,2.1
Chevrolet,Model_9425,SUV,39.3,36.0,32.9,29,42,Driver & Passenger,6411,2.8
Audi,Model_9426,SUV,42.4,29.7,64.2,21,41,Driver & Passenger,4345,3.5
Lexus,Model_9427,Compact,17.2,34.3,52.3,28,31,Driver & Passenger,5950,3.6
Audi,Model_9428,Van,39.4,14.9,35.2,21,40,Driver & Passenger,6302,1.3
Lexus,Model_9429,Compact,32.8,41.3,40.3,20,22,None,5455,2.4
Kia,Model_9430,Small,29.7,43.0,45.2,26,22,None,4129,3.1
Subaru,Model_9431,Compact,39.3,10.5,38.4,16,25,Driver only,4740,2.3
BMW,Model_9432,Sport,18.9,22.2,33.8,35,41,Driver & Passenger,5679,3.3
Subaru,Model_9433,Large,37.4,14.1,31.0,15,40,Driver & Passenger,6353,1.7
Audi,Model_9434,Compact,20.0,54.9,21.0,32,38,Driver only,4380,1.1
Lexus,Model_9435,Compact,37.2,36.7,63.6,19,31,None,5403,2.4
Ford,Model_9436,Midsize,25.0,31.0,16.8,35,35,Driver & Passenger,5634,3.3
Hyundai,Model_9437,Compact,12.8,30.8,43.9,21,37,Driver & Passenger,4517,1.0
Kia,Model_9438,Sport,22.4,53.4,62.9,29,23,Driver & Passenger,4906,3.4
Kia,Model_9439,Large,17.0,39.7,31.9,35,39,Driver & Passenger,4076,2.4
Toyota,Model_9440,Midsize,12.2,17.6,25.4,20,45,Driver & Passenger,6257,5.0
Toyota,Model_9441,Small,12.5,30.2,62.6,16,32,Driver only,6359,4.1
Chevrolet,Model_9442,SUV,37.0,44.8,54.5,35,32,Driver & Passenger,5707,2.2
Lexus,Model_9443,Small,40.7,29.1,46.7,31,21,Driver & Passenger,5885,4.9
Hyundai,Model_9444,Large,42.3,23.9,44.4,27,47,None,6152,2.1
Chevrolet,Model_9445,SUV,39.7,54.6,31.1,27,28,Driver & Passenger,5664,1.4
Toyota,Model_9446,Small,38.8,52.1,46.0,28,46,Driver only,4228,1.1
Subaru,Model_9447,Sport,11.0,52.4,50.4,37,30,Driver & Passenger,4515,4.1
Audi,Model_9448,Compact,37.3,15.9,13.7,22,22,Driver only,4333,2.3
Honda,Model_9449,Large,37.1,20.5,18.2,29,36,Driver & Passenger,5738,4.9
Kia,Model_9450,SUV,13.3,29.9,28.7,25,31,Driver only,6134,3.5
Mercedes-Benz,Model_9451,Midsize,32.7,47.4,29.1,27,24,Driver & Passenger,4493,1.7
Ford,Model_9452,Compact,25.0,43.2,59.7,35,33,Driver & Passenger,5483,2.3
Kia,Model_9453,Small,41.4,48.2,48.3,34,45,Driver only,6361,3.0
Nissan,Model_9454,Small,33.9,51.4,31.8,15,38,Driver & Passenger,6158,3.9
BMW,Model_9455,Midsize,43.2,45.1,54.9,16,41,Driver & Passenger,5577,3.4
Hyundai,Model_9456,Sport,12.3,21.8,29.1,25,36,Driver & Passenger,6243,2.0
Honda,Model_9457,Midsize,10.0,22.8,64.5,28,45,Driver only,5472,2.9
Ford,Model_9458,Large,44.0,25.9,53.4,19,23,None,4551,1.9
Nissan,Model_9459,Midsize,11.4,23.6,54.8,21,20,Driver only,4253,2.4
Chevrolet,Model_9460,Small,22.6,21.2,25.8,30,36,Driver & Passenger,4073,2.1
Ford,Model_9461,Sport,32.2,43.9,19.7,25,29,Driver & Passenger,4902,4.6
Subaru,Model_9462,Sport,40.6,11.5,32.6,29,27,None,5665,4.2
Toyota,Model_9463,Van,17.8,42.8,29.7,18,45,Driver & Passenger,4726,3.1
Kia,Model_9464,Midsize,9.6,47.1,52.8,24,30,Driver only,5313,1.7
Ford,Model_9465,Large,27.5,13.0,21.2,15,39,Driver & Passenger,4779,3.4
BMW,Model_9466,Small,25.7,12.8,40.0,21,29,Driver & Passenger,5266,2.4
Mazda,Model_9467,Compact,19.7,22.8,45.3,26,38,Driver & Passenger,5847,1.1
Mercedes-Benz,Model_9468,Sport,40.4,19.4,32.4,25,25,Driver & Passenger,5867,3.8
Chevrolet,Model_9469,Midsize,35.9,36.2,22.6,25,30,None,5260,2.0
Volkswagen,Model_9470,Van,39.8,40.4,59.5,31,35,Driver & Passenger,5705,1.9
Hyundai,Model_9471,Large,14.4,38.5,19.4,15,29,Driver & Passenger,6186,3.7
Hyundai,Model_9472,Large,33.8,26.1,28.1,29,44,Driver only,5181,4.5
Hyundai,Model_9473,SUV,44.1,32.4,52.1,37,41,Driver & Passenger,5622,2.1
Subaru,Model_9474,Small,30.8,38.8,44.1,35,20,Driver & Passenger,4529,4.1
Hyundai,Model_9475,Sport,14.8,15.4,50.7,34,27,Driver & Passenger,5544,4.5
Ford,Model_9476,Small,44.8,20.3,54.9,36,36,Driver only,4625,1.8
Mazda,Model_9477,Van,27.8,50.1,59.5,32,38,Driver only,6181,4.7
Kia,Model_9478,Compact,39.2,25.4,28.1,35,28,Driver only,5867,2.1
Volkswagen,Model_9479,Compact,14.0,46.1,37.1,18,39,Driver & Passenger,5800,1.9
Subaru,Model_9480,Compact,32.8,21.3,48.5,33,27,Driver only,4603,2.4
Nissan,Model_9481,Large,41.8,11.9,54.1,19,28,None,4349,1.9
Honda,Model_9482,Sport,27.9,32.5,42.6,28,35,None,4558,3.3
Kia,Model_9483,Small,19.0,50.2,39.2,37,33,Driver & Passenger,4294,2.9
Nissan,Model_9484,Small,13.2,46.9,48.7,27,43,Driver only,5151,3.7
Honda,Model_9485,Van,19.3,21.4,32.2,33,25,Driver & Passenger,4826,3.9
Mazda,Model_9486,Compact,21.5,50.9,59.4,33,28,Driver only,5731,1.3
Honda,Model_9487,Sport,34.4,31.6,23.2,30,30,None,5515,1.6
Mercedes-Benz,Model_9488,Sport,15.0,12.2,58.9,36,41,Driver & Passenger,4695,4.2
Kia,Model_9489,Van,12.4,11.3,46.1,35,34,Driver only,5269,1.3
Subaru,Model_9490,Midsize,22.6,31.8,43.8,33,34,Driver only,5421,3.6
Mercedes-Benz,Model_9491,Sport,25.2,34.6,36.9,15,24,Driver & Passenger,5871,3.7
Lexus,Model_9492,Sport,31.4,13.6,20.2,24,27,Driver & Passenger,5124,3.9
BMW,Model_9493,Small,34.3,51.5,57.8,16,39,None,5695,1.9
Ford,Model_9494,Van,41.0,42.3,14.8,29,22,None,4158,1.6
Nissan,Model_9495,Sport,19.0,46.1,26.3,33,39,Driver only,5220,2.8
BMW,Model_9496,Sport,27.8,36.3,17.8,18,47,Driver & Passenger,6263,1.2
Nissan,Model_9497,Small,21.9,39.9,17.7,35,44,None,4886,4.4
Subaru,Model_9498,Sport,8.6,27.5,32.7,18,23,Driver & Passenger,4842,4.0
Ford,Model_9499,Small,29.6,40.6,20.5,26,26,Driver & Passenger,5288,4.5
Lexus,Model_9500,Midsize,38.3,54.0,42.8,35,36,Driver & Passenger,4407,1.3
Audi,Model_9501,Large,9.8,39.1,45.2,33,31,Driver & Passenger,5811,4.7
Honda,Model_9502,SUV,8.6,25.4,58.8,37,25,Driver & Passenger,4012,4.0
Mazda,Model_9503,Small,35.1,22.8,27.9,23,43,Driver only,4822,1.5
Audi,Model_9504,Small,33.5,53.4,28.4,36,42,Driver & Passenger,4603,1.4
Audi,Model_9505,Sport,23.3,18.3,25.1,30,40,Driver & Passenger,5518,4.6
Hyundai,Model_9506,Small,32.6,46.3,53.4,29,23,Driver & Passenger,5758,2.9
Toyota,Model_9507,Van,43.3,30.9,34.7,23,37,Driver & Passenger,5631,5.0
Kia,Model_9508,Compact,17.5,30.0,41.3,33,35,Driver & Passenger,4356,3.5
BMW,Model_9509,Compact,17.5,43.6,31.9,32,20,Driver & Passenger,4302,3.8
BMW,Model_9510,Midsize,15.3,16.7,20.3,35,36,Driver only,6299,2.9
BMW,Model_9511,Small,34.9,31.0,17.4,21,24,Driver & Passenger,4582,2.7
Mercedes-Benz,Model_9512,Van,21.4,11.6,58.0,30,44,Driver only,6141,4.2
Subaru,Model_9513,Sport,44.6,40.2,26.1,29,42,None,4030,2.8
BMW,Model_9514,Sport,34.6,12.6,61.9,37,37,None,4300,3.0
Subaru,Model_9515,SUV,21.9,13.9,62.2,25,25,Driver & Passenger,4309,2.6
Kia,Model_9516,Large,13.9,48.0,37.4,20,45,Driver & Passenger,4328,1.8
Audi,Model_9517,Midsize,30.1,29.9,62.8,17,42,Driver & Passenger,5121,4.4
Lexus,Model_9518,Van,19.3,19.0,13.5,28,32,None,4410,1.9
Kia,Model_9519,Van,41.6,36.7,16.9,20,27,None,4051,2.2
BMW,Model_9520,SUV,24.6,33.4,24.9,31,46,None,5050,3.4
Toyota,Model_9521,SUV,19.2,28.5,23.1,33,44,Driver only,6163,2.3
Chevrolet,Model_9522,Sport,30.0,50.7,25.4,32,38,Driver & Passenger,5388,2.4
Ford,Model_9523,Large,13.5,43.7,36.0,34,47,Driver & Passenger,4684,1.0
BMW,Model_9524,Sport,29.0,16.8,15.3,30,35,Driver & Passenger,6474,4.2
Mazda,Model_9525,Large,10.5,35.7,41.4,17,37,Driver & Passenger,4553,3.0
Chevrolet,Model_9526,Compact,30.7,14.0,28.4,20,26,Driver only,6351,1.8
Kia,Model_9527,Van,27.9,21.0,15.8,31,43,Driver & Passenger,4341,3.8
Mazda,Model_9528,SUV,27.5,50.9,51.9,34,28,Driver & Passenger,5523,3.6
Mazda,Model_9529,Compact,33.5,30.8,46.6,19,45,Driver & Passenger,5996,2.5
Nissan,Model_9530,Sport,10.1,50.1,54.1,35,47,None,5306,3.3
Mazda,Model_9531,Midsize,25.3,17.5,61.8,30,40,None,4295,3.7
BMW,Model_9532,Small,24.7,19.2,43.0,31,44,Driver & Passenger,4093,1.2
Nissan,Model_9533,Midsize,25.3,25.9,53.7,30,20,None,5186,2.7
Hyundai,Model_9534,Midsize,44.3,26.5,22.6,35,28,None,5408,3.1
Lexus,Model_9535,Small,13.6,43.5,33.7,23,29,Driver & Passenger,6202,3.9
Audi,Model_9536,Van,33.7,37.0,40.1,21,40,Driver & Passenger,4277,2.5
Mazda,Model_9537,Compact,23.2,34.9,40.7,19,37,None,6026,1.7
Toyota,Model_9538,Compact,27.2,37.1,50.1,23,41,None,5815,1.4
Volkswagen,Model_9539,Van,36.3,42.9,54.2,35,20,Driver only,4150,4.2
Ford,Model_9540,Small,14.2,50.2,47.3,24,32,Driver only,6228,2.9
Mazda,Model_9541,Large,36.4,28.7,14.5,35,33,Driver & Passenger,5864,1.9
Subaru,Model_9542,Midsize,11.1,46.1,30.6,15,42,Driver only,5946,4.2
Hyundai,Model_9543,Sport,26.1,32.3,42.3,21,26,Driver only,5431,4.2
Honda,Model_9544,Compact,35.6,42.5,38.9,35,47,Driver & Passenger,6255,3.6
Subaru,Model_9545,Van,15.5,49.4,14.4,19,45,Driver & Passenger,6175,1.5
Kia,Model_9546,Sport,36.6,11.4,64.0,20,27,Driver only,4022,2.2
Volkswagen,Model_9547,SUV,14.6,34.6,62.7,20,20,Driver & Passenger,4311,4.5
Kia,Model_9548,Small,37.7,54.5,53.0,37,21,Driver & Passenger,4604,1.5
Lexus,Model_9549,Sport,25.6,32.3,14.9,29,30,None,6451,3.8
Hyundai,Model_9550,Sport,33.5,48.9,34.8,22,20,Driver & Passenger,5566,2.0
Honda,Model_9551,Midsize,42.0,18.4,33.7,15,43,Driver only,5640,1.1
Kia,Model_9552,Small,23.4,37.2,41.6,24,31,Driver & Passenger,4957,3.8
Kia,Model_9553,Sport,17.0,49.2,15.0,17,27,Driver & Passenger,4344,2.1
Kia,Model_9554,Compact,40.2,29.4,34.5,36,47,None,5911,4.0
Hyundai,Model_9555,Small,14.4,31.9,52.2,30,22,Driver only,4041,2.5
Volkswagen,Model_9556,Compact,31.5,13.7,64.9,15,29,Driver & Passenger,4613,1.9
Audi,Model_9557,Van,42.2,11.9,43.6,30,34,Driver & Passenger,6272,4.6
Ford,Model_9558,Van,33.1,31.1,61.9,28,31,Driver & Passenger,5548,2.4
Hyundai,Model_9559,SUV,15.6,48.0,64.9,19,21,Driver & Passenger,4922,4.7
Honda,Model_9560,Large,14.1,51.9,35.0,30,44,Driver & Passenger,4850,4.8
Mazda,Model_9561,Van,17.7,39.6,47.4,35,24,Driver & Passenger,4591,2.6
Lexus,Model_9562,Sport,22.8,47.2,23.3,25,28,Driver & Passenger,6094,3.9
Audi,Model_9563,Small,14.3,43.1,37.2,32,37,Driver only,5869,2.6
Mercedes-Benz,Model_9564,Van,37.6,41.6,16.2,21,25,None,5638,3.6
Hyundai,Model_9565,Compact,21.5,44.6,13.5,22,30,None,6453,4.1
Audi,Model_9566,Sport,42.7,32.7,59.3,31,33,None,5902,3.6
Mazda,Model_9567,Van,39.3,30.6,57.5,28,20,Driver & Passenger,5152,2.2
Toyota,Model_9568,Midsize,41.7,17.2,28.5,31,42,Driver & Passenger,5202,2.2
Nissan,Model_9569,Compact,19.2,48.0,36.2,26,23,Driver & Passenger,4113,4.4
Ford,Model_9570,SUV,29.4,12.0,38.2,32,26,Driver & Passenger,4574,3.3
Ford,Model_9571,SUV,20.2,22.0,39.6,15,28,Driver & Passenger,5626,4.6
Hyundai,Model_9572,SUV,17.9,33.4,19.1,21,36,None,5185,2.7
Toyota,Model_9573,Compact,30.7,53.7,53.1,20,36,Driver & Passenger,6076,2.1
Nissan,Model_9574,SUV,38.4,45.4,30.4,29,30,Driver only,4710,3.4
Ford,Model_9575,Large,11.9,26.6,13.7,32,42,Driver only,6016,4.6
Honda,Model_9576,Midsize,18.6,42.1,47.9,25,45,Driver only,4824,3.0
Chevrolet,Model_9577,Large,16.0,51.9,56.0,31,46,None,4459,2.1
Chevrolet,Model_9578,Van,37.6,34.2,60.7,15,31,None,6336,1.9
Ford,Model_9579,Midsize,42.6,30.8,47.7,16,34,None,6413,2.8
Mercedes-Benz,Model_9580,Compact,11.4,34.9,22.1,21,21,Driver only,5495,4.4
BMW,Model_9581,Large,22.3,24.0,43.3,24,27,Driver only,4118,2.1
Ford,Model_9582,Sport,41.9,50.8,60.3,28,39,Driver & Passenger,4103,3.2
Lexus,Model_9583,Midsize,21.1,45.9,30.6,26,42,Driver & Passenger,4049,1.7
Lexus,Model_9584,Compact,34.5,41.7,62.5,31,45,Driver & Passenger,5720,4.0
Mazda,Model_9585,Small,12.2,36.5,17.2,28,21,Driver & Passenger,4853,2.8
Mazda,Model_9586,Midsize,24.7,53.6,50.6,33,43,Driver & Passenger,4474,2.0
Mercedes-Benz,Model_9587,Midsize,26.9,23.4,18.4,24,25,Driver only,4718,4.0
Lexus,Model_9588,Van,36.2,22.7,54.3,26,20,Driver & Passenger,4854,3.9
Subaru,Model_9589,Sport,19.0,20.9,17.2,21,44,None,5754,1.1
Nissan,Model_9590,Van,18.1,43.4,29.3,22,46,Driver & Passenger,4112,2.8
Kia,Model_9591,SUV,19.6,45.9,53.2,27,37,Driver & Passenger,4753,3.4
Audi,Model_9592,Midsize,28.8,36.9,36.4,20,23,Driver & Passenger,6279,2.0
Honda,Model_9593,Midsize,40.5,39.3,58.8,22,44,None,6184,1.2
Toyota,Model_9594,SUV,38.8,25.7,33.3,19,27,Driver & Passenger,4876,2.1
Volkswagen,Model_9595,Sport,10.6,11.8,64.7,23,27,None,4924,4.5
Ford,Model_9596,Sport,40.6,21.4,13.0,25,33,Driver only,5188,2.4
Kia,Model_9597,Large,12.0,36.3,48.9,27,39,Driver & Passenger,6166,4.1
Kia,Model_9598,Compact,23.7,46.6,60.5,15,33,Driver & Passenger,5536,3.8
Honda,Model_9599,Compact,36.4,45.0,40.4,21,20,None,6379,4.8
Toyota,Model_9600,Large,11.5,18.1,64.4,20,45,None,5600,4.5
Hyundai,Model_9601,Compact,10.0,12.3,49.5,22,39,Driver only,6224,4.8
Mercedes-Benz,Model_9602,Midsize,20.5,48.3,34.8,16,22,Driver & Passenger,5126,1.1
Mazda,Model_9603,Large,35.1,13.4,39.3,31,34,None,5910,2.2
Hyundai,Model_9604,Large,27.5,27.7,58.5,31,46,Driver only,4482,4.5
Honda,Model_9605,Compact,23.7,14.2,62.8,32,38,Driver only,5073,2.5
Kia,Model_9606,Small,38.2,35.4,41.5,35,20,Driver & Passenger,4265,1.2
Chevrolet,Model_9607,Compact,36.5,26.4,28.3,21,44,Driver & Passenger,5751,4.7
Ford,Model_9608,Van,37.2,19.1,24.7,29,22,None,4262,2.8
Nissan,Model_9609,Small,25.3,36.8,37.3,27,39,Driver & Passenger,4397,1.2
Lexus,Model_9610,Large,9.2,26.4,27.7,34,20,None,6446,2.1
Chevrolet,Model_9611,Small,14.8,17.5,34.3,28,38,Driver only,4694,4.4
Kia,Model_9612,Midsize,35.6,41.5,56.2,29,36,Driver & Passenger,4363,4.2
Audi,Model_9613,Sport,36.0,47.7,37.0,17,32,None,6234,5.0
Volkswagen,Model_9614,Small,44.0,22.3,46.0,20,39,None,5892,2.8
BMW,Model_9615,Van,15.4,18.4,16.8,23,35,Driver & Passenger,4328,2.2
Toyota,Model_9616,Sport,13.0,13.4,52.4,28,45,None,5830,1.5
Subaru,Model_9617,Midsize,13.6,33.8,37.6,30,31,Driver only,6478,2.2
Mazda,Model_9618,Van,15.2,47.4,31.1,31,26,None,4544,1.8
Ford,Model_9619,SUV,27.8,21.3,44.4,26,45,Driver & Passenger,4735,3.7
Nissan,Model_9620,Sport,44.1,30.7,17.4,18,46,Driver & Passenger,4938,4.1
Hyundai,Model_9621,SUV,30.0,17.2,33.9,19,43,Driver & Passenger,6314,4.2
Mazda,Model_9622,Midsize,27.6,28.2,55.0,25,43,Driver & Passenger,5211,4.0
Ford,Model_9623,Sport,33.1,10.7,25.9,36,36,None,5405,3.0
Hyundai,Model_9624,Sport,11.2,51.0,60.4,25,30,Driver & Passenger,4730,2.6
Nissan,Model_9625,Compact,38.3,40.4,44.0,22,41,Driver & Passenger,5517,1.4
Kia,Model_9626,Van,32.1,25.0,40.7,32,27,None,5832,3.3
Lexus,Model_9627,Van,14.7,49.7,33.2,20,29,Driver & Passenger,6410,2.8
BMW,Model_9628,Small,31.5,18.2,51.3,21,35,Driver & Passenger,5587,2.0
Mercedes-Benz,Model_9629,SUV,30.3,13.5,41.9,20,29,None,4303,4.2
Chevrolet,Model_9630,SUV,10.9,52.4,54.2,28,43,None,6146,3.8
Mercedes-Benz,Model_9631,Van,18.2,23.9,29.6,34,44,None,4555,3.3
Chevrolet,Model_9632,Van,22.8,52.1,49.2,20,27,None,6181,1.8
Kia,Model_9633,Sport,17.4,38.7,62.0,18,24,Driver only,6194,3.3
Mazda,Model_9634,SUV,17.4,54.1,26.8,27,36,Driver only,6275,1.8
Volkswagen,Model_9635,Large,29.4,43.9,64.0,31,32,Driver & Passenger,5897,3.9
Kia,Model_9636,Compact,25.7,14.7,33.8,26,44,Driver & Passenger,6447,1.7
Kia,Model_9637,Small,32.9,48.4,14.0,23,29,Driver only,5418,4.0
Hyundai,Model_9638,Compact,43.4,16.7,31.0,34,29,Driver & Passenger,4603,3.2
Subaru,Model_9639,Small,32.6,41.1,19.9,17,45,Driver & Passenger,5004,4.9
Ford,Model_9640,Midsize,29.7,32.5,28.1,25,45,Driver only,4891,2.9
Volkswagen,Model_9641,Sport,39.4,41.8,17.1,19,40,Driver & Passenger,4418,2.0
Subaru,Model_9642,Van,31.6,44.4,21.4,17,42,Driver only,5698,4.4
Subaru,Model_9643,Van,14.5,46.2,18.7,31,31,Driver & Passenger,4506,3.3
Ford,Model_9644,Large,20.0,47.6,14.3,23,31,Driver only,6214,3.1
Mercedes-Benz,Model_9645,SUV,35.3,48.1,27.7,20,26,Driver only,5514,1.4
Nissan,Model_9646,SUV,35.5,28.6,61.9,32,30,Driver only,6179,2.5
BMW,Model_9647,Compact,44.5,50.0,62.3,20,39,None,5199,1.0
Subaru,Model_9648,Compact,31.4,42.4,56.9,20,43,Driver & Passenger,5583,1.9
Ford,Model_9649,Compact,41.3,47.8,12.6,36,46,Driver & Passenger,4337,3.1
Hyundai,Model_9650,SUV,10.5,54.5,13.5,24,45,Driver & Passenger,4061,2.9
Nissan,Model_9651,Van,29.2,15.2,12.5,25,44,None,4022,3.3
Audi,Model_9652,SUV,42.1,26.7,31.4,28,31,Driver & Passenger,5211,4.5
Kia,Model_9653,Compact,19.0,46.3,64.0,26,23,Driver & Passenger,4297,2.0
Kia,Model_9654,Sport,14.2,13.9,59.5,34,37,Driver & Passenger,5763,3.7
Mazda,Model_9655,Small,21.3,34.3,25.3,32,29,Driver & Passenger,5189,3.2
Subaru,Model_9656,Van,37.4,48.6,33.7,36,39,None,4057,4.3
Audi,Model_9657,Sport,11.6,10.9,55.7,29,21,Driver & Passenger,4446,2.1
Mazda,Model_9658,Midsize,30.4,52.3,52.2,24,47,Driver only,6490,5.0
Lexus,Model_9659,Sport,13.5,54.0,19.0,15,20,None,5534,3.7
Subaru,Model_9660,Sport,24.4,24.5,17.7,29,33,Driver & Passenger,5585,1.2
Hyundai,Model_9661,Midsize,43.8,44.5,40.8,36,36,Driver & Passenger,4754,1.0
Hyundai,Model_9662,Sport,15.6,15.7,17.4,16,46,Driver & Passenger,6384,4.5
Nissan,Model_9663,Small,9.7,44.8,55.7,34,23,None,4268,2.0
Mercedes-Benz,Model_9664,Van,24.1,31.7,25.4,16,44,Driver & Passenger,6103,1.9
Nissan,Model_9665,Large,29.6,48.7,22.0,18,28,Driver & Passenger,4219,3.2
Volkswagen,Model_9666,SUV,19.4,19.6,21.8,37,26,Driver & Passenger,6135,1.7
Kia,Model_9667,Midsize,28.3,40.3,14.4,28,40,Driver & Passenger,6032,2.2
Honda,Model_9668,Van,43.3,45.4,46.0,33,41,None,5060,3.1
Mercedes-Benz,Model_9669,Compact,19.9,19.1,20.7,28,36,Driver & Passenger,6245,4.9
Hyundai,Model_9670,Small,19.8,46.8,24.4,27,22,Driver & Passenger,6454,1.6
Nissan,Model_9671,Large,26.1,53.1,51.8,15,20,Driver only,5707,1.2
Lexus,Model_9672,Small,27.3,37.7,15.0,24,29,Driver & Passenger,4415,3.8
Ford,Model_9673,Small,8.5,45.3,22.7,28,24,Driver only,5749,3.5
Hyundai,Model_9674,Compact,31.0,34.0,19.9,31,23,Driver & Passenger,4742,2.3
Kia,Model_9675,Large,44.9,36.9,12.3,30,38,Driver & Passenger,5137,2.1
Mazda,Model_9676,SUV,19.2,10.6,40.6,29,25,Driver & Passenger,6430,4.5
Hyundai,Model_9677,Small,31.5,33.6,22.1,25,25,None,4083,2.3
Audi,Model_9678,Compact,8.7,35.9,45.5,37,28,Driver & Passenger,4490,3.4
Mazda,Model_9679,Midsize,30.6,40.2,38.6,26,39,Driver only,6047,2.7
Subaru,Model_9680,Compact,24.8,17.6,47.4,15,28,Driver & Passenger,6297,3.1
Chevrolet,Model_9681,Sport,27.9,20.9,64.0,17,34,Driver only,4618,4.6
Hyundai,Model_9682,Van,28.4,44.0,23.7,25,39,None,5441,2.8
Hyundai,Model_9683,Compact,15.0,17.5,47.3,35,27,Driver & Passenger,5486,4.3
Honda,Model_9684,Compact,36.6,28.7,56.2,25,43,Driver & Passenger,4596,3.4
Nissan,Model_9685,Compact,28.8,21.3,62.7,19,21,Driver & Passenger,5145,2.5
BMW,Model_9686,SUV,18.4,34.5,45.0,29,29,Driver & Passenger,6412,1.1
Toyota,Model_9687,Small,42.7,54.4,18.9,34,33,Driver only,5189,3.7
Honda,Model_9688,SUV,9.0,48.3,14.9,30,47,Driver & Passenger,4924,3.8
Volkswagen,Model_9689,Large,35.0,22.1,26.8,17,43,Driver & Passenger,5729,5.0
Subaru,Model_9690,Compact,22.4,26.6,61.2,22,21,Driver & Passenger,4915,3.8
Kia,Model_9691,Compact,27.6,51.3,40.5,30,46,Driver & Passenger,5592,4.3
Mercedes-Benz,Model_9692,Sport,19.1,50.4,42.7,30,43,None,5259,1.7
Nissan,Model_9693,Sport,20.2,17.2,44.4,36,41,Driver & Passenger,4882,4.1
Audi,Model_9694,Midsize,9.1,47.3,29.6,18,32,Driver & Passenger,4844,2.4
Mercedes-Benz,Model_9695,Midsize,35.1,23.4,21.6,29,38,Driver & Passenger,5238,4.9
Nissan,Model_9696,Sport,34.4,34.5,62.6,33,47,Driver only,6106,2.8
Mercedes-Benz,Model_9697,Large,32.4,10.2,52.0,29,46,Driver only,5418,2.9
Mercedes-Benz,Model_9698,Midsize,40.5,54.9,39.1,27,26,Driver & Passenger,6390,3.0
Toyota,Model_9699,Van,41.4,44.2,32.0,24,31,Driver & Passenger,4283,2.2
Volkswagen,Model_9700,Van,28.8,20.9,37.6,16,25,Driver & Passenger,4080,2.5
Audi,Model_9701,Large,33.5,40.8,13.8,20,22,None,5372,2.6
Mazda,Model_9702,Sport,8.9,23.2,25.1,31,24,Driver & Passenger,4435,3.1
Mercedes-Benz,Model_9703,Midsize,39.4,14.0,25.3,22,23,Driver only,4770,1.6
Audi,Model_9704,Compact,38.3,29.1,35.6,30,33,Driver only,5292,3.4
Volkswagen,Model_9705,Sport,9.2,37.6,24.5,35,25,Driver & Passenger,5888,3.2
Lexus,Model_9706,Midsize,28.3,14.0,21.8,27,36,Driver only,6326,4.9
Mercedes-Benz,Model_9707,Large,41.6,33.3,52.6,37,36,Driver only,4726,4.5
Hyundai,Model_9708,Van,15.1,33.2,59.4,26,43,Driver & Passenger,5689,2.9
Honda,Model_9709,Large,21.4,38.3,15.6,30,32,Driver & Passenger,5927,3.8
Mazda,Model_9710,Midsize,20.6,21.0,23.1,21,43,Driver & Passenger,4470,3.6
Hyundai,Model_9711,Large,21.5,10.9,53.0,24,31,None,4438,1.9
Nissan,Model_9712,Midsize,10.0,24.6,55.2,20,44,Driver & Passenger,5563,2.3
Kia,Model_9713,Midsize,18.7,27.9,38.5,19,43,Driver & Passenger,6017,1.1
Hyundai,Model_9714,Large,19.3,38.6,48.8,32,21,Driver & Passenger,5770,1.4
Subaru,Model_9715,Small,40.1,51.9,16.1,30,33,Driver only,5298,2.2
Subaru,Model_9716,Compact,21.4,19.2,57.0,17,46,Driver & Passenger,6188,4.1
Kia,Model_9717,Sport,24.8,40.9,56.1,17,24,None,6316,3.9
Nissan,Model_9718,Van,22.4,14.4,48.8,19,27,Driver & Passenger,6099,4.9
Toyota,Model_9719,Compact,12.9,18.6,60.6,16,34,None,4246,2.5
Subaru,Model_9720,Sport,44.6,32.9,14.5,15,28,Driver & Passenger,6083,2.4
Hyundai,Model_9721,Sport,38.6,41.9,24.2,18,35,Driver only,4106,1.4
Subaru,Model_9722,Van,28.2,48.6,31.2,24,32,Driver & Passenger,4960,4.2
Nissan,Model_9723,Compact,25.9,43.5,20.4,27,41,Driver & Passenger,6034,1.7
BMW,Model_9724,Van,32.2,10.7,55.2,17,34,Driver & Passenger,4091,4.8
Honda,Model_9725,Midsize,20.4,40.8,52.1,25,23,Driver & Passenger,5206,2.3
BMW,Model_9726,Van,10.3,47.1,53.0,17,44,Driver only,4205,3.6
Subaru,Model_9727,Large,23.3,33.6,27.4,24,35,Driver & Passenger,6088,2.8
Mazda,Model_9728,Small,44.4,53.5,52.4,36,31,Driver & Passenger,5450,1.9
Chevrolet,Model_9729,Small,15.2,10.2,18.5,23,39,Driver & Passenger,4702,2.8
Nissan,Model_9730,Small,27.8,46.8,17.7,24,41,Driver & Passenger,4659,2.3
Ford,Model_9731,Compact,8.8,25.1,43.0,27,31,Driver only,4613,3.5
Lexus,Model_9732,Compact,13.0,39.3,14.6,32,34,Driver & Passenger,5770,3.2
Ford,Model_9733,Midsize,29.9,41.2,61.7,35,24,Driver & Passenger,6027,1.3
Mercedes-Benz,Model_9734,SUV,19.4,23.8,29.4,32,20,Driver & Passenger,6333,1.3
Audi,Model_9735,Small,41.6,54.8,37.3,36,39,None,5407,4.9
Kia,Model_9736,Midsize,23.3,14.6,55.1,31,45,Driver & Passenger,4583,2.2
Mercedes-Benz,Model_9737,SUV,16.1,17.1,33.2,31,22,Driver & Passenger,6303,1.4
Kia,Model_9738,Small,28.4,50.1,34.8,19,27,None,4093,1.7
Lexus,Model_9739,Compact,37.5,15.4,30.4,23,26,Driver & Passenger,4669,1.6
Volkswagen,Model_9740,SUV,9.2,27.2,30.6,26,32,None,5484,1.8
Kia,Model_9741,Large,27.0,43.0,36.8,26,29,Driver & Passenger,4030,1.2
BMW,Model_9742,Large,36.7,45.6,62.1,33,36,Driver & Passenger,4607,1.8
Honda,Model_9743,Large,12.3,53.0,61.6,21,30,Driver & Passenger,5315,4.8
Nissan,Model_9744,Van,41.5,45.5,40.9,34,27,Driver & Passenger,4572,3.3
Toyota,Model_9745,Large,18.2,48.0,36.2,37,42,Driver & Passenger,4924,2.3
Audi,Model_9746,Sport,14.7,52.7,54.8,26,34,Driver & Passenger,6031,4.2
Mazda,Model_9747,Small,30.0,34.9,48.1,23,31,Driver & Passenger,5953,4.6
Hyundai,Model_9748,Large,14.9,25.5,58.7,22,37,None,6009,1.3
Mazda,Model_9749,SUV,33.3,44.3,50.7,33,29,None,5258,2.4
Nissan,Model_9750,Sport,26.4,17.4,62.5,35,31,None,4284,4.3
Chevrolet,Model_9751,Sport,12.5,13.1,59.0,17,23,Driver & Passenger,4514,3.4
Kia,Model_9752,Sport,41.8,45.3,57.3,25,34,None,4339,3.7
Volkswagen,Model_9753,Midsize,33.1,52.8,32.8,26,37,Driver & Passenger,4536,3.2
Hyundai,Model_9754,SUV,28.4,29.9,32.5,31,44,Driver & Passenger,4232,1.3
Hyundai,Model_9755,Midsize,22.2,17.3,51.3,21,32,Driver & Passenger,4324,4.4
BMW,Model_9756,Sport,13.4,32.4,16.4,17,43,Driver & Passenger,5078,2.0
Hyundai,Model_9757,Van,34.3,27.7,29.1,21,36,Driver & Passenger,5463,1.4
Nissan,Model_9758,Large,38.2,26.8,61.4,21,20,Driver only,5265,2.4
Mercedes-Benz,Model_9759,Small,13.1,38.3,35.9,28,43,Driver only,4636,4.0
Chevrolet,Model_9760,SUV,26.6,17.9,26.3,16,24,Driver only,6024,4.5
BMW,Model_9761,Van,26.2,27.1,37.3,30,36,Driver & Passenger,5320,3.6
Chevrolet,Model_9762,Compact,21.3,49.1,27.3,35,46,None,4129,2.4
Kia,Model_9763,Midsize,37.3,42.8,52.7,24,39,Driver only,5541,3.9
Subaru,Model_9764,Large,12.1,12.5,57.1,28,37,Driver & Passenger,4227,4.1
BMW,Model_9765,Large,16.0,33.1,53.5,21,28,Driver & Passenger,4186,4.7
Honda,Model_9766,Compact,8.6,14.1,19.9,16,29,Driver only,5216,1.5
Hyundai,Model_9767,Compact,22.1,53.1,29.8,24,41,Driver & Passenger,5388,1.6
Ford,Model_9768,SUV,19.1,21.0,23.3,16,46,Driver & Passenger,5581,2.7
Mazda,Model_9769,Large,40.1,52.0,14.3,27,44,Driver & Passenger,4274,2.4
Honda,Model_9770,Compact,35.7,47.5,51.2,36,36,None,5280,4.1
Hyundai,Model_9771,Large,11.6,34.8,34.7,16,20,Driver & Passenger,4734,3.4
Audi,Model_9772,Van,35.5,25.1,26.7,24,46,Driver & Passenger,4017,1.4
Subaru,Model_9773,SUV,33.2,48.6,28.3,28,23,Driver only,5926,3.1
Ford,Model_9774,Compact,18.8,16.9,19.2,31,37,Driver only,4415,2.1
Honda,Model_9775,Van,9.1,18.1,55.8,33,34,Driver only,6274,2.6
Nissan,Model_9776,Van,12.7,20.1,19.6,26,34,Driver only,5247,1.3
Chevrolet,Model_9777,Compact,17.6,36.9,29.9,31,20,Driver & Passenger,6362,1.1
Hyundai,Model_9778,SUV,38.3,24.1,12.4,20,41,Driver & Passenger,6112,4.9
Mercedes-Benz,Model_9779,Large,25.5,54.5,35.1,18,43,Driver & Passenger,4992,4.0
Nissan,Model_9780,Sport,42.0,18.8,30.8,16,20,Driver & Passenger,4779,3.6
Ford,Model_9781,Large,37.3,46.3,50.1,29,30,Driver & Passenger,6220,3.7
Volkswagen,Model_9782,Small,19.0,14.3,49.9,37,30,Driver & Passenger,5687,3.6
Chevrolet,Model_9783,Compact,39.4,25.9,14.0,37,45,Driver only,4437,2.5
Lexus,Model_9784,Midsize,12.8,21.0,18.1,30,45,Driver only,6271,3.0
Hyundai,Model_9785,SUV,9.8,54.0,59.9,26,25,None,6070,4.7
Hyundai,Model_9786,Compact,30.7,11.2,54.0,21,20,Driver & Passenger,4344,2.5
Audi,Model_9787,Small,21.0,42.5,32.6,27,33,Driver & Passenger,4729,1.8
Ford,Model_9788,Van,20.5,21.1,20.8,15,43,Driver & Passenger,6324,1.2
Hyundai,Model_9789,Midsize,33.6,46.5,25.8,33,25,None,5733,2.0
Lexus,Model_9790,Midsize,39.5,24.0,46.9,27,36,Driver & Passenger,6197,1.5
Honda,Model_9791,Large,20.3,18.4,62.1,15,28,Driver & Passenger,6156,3.6
Mercedes-Benz,Model_9792,Sport,20.4,41.2,44.6,16,36,Driver & Passenger,5828,1.9
Hyundai,Model_9793,Large,28.0,21.6,13.4,15,44,Driver only,6333,2.3
Hyundai,Model_9794,SUV,32.3,31.8,46.5,26,33,Driver & Passenger,4876,1.4
Mercedes-Benz,Model_9795,Midsize,15.9,15.9,62.1,37,38,None,4075,2.7
Ford,Model_9796,Midsize,41.8,42.6,31.0,24,27,Driver only,5434,4.8
Hyundai,Model_9797,Sport,32.4,28.3,61.5,16,43,Driver only,6297,2.8
Subaru,Model_9798,SUV,31.3,16.3,47.5,15,42,Driver only,6125,4.0
Kia,Model_9799,Compact,41.5,43.4,22.1,19,31,Driver & Passenger,4884,3.3
Subaru,Model_9800,Sport,41.6,14.7,19.7,37,21,Driver only,5017,2.3
Honda,Model_9801,Van,13.4,35.9,21.3,16,22,Driver & Passenger,5649,4.8
Nissan,Model_9802,Large,13.8,37.3,49.1,18,40,None,5904,3.1
Ford,Model_9803,Compact,36.3,51.9,43.2,37,32,Driver & Passenger,4839,4.1
Kia,Model_9804,Large,43.4,16.8,36.1,28,24,Driver & Passenger,5255,1.5
Toyota,Model_9805,Sport,32.8,39.4,26.0,23,37,Driver & Passenger,5881,1.9
Audi,Model_9806,Compact,23.5,27.1,60.1,20,20,Driver & Passenger,4427,2.8
Kia,Model_9807,Sport,33.4,28.0,23.3,37,24,None,4048,4.1
Toyota,Model_9808,Van,16.9,32.6,27.0,26,40,Driver & Passenger,4179,4.3
Volkswagen,Model_9809,Small,44.9,20.5,14.9,26,31,Driver & Passenger,4326,4.9
Volkswagen,Model_9810,Midsize,24.2,30.8,26.6,23,38,Driver & Passenger,4671,4.8
Mazda,Model_9811,SUV,42.5,40.9,60.9,29,43,None,5641,2.7
Chevrolet,Model_9812,Compact,24.2,30.6,21.9,24,25,None,4112,3.1
Lexus,Model_9813,Midsize,42.4,11.9,22.8,16,21,None,5273,1.1
Kia,Model_9814,Small,20.8,21.6,43.8,37,21,Driver & Passenger,4529,3.0
BMW,Model_9815,Compact,36.3,25.8,42.0,32,39,Driver & Passenger,6005,1.1
Audi,Model_9816,Midsize,43.2,26.0,21.3,21,32,Driver & Passenger,5820,1.1
Kia,Model_9817,Midsize,32.1,13.6,20.2,23,33,Driver & Passenger,5695,3.2
Toyota,Model_9818,Compact,33.2,30.2,18.2,34,25,Driver only,4181,4.6
Lexus,Model_9819,Midsize,12.3,41.1,57.6,35,31,None,4496,4.9
BMW,Model_9820,Midsize,25.8,12.2,46.7,35,44,Driver & Passenger,4680,3.9
Audi,Model_9821,Compact,40.9,43.8,62.5,32,32,Driver & Passenger,4903,4.0
BMW,Model_9822,SUV,17.3,53.0,20.8,17,43,Driver & Passenger,4135,2.8
Honda,Model_9823,Midsize,37.3,10.4,36.4,27,27,Driver & Passenger,5660,3.3
Toyota,Model_9824,Midsize,33.2,18.7,51.4,24,33,Driver only,5453,3.3
Volkswagen,Model_9825,SUV,16.6,34.5,23.3,31,37,None,4544,1.3
Hyundai,Model_9826,Large,18.8,19.8,48.3,17,46,Driver & Passenger,4313,1.2
Honda,Model_9827,Van,24.1,44.4,37.1,35,23,Driver & Passenger,6126,1.6
Audi,Model_9828,Large,13.1,24.0,34.8,23,25,Driver & Passenger,4349,4.2
Audi,Model_9829,Small,41.8,23.2,46.2,31,41,Driver & Passenger,5988,3.2
Ford,Model_9830,Large,35.5,10.0,36.8,30,47,None,4082,3.4
Toyota,Model_9831,Large,21.8,22.2,55.5,20,45,None,4873,2.4
Mazda,Model_9832,Small,19.4,19.8,61.3,32,25,Driver & Passenger,4484,4.5
Mazda,Model_9833,Midsize,33.7,25.4,43.2,20,34,Driver & Passenger,4329,4.9
Audi,Model_9834,Midsize,24.0,16.6,27.9,20,43,Driver & Passenger,5952,1.9
Lexus,Model_9835,Large,16.9,36.8,53.2,31,43,None,4444,2.3
Hyundai,Model_9836,Small,24.2,20.7,21.0,35,32,Driver only,5111,2.3
Hyundai,Model_9837,Midsize,40.3,47.4,17.0,24,26,Driver & Passenger,5564,4.9
Hyundai,Model_9838,Sport,11.0,22.8,39.5,16,32,Driver & Passenger,5766,3.1
Hyundai,Model_9839,Compact,21.9,19.5,46.3,15,40,Driver & Passenger,5178,3.3
Mazda,Model_9840,Compact,43.6,12.6,56.3,25,25,Driver & Passenger,6061,2.5
Chevrolet,Model_9841,Van,9.0,43.3,62.6,20,25,Driver & Passenger,4508,4.6
Volkswagen,Model_9842,Compact,41.0,32.9,58.3,15,33,Driver & Passenger,4548,1.8
Ford,Model_9843,Large,22.2,15.1,64.4,30,22,Driver & Passenger,5507,2.8
Audi,Model_9844,Compact,15.4,20.0,37.2,23,30,Driver & Passenger,5239,1.9
Mazda,Model_9845,Compact,9.0,54.9,28.8,26,32,Driver only,5072,3.3
Toyota,Model_9846,Sport,11.1,46.3,36.4,23,22,Driver & Passenger,5770,3.2
Subaru,Model_9847,Midsize,14.8,25.7,46.1,27,31,None,6012,1.5
Kia,Model_9848,Sport,9.4,34.4,38.9,21,42,Driver & Passenger,6062,4.3
Hyundai,Model_9849,Large,20.8,28.7,45.6,15,41,Driver only,4516,1.5
Hyundai,Model_9850,Compact,10.1,11.6,59.0,17,40,None,5005,1.7
Mercedes-Benz,Model_9851,SUV,33.8,45.0,20.8,17,46,Driver & Passenger,5836,2.1
Hyundai,Model_9852,Midsize,38.4,42.3,18.4,33,41,Driver only,4896,4.3
Volkswagen,Model_9853,Van,40.9,28.4,38.4,18,41,Driver & Passenger,6350,1.8
Honda,Model_9854,Van,28.5,48.1,64.0,26,39,None,4289,1.9
Lexus,Model_9855,Compact,43.0,34.1,15.1,18,47,Driver & Passenger,4999,3.6
Subaru,Model_9856,Compact,8.7,12.9,64.3,35,46,Driver & Passenger,4135,4.3
Lexus,Model_9857,Van,13.4,21.7,63.3,24,24,Driver only,4237,3.8
Honda,Model_9858,Van,19.2,30.8,27.5,18,32,Driver & Passenger,4086,3.1
Chevrolet,Model_9859,SUV,37.3,14.7,59.2,37,42,Driver only,6275,3.6
BMW,Model_9860,Large,40.8,35.7,12.4,25,46,None,4429,3.2
Toyota,Model_9861,Compact,31.1,15.4,36.1,18,30,Driver only,4762,2.4
BMW,Model_9862,Van,22.5,19.0,33.3,25,36,Driver & Passenger,5603,3.8
Ford,Model_9863,SUV,32.8,50.2,59.8,31,47,None,5734,3.7
Hyundai,Model_9864,Small,15.1,55.0,37.0,35,29,None,5507,3.5
Ford,Model_9865,Van,25.2,34.8,34.2,36,31,Driver & Passenger,4597,3.5
Audi,Model_9866,Midsize,27.0,37.9,45.9,34,25,Driver & Passenger,5898,1.9
Subaru,Model_9867,Midsize,12.3,45.9,31.9,34,24,Driver & Passenger,5838,4.7
Toyota,Model_9868,Small,9.7,41.3,40.4,27,41,Driver & Passenger,6084,5.0
Subaru,Model_9869,Large,35.9,18.2,62.6,31,20,Driver & Passenger,4199,3.2
Audi,Model_9870,Compact,28.0,28.5,22.7,27,39,Driver only,5491,1.9
Nissan,Model_9871,Compact,20.6,34.1,36.3,31,43,Driver & Passenger,6090,2.3
Mazda,Model_9872,Van,24.5,26.2,12.8,33,39,Driver & Passenger,5304,4.0
Honda,Model_9873,Midsize,43.5,17.9,56.6,34,34,Driver & Passenger,5970,2.1
Hyundai,Model_9874,Large,22.5,43.1,16.9,29,35,Driver & Passenger,4763,3.4
Subaru,Model_9875,Large,12.3,18.9,17.0,18,29,None,4301,1.4
Hyundai,Model_9876,Large,25.4,21.7,58.8,32,43,Driver & Passenger,5978,4.9
Kia,Model_9877,Van,32.2,22.9,33.7,25,46,Driver only,4333,4.4
Audi,Model_9878,Compact,8.9,17.3,48.4,23,27,Driver only,5277,4.3
BMW,Model_9879,Large,20.6,48.2,57.5,30,21,Driver & Passenger,4853,4.1
Nissan,Model_9880,Van,22.9,37.5,31.8,17,41,None,4236,1.0
Honda,Model_9881,Van,25.4,47.6,25.9,32,26,Driver only,6382,1.3
Hyundai,Model_9882,Small,19.5,32.2,21.0,31,42,Driver & Passenger,4112,3.4
Audi,Model_9883,Sport,32.8,33.4,44.2,24,20,Driver & Passenger,4388,4.1
Subaru,Model_9884,Large,43.0,37.7,25.4,19,39,Driver & Passenger,4888,4.0
Nissan,Model_9885,Sport,41.9,26.7,45.6,29,42,Driver only,4689,3.1
Nissan,Model_9886,Compact,32.8,32.3,28.8,34,25,Driver & Passenger,5426,3.1
Hyundai,Model_9887,Van,27.0,34.6,30.4,32,32,Driver & Passenger,6356,1.4
Toyota,Model_9888,SUV,38.6,52.9,25.2,19,31,Driver only,5044,4.7
Ford,Model_9889,Large,39.0,49.7,34.2,29,38,Driver & Passenger,5324,2.3
Nissan,Model_9890,SUV,38.8,15.8,20.6,20,45,Driver only,5595,1.8
Mercedes-Benz,Model_9891,Midsize,14.3,11.9,28.9,22,45,Driver & Passenger,5972,3.4
Chevrolet,Model_9892,Compact,9.4,40.6,53.2,17,36,None,5873,1.1
Lexus,Model_9893,Small,44.4,12.2,23.4,19,24,None,4013,4.8
Mercedes-Benz,Model_9894,Small,43.5,12.7,62.2,32,46,Driver & Passenger,5621,2.5
Ford,Model_9895,Sport,29.1,17.2,38.1,29,43,Driver only,4614,2.2
Lexus,Model_9896,Van,44.7,25.8,17.7,26,34,Driver only,6269,1.6
Lexus,Model_9897,Sport,36.6,29.6,62.0,33,33,Driver & Passenger,5291,3.0
Honda,Model_9898,Midsize,27.4,33.4,36.2,21,22,Driver & Passenger,4688,2.6
Honda,Model_9899,Midsize,22.7,54.7,41.5,15,24,None,5739,2.2
Honda,Model_9900,Small,30.1,27.3,21.8,35,44,None,5142,1.5
Honda,Model_9901,SUV,27.3,20.9,29.7,16,33,None,6151,2.3
Chevrolet,Model_9902,Large,44.8,35.9,49.3,33,27,Driver only,4731,4.3
Mercedes-Benz,Model_9903,Small,26.4,19.7,18.6,27,30,None,5489,4.2
Subaru,Model_9904,Small,39.0,52.3,42.2,34,44,Driver only,5396,3.3
Audi,Model_9905,SUV,38.2,21.7,48.8,32,34,Driver only,4664,4.0
Hyundai,Model_9906,SUV,11.1,54.5,12.1,24,32,None,4882,3.4
Subaru,Model_9907,Midsize,11.7,28.8,56.4,27,24,Driver only,5050,1.5
Nissan,Model_9908,SUV,32.6,46.6,15.0,19,32,Driver only,6205,4.7
Honda,Model_9909,Sport,18.0,39.2,25.1,37,22,Driver & Passenger,5738,3.0
Volkswagen,Model_9910,Midsize,32.5,52.0,63.1,27,32,Driver & Passenger,5964,4.0
Ford,Model_9911,SUV,13.8,38.1,16.3,23,30,Driver & Passenger,5204,4.5
Ford,Model_9912,Van,23.0,36.2,55.8,15,28,Driver & Passenger,4300,4.5
Nissan,Model_9913,Midsize,12.2,39.4,46.6,36,23,Driver & Passenger,6492,4.7
Audi,Model_9914,Midsize,18.8,45.4,43.7,20,36,Driver only,4266,3.6
Kia,Model_9915,Small,11.7,50.4,42.8,15,34,None,4077,3.5
Kia,Model_9916,Large,43.9,22.0,20.8,32,46,Driver & Passenger,5749,2.0
Hyundai,Model_9917,Small,22.9,19.0,47.4,30,37,Driver & Passenger,5225,2.3
Mercedes-Benz,Model_9918,Compact,41.4,11.5,62.4,22,35,Driver & Passenger,4227,3.4
Audi,Model_9919,Midsize,43.9,26.7,16.1,20,43,Driver only,5047,2.0
Nissan,Model_9920,SUV,41.7,48.1,29.6,27,21,Driver & Passenger,6453,2.4
Kia,Model_9921,SUV,25.1,13.1,37.0,31,25,Driver & Passenger,5138,1.7
Kia,Model_9922,SUV,36.9,34.2,24.3,27,31,Driver only,5088,4.0
Kia,Model_9923,Midsize,14.1,41.3,51.3,24,24,None,5881,3.5
BMW,Model_9924,SUV,12.0,47.7,48.5,20,44,Driver & Passenger,5456,3.9
Volkswagen,Model_9925,Compact,40.5,36.3,18.2,37,43,Driver only,5089,2.8
Subaru,Model_9926,Midsize,9.6,18.4,42.2,32,36,Driver & Passenger,6477,3.9
Chevrolet,Model_9927,SUV,44.0,53.4,31.6,34,38,Driver only,4678,2.9
Nissan,Model_9928,Midsize,33.0,14.3,24.1,37,31,Driver only,4078,3.1
Mazda,Model_9929,Van,23.8,44.6,57.0,27,24,Driver & Passenger,4732,1.5
Toyota,Model_9930,Midsize,13.7,13.9,14.9,29,47,Driver & Passenger,5458,1.1
Subaru,Model_9931,Compact,34.9,16.5,36.8,20,43,Driver only,6452,4.0
Toyota,Model_9932,Small,29.1,50.4,37.2,25,26,Driver & Passenger,6464,4.6
Audi,Model_9933,Midsize,34.5,43.9,42.2,22,21,Driver & Passenger,4071,2.4
Lexus,Model_9934,Large,23.8,26.4,22.5,28,31,None,4165,4.4
Nissan,Model_9935,Compact,10.9,38.7,58.2,27,42,Driver & Passenger,6478,2.1
Lexus,Model_9936,Sport,20.0,30.6,63.2,36,24,None,4768,3.9
Nissan,Model_9937,Van,20.0,13.0,41.1,16,41,Driver & Passenger,4323,3.3
Toyota,Model_9938,Compact,8.8,42.5,25.6,15,27,Driver only,5997,1.1
Hyundai,Model_9939,Small,8.8,44.3,58.5,19,24,Driver only,5560,2.0
Toyota,Model_9940,SUV,20.6,49.7,64.4,25,35,Driver only,5651,3.5
Nissan,Model_9941,SUV,35.1,34.3,51.3,24,28,None,4367,1.8
Kia,Model_9942,Compact,31.3,40.3,29.7,26,20,Driver & Passenger,4184,3.4
Hyundai,Model_9943,Sport,17.2,29.7,24.5,24,24,Driver & Passenger,6227,3.8
Lexus,Model_9944,SUV,30.5,24.4,20.3,23,20,None,5926,2.4
Hyundai,Model_9945,Van,32.1,28.5,24.5,16,36,None,4902,3.8
Honda,Model_9946,Large,27.6,51.0,24.0,37,20,None,4951,3.6
Mercedes-Benz,Model_9947,Sport,27.5,17.4,63.3,18,34,Driver & Passenger,5958,4.9
Mazda,Model_9948,Compact,22.0,21.2,46.1,18,24,Driver only,6130,3.5
BMW,Model_9949,Sport,13.0,37.3,20.8,35,28,Driver & Passenger,4750,2.1
Volkswagen,Model_9950,SUV,22.6,15.2,37.9,20,37,Driver only,5787,2.0
Hyundai,Model_9951,SUV,21.1,50.1,21.8,26,25,None,4117,3.6
Chevrolet,Model_9952,Compact,30.1,12.1,44.1,21,40,None,4649,1.4
Honda,Model_9953,SUV,39.8,44.0,30.1,36,31,Driver only,4875,1.9
Ford,Model_9954,SUV,22.2,26.8,22.4,33,33,Driver & Passenger,4675,1.0
Toyota,Model_9955,Large,34.4,12.3,24.9,16,26,Driver & Passenger,4642,3.0
Mercedes-Benz,Model_9956,Large,38.1,47.9,47.8,36,26,Driver & Passenger,6380,4.1
Lexus,Model_9957,Small,16.2,38.8,33.6,33,38,Driver & Passenger,4396,3.0
Mazda,Model_9958,Large,41.4,10.4,39.2,18,25,Driver only,5199,2.1
Toyota,Model_9959,Midsize,11.1,22.0,55.5,17,22,Driver & Passenger,5598,4.4
Lexus,Model_9960,Sport,41.4,25.8,46.7,37,35,Driver only,6032,2.9
Mercedes-Benz,Model_9961,Sport,14.5,24.5,36.5,18,35,Driver only,5665,3.8
Volkswagen,Model_9962,Compact,20.8,32.4,62.6,28,37,Driver & Passenger,5980,4.9
Toyota,Model_9963,Large,30.6,33.7,23.4,20,24,Driver & Passenger,5978,4.3
Honda,Model_9964,Small,41.6,27.9,27.3,20,39,Driver only,4778,4.4
Kia,Model_9965,SUV,17.8,24.9,60.3,23,23,Driver only,4607,1.5
Subaru,Model_9966,Small,36.4,32.7,57.2,19,35,None,5411,3.2
Kia,Model_9967,Small,34.4,11.5,18.9,21,23,Driver & Passenger,4750,5.0
Hyundai,Model_9968,Van,14.3,39.0,61.3,27,43,Driver only,4540,2.3
BMW,Model_9969,SUV,26.0,37.3,12.5,15,32,Driver & Passenger,4144,1.2
Hyundai,Model_9970,Midsize,26.1,22.6,55.6,16,33,Driver & Passenger,4990,1.1
Toyota,Model_9971,Large,19.6,18.1,26.8,34,36,Driver & Passenger,5711,4.9
Audi,Model_9972,SUV,37.0,13.3,22.0,24,22,Driver & Passenger,5110,2.7
Kia,Model_9973,Small,42.3,36.4,35.8,37,44,Driver & Passenger,6351,2.1
Volkswagen,Model_9974,SUV,34.7,35.6,59.5,20,22,Driver only,5016,3.1
Nissan,Model_9975,Midsize,44.0,34.0,53.7,18,36,Driver & Passenger,4960,3.4
Subaru,Model_9976,Sport,10.3,54.4,63.3,22,32,Driver & Passenger,5226,4.5
Hyundai,Model_9977,Compact,9.9,33.9,40.7,28,40,Driver & Passenger,5280,2.8
Mazda,Model_9978,Large,41.1,42.5,39.1,30,39,Driver only,5670,4.4
Lexus,Model_9979,Large,41.3,15.1,12.7,29,29,Driver & Passenger,4373,2.0
Audi,Model_9980,Van,12.4,23.5,21.6,27,43,Driver & Passenger,5619,3.2
Honda,Model_9981,Sport,21.5,22.4,38.4,26,46,None,5733,4.1
Honda,Model_9982,Large,39.0,35.9,51.9,21,31,Driver & Passenger,5821,2.8
BMW,Model_9983,Van,13.2,24.9,55.6,29,46,Driver & Passenger,5904,2.1
BMW,Model_9984,Van,18.3,38.8,27.0,20,28,None,5605,4.2
Hyundai,Model_9985,Van,33.4,41.1,49.8,35,45,Driver & Passenger,4610,4.2
Subaru,Model_9986,Large,44.3,11.5,55.9,35,40,None,6131,2.1
Nissan,Model_9987,Large,37.6,38.8,31.9,28,20,Driver & Passenger,4165,3.4
Mazda,Model_9988,Large,36.9,15.3,48.9,29,23,Driver & Passenger,6205,2.0
Nissan,Model_9989,Midsize,21.0,30.9,35.2,37,38,None,4498,4.6
Ford,Model_9990,Van,32.6,42.7,64.2,25,25,Driver & Passenger,5120,1.3
Hyundai,Model_9991,Midsize,12.6,41.7,12.4,36,34,None,4309,2.5
BMW,Model_9992,Compact,44.7,23.5,34.0,18,37,None,6014,3.6
Hyundai,Model_9993,Large,26.0,22.3,26.0,37,24,Driver & Passenger,5935,4.4
Mercedes-Benz,Model_9994,SUV,31.8,29.8,57.0,19,27,Driver & Passenger,5295,4.2
Chevrolet,Model_9995,Sport,40.5,18.5,27.2,37,30,Driver only,6330,3.7
Toyota,Model_9996,Small,8.5,53.9,40.8,37,24,Driver & Passenger,5813,4.7
Toyota,Model_9997,Compact,44.1,25.5,51.2,16,40,Driver & Passenger,5069,1.1
Mercedes-Benz,Model_9998,SUV,21.6,51.5,38.4,34,27,Driver & Passenger,6432,4.9
Chevrolet,Model_9999,Small,20.9,50.9,33.8,29,30,Driver & Passenger,4501,2.4
